shape_id,shape_pt_lat,shape_pt_lon,shape_pt_sequence
pacifico_belen,9.9253945,-84.0811014,0
pacifico_belen,9.9257294,-84.0836314,1
pacifico_belen,9.9258004,-84.0844052,2
pacifico_belen,9.9258029,-84.084703,3
pacifico_belen,9.9257564,-84.0850864,4
pacifico_belen,9.9256818,-84.0853768,5
pacifico_belen,9.9255773,-84.0856152,6
pacifico_belen,9.9253837,-84.0861128,7
pacifico_belen,9.9252137,-84.0864369,8
pacifico_belen,9.9250369,-84.0868748,9
pacifico_belen,9.9249764,-84.0870523,10
pacifico_belen,9.924989,-84.0874217,11
pacifico_belen,9.9252757,-84.0892389,12
pacifico_belen,9.9253976,-84.0898437,13
pacifico_belen,9.9255076,-84.0904344,14
pacifico_belen,9.9255816,-84.0906049,15
pacifico_belen,9.9256598,-84.0907566,16
pacifico_belen,9.9258116,-84.0909738,17
pacifico_belen,9.9259238,-84.0910545,18
pacifico_belen,9.9259689,-84.0910992,19
pacifico_belen,9.9260257,-84.09114,20
pacifico_belen,9.9261842,-84.091254,21
pacifico_belen,9.9264878,-84.0914501,22
pacifico_belen,9.9269607,-84.0917519,23
pacifico_belen,9.9269607,-84.0917519,24
pacifico_belen,9.9271319,-84.0918611,25
pacifico_belen,9.9273064,-84.0919248,26
pacifico_belen,9.92750186,-84.09210541,27
pacifico_belen,9.9282132,-84.0925688,28
pacifico_belen,9.928478,-84.0927599,29
pacifico_belen,9.9289052,-84.0930263,30
pacifico_belen,9.9299259,-84.0937125,31
pacifico_belen,9.9302116,-84.0939136,32
pacifico_belen,9.9303611,-84.0940513,33
pacifico_belen,9.9305382,-84.0942428,34
pacifico_belen,9.9306868,-84.0944314,35
pacifico_belen,9.9308313,-84.0946484,36
pacifico_belen,9.9308862,-84.0947073,37
pacifico_belen,9.9316947,-84.0962424,38
pacifico_belen,9.9320095,-84.096875,39
pacifico_belen,9.9321681,-84.0972603,40
pacifico_belen,9.9322482,-84.097488,41
pacifico_belen,9.9323003,-84.0977075,42
pacifico_belen,9.9323561,-84.0982177,43
pacifico_belen,9.9323627,-84.0982979,44
pacifico_belen,9.9323793,-84.0984424,45
pacifico_belen,9.9324057,-84.0987077,46
pacifico_belen,9.9326467,-84.1014158,47
pacifico_belen,9.9326563,-84.1014151,48
pacifico_belen,9.9326563,-84.1014151,49
pacifico_belen,9.9334995,-84.1099142,50
pacifico_belen,9.9334995,-84.1099142,51
pacifico_belen,9.9335372,-84.1103089,52
pacifico_belen,9.9336421,-84.1114284,53
pacifico_belen,9.9338354,-84.1119459,54
pacifico_belen,9.9341474,-84.1123171,55
pacifico_belen,9.9344853,-84.1125672,56
pacifico_belen,9.9347997,-84.1126877,57
pacifico_belen,9.9354121,-84.1126823,58
pacifico_belen,9.935707,-84.1126616,59
pacifico_belen,9.9358435,-84.1126773,60
pacifico_belen,9.9359513,-84.1127081,61
pacifico_belen,9.9360803,-84.1127559,62
pacifico_belen,9.9361774,-84.1128082,63
pacifico_belen,9.9363284,-84.1129085,64
pacifico_belen,9.9364527,-84.1130095,65
pacifico_belen,9.9365531,-84.1131141,66
pacifico_belen,9.9366324,-84.1132214,67
pacifico_belen,9.9366958,-84.1133448,68
pacifico_belen,9.9367592,-84.1135567,69
pacifico_belen,9.936775,-84.1138061,70
pacifico_belen,9.9367909,-84.1144471,71
pacifico_belen,9.936775,-84.1150989,72
pacifico_belen,9.9367621,-84.1154394,73
pacifico_belen,9.9367783,-84.1156674,74
pacifico_belen,9.9367966,-84.1157881,75
pacifico_belen,9.9368955,-84.1163195,76
pacifico_belen,9.9369684,-84.1167884,77
pacifico_belen,9.9370198,-84.1171187,78
pacifico_belen,9.9371184,-84.1174587,79
pacifico_belen,9.9378877,-84.1193668,80
pacifico_belen,9.9378877,-84.1193668,81
pacifico_belen,9.9379988,-84.1196425,82
pacifico_belen,9.9382944,-84.1202932,83
pacifico_belen,9.9384759,-84.1205828,84
pacifico_belen,9.9386357,-84.1207226,85
pacifico_belen,9.9393833,-84.1213764,86
pacifico_belen,9.9398456,-84.1220143,87
pacifico_belen,9.9401587,-84.1227607,88
pacifico_belen,9.9402396,-84.1235259,89
pacifico_belen,9.9402355,-84.1237152,90
pacifico_belen,9.9402355,-84.1237152,91
pacifico_belen,9.9403739,-84.1237316,92
pacifico_belen,9.9401569,-84.1273819,93
pacifico_belen,9.9400121,-84.130606,94
pacifico_belen,9.9399871,-84.1315596,95
pacifico_belen,9.9399541,-84.1324677,96
pacifico_belen,9.93996,-84.1333511,97
pacifico_belen,9.9399761,-84.1335334,98
pacifico_belen,9.9399761,-84.1335334,99
pacifico_belen,9.9400393,-84.1342488,100
pacifico_belen,9.9400741,-84.1346063,101
pacifico_belen,9.940129,-84.1351172,102
pacifico_belen,9.9401334,-84.1351584,103
pacifico_belen,9.9401443,-84.1352011,104
pacifico_belen,9.9402052,-84.13544,105
pacifico_belen,9.9403245,-84.1357196,106
pacifico_belen,9.9404913,-84.1359072,107
pacifico_belen,9.9407277,-84.1360783,108
pacifico_belen,9.9407782,-84.1361102,109
pacifico_belen,9.9408153,-84.1361264,110
pacifico_belen,9.940893,-84.1361434,111
pacifico_belen,9.9410177,-84.1361691,112
pacifico_belen,9.941222,-84.1361764,113
pacifico_belen,9.9417103,-84.1361333,114
pacifico_belen,9.9426069,-84.1360214,115
pacifico_belen,9.9434921,-84.1359248,116
pacifico_belen,9.9439874,-84.1358682,117
pacifico_belen,9.9441934,-84.1358491,118
pacifico_belen,9.9444947,-84.1358265,119
pacifico_belen,9.9448979,-84.1358105,120
pacifico_belen,9.9451345,-84.1358763,121
pacifico_belen,9.945368,-84.1359982,122
pacifico_belen,9.9456094,-84.1362038,123
pacifico_belen,9.9457991,-84.136453,124
pacifico_belen,9.9461457,-84.1374652,125
pacifico_belen,9.9463192,-84.1380366,126
pacifico_belen,9.9463192,-84.1380366,127
pacifico_belen,9.9469399,-84.1400628,128
pacifico_belen,9.947496,-84.1421,129
pacifico_belen,9.9476398,-84.1424505,130
pacifico_belen,9.9478248,-84.1427591,131
pacifico_belen,9.9481148,-84.1430724,132
pacifico_belen,9.9484209,-84.1433056,133
pacifico_belen,9.9493497,-84.1437941,134
pacifico_belen,9.9493497,-84.1437941,135
pacifico_belen,9.9498597,-84.1440878,136
pacifico_belen,9.9498709,-84.1440943,137
pacifico_belen,9.9512865,-84.1448767,138
pacifico_belen,9.9535703,-84.1460022,139
pacifico_belen,9.9537889,-84.1461154,140
pacifico_belen,9.9539983,-84.1462897,141
pacifico_belen,9.9541803,-84.1465164,142
pacifico_belen,9.9543582,-84.1468083,143
pacifico_belen,9.955132,-84.1485207,144
pacifico_belen,9.9556673,-84.1497053,145
pacifico_belen,9.955766,-84.1498934,146
pacifico_belen,9.955766,-84.1498934,147
pacifico_belen,9.9559195,-84.1500782,148
pacifico_belen,9.956142,-84.1502948,149
pacifico_belen,9.9562952,-84.150403,150
pacifico_belen,9.9564417,-84.1504816,151
pacifico_belen,9.9569459,-84.1506836,152
pacifico_belen,9.957101,-84.1507712,153
pacifico_belen,9.9572144,-84.1508221,154
pacifico_belen,9.9573359,-84.1509105,155
pacifico_belen,9.9575594,-84.151059,156
pacifico_belen,9.9576935,-84.1511888,157
pacifico_belen,9.9578623,-84.15138,158
pacifico_belen,9.9588981,-84.1530463,159
pacifico_belen,9.9597493,-84.1544204,160
pacifico_belen,9.9616592,-84.1574295,161
pacifico_belen,9.9618536,-84.1577814,162
pacifico_belen,9.9619297,-84.1580303,163
pacifico_belen,9.9619551,-84.1586569,164
pacifico_belen,9.962048,-84.1592577,165
pacifico_belen,9.9622124,-84.1596532,166
pacifico_belen,9.9623777,-84.1598843,167
pacifico_belen,9.9632479,-84.161048,168
pacifico_belen,9.9641615,-84.1615065,169
pacifico_belen,9.9644151,-84.1617811,170
pacifico_belen,9.9646264,-84.1621588,171
pacifico_belen,9.9649645,-84.1629656,172
pacifico_belen,9.9650848,-84.1633237,173
pacifico_belen,9.9653196,-84.1639956,174
pacifico_belen,9.965514,-84.1642531,175
pacifico_belen,9.965793,-84.164605,176
pacifico_belen,9.9661227,-84.165695,177
pacifico_belen,9.9661565,-84.1660298,178
pacifico_belen,9.9660804,-84.1665791,179
pacifico_belen,9.9661819,-84.1669825,180
pacifico_belen,9.9664186,-84.1672538,181
pacifico_belen,9.9668652,-84.1676427,182
pacifico_belen,9.9678895,-84.1690682,183
pacifico_belen,9.9681769,-84.16936,184
pacifico_belen,9.9685488,-84.1694887,185
pacifico_belen,9.9704931,-84.1703642,186
pacifico_belen,9.9717358,-84.1706904,187
pacifico_belen,9.972243,-84.1709307,188
pacifico_belen,9.972784,-84.1713255,189
pacifico_belen,9.9731306,-84.1717632,190
pacifico_belen,9.9734011,-84.1722439,191
pacifico_belen,9.973604,-84.172716,192
pacifico_belen,9.9737139,-84.1731795,193
pacifico_belen,9.9737562,-84.1738318,194
pacifico_belen,9.9737731,-84.1753681,195
pacifico_belen,9.9739252,-84.1766642,196
pacifico_belen,9.9741112,-84.1776169,197
pacifico_belen,9.974361,-84.1781875,198
pacifico_belen,9.974361,-84.1781875,199
pacifico_belen,9.9744155,-84.1783121,200
pacifico_belen,9.9744622,-84.1783816,201
pacifico_belen,9.974779,-84.1788529,202
pacifico_belen,9.9750918,-84.1792219,203
pacifico_belen,9.975413,-84.179488,204
pacifico_belen,9.9757417,-84.1798155,205
pacifico_belen,9.9758695,-84.1799429,206
pacifico_belen,9.9763851,-84.1804407,207
pacifico_belen,9.9767571,-84.1806896,208
pacifico_belen,9.9770529,-84.1808184,209
pacifico_belen,9.9775433,-84.1808634,210
pacifico_belen,9.9778276,-84.1808959,211
pacifico_belen,9.9781399,-84.1809304,212
pacifico_belen,9.9784983,-84.1810097,213
pacifico_belen,9.9786304,-84.1810788,214
pacifico_belen,9.9787445,-84.1811784,215
pacifico_belen,9.9788886,-84.1813492,216
pacifico_belen,9.9789867,-84.1815179,217
pacifico_belen,9.9790388,-84.1816825,218
pacifico_belen,9.9790888,-84.1819793,219
pacifico_belen,9.9790969,-84.1822009,220
pacifico_belen,9.9790989,-84.1823513,221
pacifico_belen,9.9790928,-84.1824753,222
pacifico_belen,9.9790408,-84.1827172,223
pacifico_belen,9.9788586,-84.1833087,224
pacifico_belen,9.9785043,-84.1847012,225
pacifico_belen,9.9784986,-84.1848199,226
pacifico_belen,9.9784607,-84.1849399,227
cfia_metropoli,9.9252818,-84.0371297,0
cfia_metropoli,9.9273253,-84.0391439,1
cfia_metropoli,9.9276345,-84.0394379,2
cfia_metropoli,9.9300262,-84.0417014,3
cfia_metropoli,9.9304082,-84.0418368,4
cfia_metropoli,9.9309168,-84.0419831,5
cfia_metropoli,9.9312972,-84.0421986,6
cfia_metropoli,9.93169,-84.0424946,7
cfia_metropoli,9.9319024,-84.0426701,8
cfia_metropoli,9.9321414,-84.0429751,9
cfia_metropoli,9.9323369,-84.043285,10
cfia_metropoli,9.9324705,-84.0435545,11
cfia_metropoli,9.9324705,-84.0435545,12
cfia_metropoli,9.9325526,-84.0438187,13
cfia_metropoli,9.9326027,-84.0439976,14
cfia_metropoli,9.9326307,-84.0444387,15
cfia_metropoli,9.932641,-84.0448184,16
cfia_metropoli,9.9326429,-84.0448899,17
cfia_metropoli,9.9326469,-84.0450655,18
cfia_metropoli,9.9326892,-84.045777,19
cfia_metropoli,9.9327383,-84.0467622,20
cfia_metropoli,9.9327561,-84.0469136,21
cfia_metropoli,9.9328589,-84.0477108,22
cfia_metropoli,9.9329369,-84.0481679,23
cfia_metropoli,9.9332136,-84.0493276,24
cfia_metropoli,9.9332674,-84.0495966,25
cfia_metropoli,9.9334745,-84.0503073,26
cfia_metropoli,9.9336837,-84.051054,27
cfia_metropoli,9.9339859,-84.0521666,28
cfia_metropoli,9.9340324,-84.0523175,29
cfia_metropoli,9.9340346,-84.05241899,30
cfia_metropoli,9.9341796,-84.0528887,31
cfia_metropoli,9.9341796,-84.0528887,32
cfia_metropoli,9.9344104,-84.0536339,33
cfia_metropoli,9.9344573,-84.0537972,34
cfia_metropoli,9.9349123,-84.0553234,35
cfia_metropoli,9.9349514,-84.0554471,36
cfia_metropoli,9.9349716,-84.0555179,37
cfia_metropoli,9.935085,-84.0559143,38
cfia_metropoli,9.9351827,-84.056271,39
cfia_metropoli,9.9352778,-84.0566251,40
cfia_metropoli,9.9353809,-84.0570515,41
cfia_metropoli,9.9354263,-84.0573417,42
cfia_metropoli,9.9354447,-84.0576149,43
cfia_metropoli,9.9354472,-84.0577088,44
cfia_metropoli,9.935449,-84.0578346,45
cfia_metropoli,9.9354493,-84.0578951,46
cfia_metropoli,9.935424,-84.0582103,47
cfia_metropoli,9.9353703,-84.0585294,48
cfia_metropoli,9.934974,-84.0599349,49
cfia_metropoli,9.9347494,-84.0607128,50
cfia_metropoli,9.9346013,-84.0612067,51
cfia_metropoli,9.9345539,-84.0613648,52
cfia_metropoli,9.9343135,-84.0621665,53
cfia_metropoli,9.9339051,-84.0635476,54
cfia_metropoli,9.93386,-84.0637196,55
cfia_metropoli,9.9336919,-84.0643327,56
cfia_metropoli,9.9335883,-84.0648111,57
cfia_metropoli,9.9335683,-84.0649459,58
cfia_metropoli,9.9335552,-84.0650526,59
cfia_metropoli,9.9335423,-84.0653349,60
cfia_metropoli,9.9335718,-84.0656888,61
cfia_metropoli,9.9336275,-84.0661287,62
cfia_metropoli,9.9336442,-84.066215,63
cfia_metropoli,9.9336536,-84.0662543,64
cfia_metropoli,9.9337832,-84.0666193,65
cfia_metropoli,9.9340078,-84.0670711,66
cfia_metropoli,9.9340801,-84.0672424,67
cfia_metropoli,9.9341662,-84.0674254,68
cfia_metropoli,9.9343165,-84.0677596,69
cfia_metropoli,9.9343972,-84.067946,70
cfia_metropoli,9.9347342,-84.0686116,71
cfia_metropoli,9.9347298,-84.068614,72
cfia_metropoli,9.9347849,-84.0687269,73
cfia_metropoli,9.9348741,-84.0689369,74
cfia_metropoli,9.9348741,-84.0689369,75
cfia_metropoli,9.9347849,-84.0687269,76
cfia_metropoli,9.9347342,-84.0686116,77
cfia_metropoli,9.9343972,-84.067946,78
cfia_metropoli,9.9343165,-84.0677596,79
cfia_metropoli,9.9341662,-84.0674254,80
cfia_metropoli,9.9340801,-84.0672424,81
cfia_metropoli,9.9340078,-84.0670711,82
cfia_metropoli,9.9337832,-84.0666193,83
cfia_metropoli,9.9336536,-84.0662543,84
cfia_metropoli,9.9336442,-84.066215,85
cfia_metropoli,9.9336275,-84.0661287,86
cfia_metropoli,9.9335718,-84.0656888,87
cfia_metropoli,9.9335423,-84.0653349,88
cfia_metropoli,9.9335552,-84.0650526,89
cfia_metropoli,9.9335683,-84.0649459,90
cfia_metropoli,9.9335883,-84.0648111,91
cfia_metropoli,9.9336919,-84.0643327,92
cfia_metropoli,9.93386,-84.0637196,93
cfia_metropoli,9.9339051,-84.0635476,94
cfia_metropoli,9.9338934,-84.0632555,95
cfia_metropoli,9.9338538,-84.0630543,96
cfia_metropoli,9.9337772,-84.0628666,97
cfia_metropoli,9.9336266,-84.0626734,98
cfia_metropoli,9.933513,-84.0625742,99
cfia_metropoli,9.9333914,-84.0624991,100
cfia_metropoli,9.9331517,-84.0624012,101
cfia_metropoli,9.9328815,-84.0623865,102
cfia_metropoli,9.9326226,-84.0624294,103
cfia_metropoli,9.9324482,-84.0625098,104
cfia_metropoli,9.9322025,-84.0626895,105
cfia_metropoli,9.9319727,-84.062939,106
cfia_metropoli,9.9318829,-84.0630999,107
cfia_metropoli,9.9317909,-84.0632935,108
cfia_metropoli,9.9317982,-84.0638305,109
cfia_metropoli,9.9318601,-84.0643195,110
cfia_metropoli,9.9319546,-84.0646937,111
cfia_metropoli,9.9320424,-84.0650798,112
cfia_metropoli,9.9320656,-84.0652956,113
cfia_metropoli,9.932069,-84.0653951,114
cfia_metropoli,9.9320708,-84.0654868,115
cfia_metropoli,9.932034,-84.0656278,116
cfia_metropoli,9.9320171,-84.065646,117
cfia_metropoli,9.9319766,-84.0657133,118
cfia_metropoli,9.9318825,-84.0658726,119
cfia_metropoli,9.9315591,-84.0663747,120
cfia_metropoli,9.9314579,-84.0665335,121
cfia_metropoli,9.9313728,-84.0667109,122
cfia_metropoli,9.9313013,-84.0669606,123
cfia_metropoli,9.9312486,-84.0672643,124
cfia_metropoli,9.9312532,-84.0675936,125
cfia_metropoli,9.9313153,-84.0678878,126
cfia_metropoli,9.9314307,-84.0681863,127
cfia_metropoli,9.9319769,-84.0692549,128
cfia_metropoli,9.932044,-84.0693697,129
cfia_metropoli,9.9321114,-84.0695759,130
cfia_metropoli,9.932163,-84.0700585,131
cfia_metropoli,9.9321644,-84.0701113,132
cfia_metropoli,9.9321482,-84.0705146,133
cfia_metropoli,9.9321183,-84.0707967,134
cfia_metropoli,9.932063,-84.071038,135
cfia_metropoli,9.9320045,-84.0712178,136
cfia_metropoli,9.9318228,-84.0715658,137
cfia_metropoli,9.931663,-84.0718639,138
cfia_metropoli,9.9312756,-84.0725767,139
cfia_metropoli,9.9312756,-84.0725767,140
cfia_metropoli,9.9312068,-84.0727059,141
cfia_metropoli,9.9311851,-84.0727575,142
cfia_metropoli,9.9311337,-84.0728796,143
cfia_metropoli,9.9309536,-84.0729907,144
cfia_metropoli,9.9308689,-84.0730492,145
cfia_metropoli,9.9307374,-84.0731224,146
cfia_metropoli,9.9306293,-84.0731681,147
cfia_metropoli,9.9301951,-84.0731828,148
cfia_metropoli,9.9294115,-84.0732285,149
cfia_metropoli,9.928865,-84.0732596,150
cfia_metropoli,9.9283552,-84.0732729,151
cfia_metropoli,9.9278973,-84.073298,152
cfia_metropoli,9.9273891,-84.0733182,153
cfia_metropoli,9.9268467,-84.073331,154
cfia_metropoli,9.9261057,-84.0733682,155
cfia_metropoli,9.9259232,-84.073426,156
cfia_metropoli,9.9257754,-84.0734821,157
cfia_metropoli,9.9257026,-84.0735136,158
cfia_metropoli,9.9256595,-84.0735292,159
cfia_metropoli,9.9254993,-84.0736507,160
cfia_metropoli,9.9253187,-84.0738048,161
cfia_metropoli,9.9252034,-84.073948,162
cfia_metropoli,9.925085,-84.0741406,163
cfia_metropoli,9.9250258,-84.0743336,164
cfia_metropoli,9.9250258,-84.0743336,165
cfia_metropoli,9.9249434,-84.0746097,166
cfia_metropoli,9.9249291,-84.0747599,167
cfia_metropoli,9.9249314,-84.0748187,168
cfia_metropoli,9.9250057,-84.0756998,169
cfia_metropoli,9.9250817,-84.076611,170
cfia_metropoli,9.9251296,-84.0771475,171
cfia_metropoli,9.9251862,-84.0777445,172
cfia_metropoli,9.9253116,-84.0791117,173
cfia_metropoli,9.9253156,-84.0791463,174
cfia_metropoli,9.9253651,-84.0797588,175
cfia_metropoli,9.9253866,-84.0799658,176
cfia_metropoli,9.92540567,-84.0802126,177
cfia_metropoli,9.925431,-84.0803734,178
cfia_metropoli,9.92541693,-84.0803725,179
cfia_metropoli,9.9253576,-84.0803989,180
cfia_metropoli,9.9253523,-84.0806108,181
cfia_metropoli,9.92537369,-84.0808722,182
cfia_metropoli,9.9253945,-84.0811014,183
cfia_metropoli,9.9253945,-84.0811014,184
cfia_metropoli,9.9257294,-84.0836314,185
cfia_metropoli,9.9258004,-84.0844052,186
cfia_metropoli,9.9258029,-84.084703,187
cfia_metropoli,9.9257564,-84.0850864,188
cfia_metropoli,9.9256818,-84.0853768,189
cfia_metropoli,9.9255773,-84.0856152,190
cfia_metropoli,9.9253837,-84.0861128,191
cfia_metropoli,9.9252137,-84.0864369,192
cfia_metropoli,9.9250369,-84.0868748,193
cfia_metropoli,9.9249764,-84.0870523,194
cfia_metropoli,9.924989,-84.0874217,195
cfia_metropoli,9.9252757,-84.0892389,196
cfia_metropoli,9.9253976,-84.0898437,197
cfia_metropoli,9.9255076,-84.0904344,198
cfia_metropoli,9.9255816,-84.0906049,199
cfia_metropoli,9.9256598,-84.0907566,200
cfia_metropoli,9.9258116,-84.0909738,201
cfia_metropoli,9.9259238,-84.0910545,202
cfia_metropoli,9.9259689,-84.0910992,203
cfia_metropoli,9.9260257,-84.09114,204
cfia_metropoli,9.9261842,-84.091254,205
cfia_metropoli,9.9264878,-84.0914501,206
cfia_metropoli,9.9269607,-84.0917519,207
cfia_metropoli,9.9269607,-84.0917519,208
cfia_metropoli,9.9271319,-84.0918611,209
cfia_metropoli,9.9273064,-84.0919248,210
cfia_metropoli,9.92750186,-84.09210541,211
cfia_metropoli,9.9282132,-84.0925688,212
cfia_metropoli,9.928478,-84.0927599,213
cfia_metropoli,9.9289052,-84.0930263,214
cfia_metropoli,9.9299259,-84.0937125,215
cfia_metropoli,9.9302116,-84.0939136,216
cfia_metropoli,9.9303611,-84.0940513,217
cfia_metropoli,9.9305382,-84.0942428,218
cfia_metropoli,9.9306868,-84.0944314,219
cfia_metropoli,9.9308313,-84.0946484,220
cfia_metropoli,9.9308862,-84.0947073,221
cfia_metropoli,9.9316947,-84.0962424,222
cfia_metropoli,9.9320095,-84.096875,223
cfia_metropoli,9.9321681,-84.0972603,224
cfia_metropoli,9.9322482,-84.097488,225
cfia_metropoli,9.9323003,-84.0977075,226
cfia_metropoli,9.9323561,-84.0982177,227
cfia_metropoli,9.9323627,-84.0982979,228
cfia_metropoli,9.9323793,-84.0984424,229
cfia_metropoli,9.9324057,-84.0987077,230
cfia_metropoli,9.9326467,-84.1014158,231
cfia_metropoli,9.9326563,-84.1014151,232
cfia_metropoli,9.9326563,-84.1014151,233
cfia_metropoli,9.9334995,-84.1099142,234
cfia_metropoli,9.9334995,-84.1099142,235
cfia_metropoli,9.9335372,-84.1103089,236
cfia_metropoli,9.9336421,-84.1114284,237
cfia_metropoli,9.9338354,-84.1119459,238
cfia_metropoli,9.9341474,-84.1123171,239
cfia_metropoli,9.9344853,-84.1125672,240
cfia_metropoli,9.9347997,-84.1126877,241
cfia_metropoli,9.9354121,-84.1126823,242
cfia_metropoli,9.935707,-84.1126616,243
cfia_metropoli,9.9358435,-84.1126773,244
cfia_metropoli,9.9359513,-84.1127081,245
cfia_metropoli,9.9360803,-84.1127559,246
cfia_metropoli,9.9361774,-84.1128082,247
cfia_metropoli,9.9363284,-84.1129085,248
cfia_metropoli,9.9364527,-84.1130095,249
cfia_metropoli,9.9365531,-84.1131141,250
cfia_metropoli,9.9366324,-84.1132214,251
cfia_metropoli,9.9366958,-84.1133448,252
cfia_metropoli,9.9367592,-84.1135567,253
cfia_metropoli,9.936775,-84.1138061,254
cfia_metropoli,9.9367909,-84.1144471,255
cfia_metropoli,9.936775,-84.1150989,256
cfia_metropoli,9.9367621,-84.1154394,257
cfia_metropoli,9.9367783,-84.1156674,258
cfia_metropoli,9.9367966,-84.1157881,259
cfia_metropoli,9.9368955,-84.1163195,260
cfia_metropoli,9.9369684,-84.1167884,261
cfia_metropoli,9.9370198,-84.1171187,262
cfia_metropoli,9.9371184,-84.1174587,263
cfia_metropoli,9.9378877,-84.1193668,264
cfia_metropoli,9.9378877,-84.1193668,265
cfia_metropoli,9.9379988,-84.1196425,266
cfia_metropoli,9.9382944,-84.1202932,267
cfia_metropoli,9.9384759,-84.1205828,268
cfia_metropoli,9.9386357,-84.1207226,269
cfia_metropoli,9.9393833,-84.1213764,270
cfia_metropoli,9.9398456,-84.1220143,271
cfia_metropoli,9.9401587,-84.1227607,272
cfia_metropoli,9.9402396,-84.1235259,273
cfia_metropoli,9.9402355,-84.1237152,274
cfia_metropoli,9.9402355,-84.1237152,275
cfia_metropoli,9.9403739,-84.1237316,276
cfia_metropoli,9.9401569,-84.1273819,277
cfia_metropoli,9.9400121,-84.130606,278
cfia_metropoli,9.9399871,-84.1315596,279
cfia_metropoli,9.9399541,-84.1324677,280
cfia_metropoli,9.93996,-84.1333511,281
cfia_metropoli,9.9399761,-84.1335334,282
cfia_metropoli,9.9399761,-84.1335334,283
cfia_metropoli,9.9400393,-84.1342488,284
cfia_metropoli,9.9400741,-84.1346063,285
cfia_metropoli,9.940129,-84.1351172,286
cfia_metropoli,9.9401334,-84.1351584,287
cfia_metropoli,9.9401443,-84.1352011,288
cfia_metropoli,9.9402052,-84.13544,289
cfia_metropoli,9.9403245,-84.1357196,290
cfia_metropoli,9.9404913,-84.1359072,291
cfia_metropoli,9.9407277,-84.1360783,292
cfia_metropoli,9.9407782,-84.1361102,293
cfia_metropoli,9.9408153,-84.1361264,294
cfia_metropoli,9.940893,-84.1361434,295
cfia_metropoli,9.9410177,-84.1361691,296
cfia_metropoli,9.941222,-84.1361764,297
cfia_metropoli,9.9417103,-84.1361333,298
cfia_metropoli,9.9426069,-84.1360214,299
cfia_metropoli,9.9434921,-84.1359248,300
cfia_metropoli,9.9439874,-84.1358682,301
cfia_metropoli,9.9441934,-84.1358491,302
cfia_metropoli,9.9444947,-84.1358265,303
cfia_metropoli,9.9448979,-84.1358105,304
cfia_metropoli,9.9451345,-84.1358763,305
cfia_metropoli,9.945368,-84.1359982,306
cfia_metropoli,9.9456094,-84.1362038,307
cfia_metropoli,9.9457991,-84.136453,308
cfia_metropoli,9.9461457,-84.1374652,309
cfia_metropoli,9.9463192,-84.1380366,310
cfia_metropoli,9.9463192,-84.1380366,311
cfia_metropoli,9.9469399,-84.1400628,312
cfia_metropoli,9.947496,-84.1421,313
cfia_metropoli,9.9476398,-84.1424505,314
cfia_metropoli,9.9478248,-84.1427591,315
cfia_metropoli,9.9481148,-84.1430724,316
cfia_metropoli,9.9484209,-84.1433056,317
cfia_metropoli,9.9493497,-84.1437941,318
cfia_metropoli,9.9493497,-84.1437941,319
cfia_metropoli,9.9498597,-84.1440878,320
cfia_metropoli,9.9498709,-84.1440943,321
cfia_metropoli,9.9512865,-84.1448767,322
cfia_metropoli,9.9535703,-84.1460022,323
cfia_metropoli,9.9537889,-84.1461154,324
cfia_metropoli,9.9539983,-84.1462897,325
cfia_metropoli,9.9541803,-84.1465164,326
cfia_metropoli,9.9543582,-84.1468083,327
cfia_metropoli,9.955132,-84.1485207,328
cfia_metropoli,9.9556673,-84.1497053,329
cfia_metropoli,9.955766,-84.1498934,330
cfia_metropoli,9.955766,-84.1498934,331
cfia_metropoli,9.9559195,-84.1500782,332
cfia_metropoli,9.956142,-84.1502948,333
cfia_metropoli,9.9562952,-84.150403,334
cfia_metropoli,9.9564417,-84.1504816,335
cfia_metropoli,9.9569459,-84.1506836,336
cfia_metropoli,9.957101,-84.1507712,337
cfia_metropoli,9.9572144,-84.1508221,338
cfia_metropoli,9.9573359,-84.1509105,339
cfia_metropoli,9.9575594,-84.151059,340
cfia_metropoli,9.9576935,-84.1511888,341
cfia_metropoli,9.9578623,-84.15138,342
cfia_metropoli,9.9588981,-84.1530463,343
cfia_metropoli,9.9597493,-84.1544204,344
cfia_metropoli,9.9616592,-84.1574295,345
cfia_metropoli,9.9618536,-84.1577814,346
cfia_metropoli,9.9619297,-84.1580303,347
cfia_metropoli,9.9619551,-84.1586569,348
cfia_metropoli,9.962048,-84.1592577,349
cfia_metropoli,9.9622124,-84.1596532,350
cfia_metropoli,9.9623777,-84.1598843,351
cfia_metropoli,9.9632479,-84.161048,352
cfia_metropoli,9.9641615,-84.1615065,353
cfia_metropoli,9.9644151,-84.1617811,354
cfia_metropoli,9.9646264,-84.1621588,355
cfia_metropoli,9.9649645,-84.1629656,356
cfia_metropoli,9.9650848,-84.1633237,357
cfia_metropoli,9.9653196,-84.1639956,358
cfia_metropoli,9.965514,-84.1642531,359
cfia_metropoli,9.965793,-84.164605,360
cfia_metropoli,9.9661227,-84.165695,361
cfia_metropoli,9.9661565,-84.1660298,362
cfia_metropoli,9.9660804,-84.1665791,363
cfia_metropoli,9.9661819,-84.1669825,364
cfia_metropoli,9.9664186,-84.1672538,365
cfia_metropoli,9.9668652,-84.1676427,366
cfia_metropoli,9.9678895,-84.1690682,367
cfia_metropoli,9.9681769,-84.16936,368
cfia_metropoli,9.9685488,-84.1694887,369
cfia_metropoli,9.9704931,-84.1703642,370
cfia_metropoli,9.9717358,-84.1706904,371
cfia_metropoli,9.972243,-84.1709307,372
cfia_metropoli,9.972784,-84.1713255,373
cfia_metropoli,9.9731306,-84.1717632,374
cfia_metropoli,9.9734011,-84.1722439,375
cfia_metropoli,9.973604,-84.172716,376
cfia_metropoli,9.9737139,-84.1731795,377
cfia_metropoli,9.9737562,-84.1738318,378
cfia_metropoli,9.9737731,-84.1753681,379
cfia_metropoli,9.9739252,-84.1766642,380
cfia_metropoli,9.9741112,-84.1776169,381
cfia_metropoli,9.974361,-84.1781875,382
cfia_metropoli,9.974361,-84.1781875,383
cfia_metropoli,9.9744155,-84.1783121,384
cfia_metropoli,9.9744622,-84.1783816,385
cfia_metropoli,9.974779,-84.1788529,386
cfia_metropoli,9.9750918,-84.1792219,387
cfia_metropoli,9.975413,-84.179488,388
cfia_metropoli,9.9757417,-84.1798155,389
cfia_metropoli,9.9758695,-84.1799429,390
cfia_metropoli,9.9763851,-84.1804407,391
cfia_metropoli,9.9767571,-84.1806896,392
cfia_metropoli,9.9770529,-84.1808184,393
cfia_metropoli,9.9775433,-84.1808634,394
cfia_metropoli,9.9778276,-84.1808959,395
cfia_metropoli,9.9781399,-84.1809304,396
cfia_metropoli,9.9784983,-84.1810097,397
cfia_metropoli,9.9786304,-84.1810788,398
cfia_metropoli,9.9787445,-84.1811784,399
cfia_metropoli,9.9788886,-84.1813492,400
cfia_metropoli,9.9789867,-84.1815179,401
cfia_metropoli,9.9790388,-84.1816825,402
cfia_metropoli,9.9790888,-84.1819793,403
cfia_metropoli,9.9790969,-84.1822009,404
cfia_metropoli,9.9790989,-84.1823513,405
cfia_metropoli,9.9790928,-84.1824753,406
cfia_metropoli,9.9790408,-84.1827172,407
cfia_metropoli,9.9788586,-84.1833087,408
cfia_metropoli,9.9785043,-84.1847012,409
cfia_metropoli,9.9784986,-84.1848199,410
cfia_metropoli,9.9784607,-84.1849399,411
pacifico_metropoli,9.9253945,-84.0811014,0
pacifico_metropoli,9.9257294,-84.0836314,1
pacifico_metropoli,9.9258004,-84.0844052,2
pacifico_metropoli,9.9258029,-84.084703,3
pacifico_metropoli,9.9257564,-84.0850864,4
pacifico_metropoli,9.9256818,-84.0853768,5
pacifico_metropoli,9.9255773,-84.0856152,6
pacifico_metropoli,9.9253837,-84.0861128,7
pacifico_metropoli,9.9252137,-84.0864369,8
pacifico_metropoli,9.9250369,-84.0868748,9
pacifico_metropoli,9.9249764,-84.0870523,10
pacifico_metropoli,9.924989,-84.0874217,11
pacifico_metropoli,9.9252757,-84.0892389,12
pacifico_metropoli,9.9253976,-84.0898437,13
pacifico_metropoli,9.9255076,-84.0904344,14
pacifico_metropoli,9.9255816,-84.0906049,15
pacifico_metropoli,9.9256598,-84.0907566,16
pacifico_metropoli,9.9258116,-84.0909738,17
pacifico_metropoli,9.9259238,-84.0910545,18
pacifico_metropoli,9.9259689,-84.0910992,19
pacifico_metropoli,9.9260257,-84.09114,20
pacifico_metropoli,9.9261842,-84.091254,21
pacifico_metropoli,9.9264878,-84.0914501,22
pacifico_metropoli,9.9269607,-84.0917519,23
pacifico_metropoli,9.9269607,-84.0917519,24
pacifico_metropoli,9.9271319,-84.0918611,25
pacifico_metropoli,9.9273064,-84.0919248,26
pacifico_metropoli,9.92750186,-84.09210541,27
pacifico_metropoli,9.9282132,-84.0925688,28
pacifico_metropoli,9.928478,-84.0927599,29
pacifico_metropoli,9.9289052,-84.0930263,30
pacifico_metropoli,9.9299259,-84.0937125,31
pacifico_metropoli,9.9302116,-84.0939136,32
pacifico_metropoli,9.9303611,-84.0940513,33
pacifico_metropoli,9.9305382,-84.0942428,34
pacifico_metropoli,9.9306868,-84.0944314,35
pacifico_metropoli,9.9308313,-84.0946484,36
pacifico_metropoli,9.9308862,-84.0947073,37
pacifico_metropoli,9.9316947,-84.0962424,38
pacifico_metropoli,9.9320095,-84.096875,39
pacifico_metropoli,9.9321681,-84.0972603,40
pacifico_metropoli,9.9322482,-84.097488,41
pacifico_metropoli,9.9323003,-84.0977075,42
pacifico_metropoli,9.9323561,-84.0982177,43
pacifico_metropoli,9.9323627,-84.0982979,44
pacifico_metropoli,9.9323793,-84.0984424,45
pacifico_metropoli,9.9324057,-84.0987077,46
pacifico_metropoli,9.9326467,-84.1014158,47
pacifico_metropoli,9.9326563,-84.1014151,48
pacifico_metropoli,9.9326563,-84.1014151,49
pacifico_metropoli,9.9334995,-84.1099142,50
pacifico_metropoli,9.9334995,-84.1099142,51
pacifico_metropoli,9.9335372,-84.1103089,52
pacifico_metropoli,9.9336421,-84.1114284,53
pacifico_metropoli,9.9338354,-84.1119459,54
pacifico_metropoli,9.9341474,-84.1123171,55
pacifico_metropoli,9.9344853,-84.1125672,56
pacifico_metropoli,9.9347997,-84.1126877,57
pacifico_metropoli,9.9354121,-84.1126823,58
pacifico_metropoli,9.935707,-84.1126616,59
pacifico_metropoli,9.9358435,-84.1126773,60
pacifico_metropoli,9.9359513,-84.1127081,61
pacifico_metropoli,9.9360803,-84.1127559,62
pacifico_metropoli,9.9361774,-84.1128082,63
pacifico_metropoli,9.9363284,-84.1129085,64
pacifico_metropoli,9.9364527,-84.1130095,65
pacifico_metropoli,9.9365531,-84.1131141,66
pacifico_metropoli,9.9366324,-84.1132214,67
pacifico_metropoli,9.9366958,-84.1133448,68
pacifico_metropoli,9.9367592,-84.1135567,69
pacifico_metropoli,9.936775,-84.1138061,70
pacifico_metropoli,9.9367909,-84.1144471,71
pacifico_metropoli,9.936775,-84.1150989,72
pacifico_metropoli,9.9367621,-84.1154394,73
pacifico_metropoli,9.9367783,-84.1156674,74
pacifico_metropoli,9.9367966,-84.1157881,75
pacifico_metropoli,9.9368955,-84.1163195,76
pacifico_metropoli,9.9369684,-84.1167884,77
pacifico_metropoli,9.9370198,-84.1171187,78
pacifico_metropoli,9.9371184,-84.1174587,79
pacifico_metropoli,9.9378877,-84.1193668,80
pacifico_metropoli,9.9378877,-84.1193668,81
pacifico_metropoli,9.9379988,-84.1196425,82
pacifico_metropoli,9.9382944,-84.1202932,83
pacifico_metropoli,9.9384759,-84.1205828,84
pacifico_metropoli,9.9386357,-84.1207226,85
pacifico_metropoli,9.9393833,-84.1213764,86
pacifico_metropoli,9.9398456,-84.1220143,87
pacifico_metropoli,9.9401587,-84.1227607,88
pacifico_metropoli,9.9402396,-84.1235259,89
pacifico_metropoli,9.9402355,-84.1237152,90
pacifico_metropoli,9.9402355,-84.1237152,91
pacifico_metropoli,9.9403739,-84.1237316,92
pacifico_metropoli,9.9401569,-84.1273819,93
pacifico_metropoli,9.9400121,-84.130606,94
pacifico_metropoli,9.9399871,-84.1315596,95
pacifico_metropoli,9.9399541,-84.1324677,96
pacifico_metropoli,9.93996,-84.1333511,97
pacifico_metropoli,9.9399761,-84.1335334,98
pacifico_metropoli,9.9399761,-84.1335334,99
pacifico_metropoli,9.9400393,-84.1342488,100
pacifico_metropoli,9.9400741,-84.1346063,101
pacifico_metropoli,9.940129,-84.1351172,102
pacifico_metropoli,9.9401334,-84.1351584,103
pacifico_metropoli,9.9401443,-84.1352011,104
pacifico_metropoli,9.9402052,-84.13544,105
pacifico_metropoli,9.9403245,-84.1357196,106
pacifico_metropoli,9.9404913,-84.1359072,107
pacifico_metropoli,9.9407277,-84.1360783,108
pacifico_metropoli,9.9407782,-84.1361102,109
pacifico_metropoli,9.9408153,-84.1361264,110
pacifico_metropoli,9.940893,-84.1361434,111
pacifico_metropoli,9.9410177,-84.1361691,112
pacifico_metropoli,9.941222,-84.1361764,113
pacifico_metropoli,9.9417103,-84.1361333,114
pacifico_metropoli,9.9426069,-84.1360214,115
pacifico_metropoli,9.9434921,-84.1359248,116
pacifico_metropoli,9.9439874,-84.1358682,117
pacifico_metropoli,9.9441934,-84.1358491,118
pacifico_metropoli,9.9444947,-84.1358265,119
pacifico_metropoli,9.9448979,-84.1358105,120
pacifico_metropoli,9.9451345,-84.1358763,121
pacifico_metropoli,9.945368,-84.1359982,122
pacifico_metropoli,9.9456094,-84.1362038,123
pacifico_metropoli,9.9457991,-84.136453,124
pacifico_metropoli,9.9461457,-84.1374652,125
pacifico_metropoli,9.9463192,-84.1380366,126
pacifico_metropoli,9.9463192,-84.1380366,127
pacifico_metropoli,9.9469399,-84.1400628,128
pacifico_metropoli,9.947496,-84.1421,129
pacifico_metropoli,9.9476398,-84.1424505,130
pacifico_metropoli,9.9478248,-84.1427591,131
pacifico_metropoli,9.9481148,-84.1430724,132
pacifico_metropoli,9.9484209,-84.1433056,133
pacifico_metropoli,9.9493497,-84.1437941,134
pacifico_metropoli,9.9493497,-84.1437941,135
pacifico_metropoli,9.9498597,-84.1440878,136
pacifico_metropoli,9.9498709,-84.1440943,137
pacifico_metropoli,9.9512865,-84.1448767,138
pacifico_metropoli,9.9535703,-84.1460022,139
pacifico_metropoli,9.9537889,-84.1461154,140
pacifico_metropoli,9.9539983,-84.1462897,141
pacifico_metropoli,9.9541803,-84.1465164,142
pacifico_metropoli,9.9543582,-84.1468083,143
pacifico_metropoli,9.955132,-84.1485207,144
pacifico_metropoli,9.9556673,-84.1497053,145
pacifico_metropoli,9.955766,-84.1498934,146
atlantico_belen,9.9348741,-84.0689369,0
atlantico_belen,9.9347849,-84.0687269,1
atlantico_belen,9.9347342,-84.0686116,2
atlantico_belen,9.9343972,-84.067946,3
atlantico_belen,9.9343165,-84.0677596,4
atlantico_belen,9.9341662,-84.0674254,5
atlantico_belen,9.9340801,-84.0672424,6
atlantico_belen,9.9340078,-84.0670711,7
atlantico_belen,9.9337832,-84.0666193,8
atlantico_belen,9.9336536,-84.0662543,9
atlantico_belen,9.9336442,-84.066215,10
atlantico_belen,9.9336275,-84.0661287,11
atlantico_belen,9.9335718,-84.0656888,12
atlantico_belen,9.9335423,-84.0653349,13
atlantico_belen,9.9335552,-84.0650526,14
atlantico_belen,9.9335683,-84.0649459,15
atlantico_belen,9.9335883,-84.0648111,16
atlantico_belen,9.9336919,-84.0643327,17
atlantico_belen,9.93386,-84.0637196,18
atlantico_belen,9.9339051,-84.0635476,19
atlantico_belen,9.9338934,-84.0632555,20
atlantico_belen,9.9338538,-84.0630543,21
atlantico_belen,9.9337772,-84.0628666,22
atlantico_belen,9.9336266,-84.0626734,23
atlantico_belen,9.933513,-84.0625742,24
atlantico_belen,9.9333914,-84.0624991,25
atlantico_belen,9.9331517,-84.0624012,26
atlantico_belen,9.9328815,-84.0623865,27
atlantico_belen,9.9326226,-84.0624294,28
atlantico_belen,9.9324482,-84.0625098,29
atlantico_belen,9.9322025,-84.0626895,30
atlantico_belen,9.9319727,-84.062939,31
atlantico_belen,9.9318829,-84.0630999,32
atlantico_belen,9.9317909,-84.0632935,33
atlantico_belen,9.9317982,-84.0638305,34
atlantico_belen,9.9318601,-84.0643195,35
atlantico_belen,9.9319546,-84.0646937,36
atlantico_belen,9.9320424,-84.0650798,37
atlantico_belen,9.9320656,-84.0652956,38
atlantico_belen,9.932069,-84.0653951,39
atlantico_belen,9.9320708,-84.0654868,40
atlantico_belen,9.932034,-84.0656278,41
atlantico_belen,9.9320171,-84.065646,42
atlantico_belen,9.9319766,-84.0657133,43
atlantico_belen,9.9318825,-84.0658726,44
atlantico_belen,9.9315591,-84.0663747,45
atlantico_belen,9.9314579,-84.0665335,46
atlantico_belen,9.9313728,-84.0667109,47
atlantico_belen,9.9313013,-84.0669606,48
atlantico_belen,9.9312486,-84.0672643,49
atlantico_belen,9.9312532,-84.0675936,50
atlantico_belen,9.9313153,-84.0678878,51
atlantico_belen,9.9314307,-84.0681863,52
atlantico_belen,9.9319769,-84.0692549,53
atlantico_belen,9.932044,-84.0693697,54
atlantico_belen,9.9321114,-84.0695759,55
atlantico_belen,9.932163,-84.0700585,56
atlantico_belen,9.9321644,-84.0701113,57
atlantico_belen,9.9321482,-84.0705146,58
atlantico_belen,9.9321183,-84.0707967,59
atlantico_belen,9.932063,-84.071038,60
atlantico_belen,9.9320045,-84.0712178,61
atlantico_belen,9.9318228,-84.0715658,62
atlantico_belen,9.931663,-84.0718639,63
atlantico_belen,9.9312756,-84.0725767,64
atlantico_belen,9.9312756,-84.0725767,65
atlantico_belen,9.9312068,-84.0727059,66
atlantico_belen,9.9311851,-84.0727575,67
atlantico_belen,9.9311337,-84.0728796,68
atlantico_belen,9.9309536,-84.0729907,69
atlantico_belen,9.9308689,-84.0730492,70
atlantico_belen,9.9307374,-84.0731224,71
atlantico_belen,9.9306293,-84.0731681,72
atlantico_belen,9.9301951,-84.0731828,73
atlantico_belen,9.9294115,-84.0732285,74
atlantico_belen,9.928865,-84.0732596,75
atlantico_belen,9.9283552,-84.0732729,76
atlantico_belen,9.9278973,-84.073298,77
atlantico_belen,9.9273891,-84.0733182,78
atlantico_belen,9.9268467,-84.073331,79
atlantico_belen,9.9261057,-84.0733682,80
atlantico_belen,9.9259232,-84.073426,81
atlantico_belen,9.9257754,-84.0734821,82
atlantico_belen,9.9257026,-84.0735136,83
atlantico_belen,9.9256595,-84.0735292,84
atlantico_belen,9.9254993,-84.0736507,85
atlantico_belen,9.9253187,-84.0738048,86
atlantico_belen,9.9252034,-84.073948,87
atlantico_belen,9.925085,-84.0741406,88
atlantico_belen,9.9250258,-84.0743336,89
atlantico_belen,9.9250258,-84.0743336,90
atlantico_belen,9.9249434,-84.0746097,91
atlantico_belen,9.9249291,-84.0747599,92
atlantico_belen,9.9249314,-84.0748187,93
atlantico_belen,9.9250057,-84.0756998,94
atlantico_belen,9.9250817,-84.076611,95
atlantico_belen,9.9251296,-84.0771475,96
atlantico_belen,9.9251862,-84.0777445,97
atlantico_belen,9.9253116,-84.0791117,98
atlantico_belen,9.9253156,-84.0791463,99
atlantico_belen,9.9253651,-84.0797588,100
atlantico_belen,9.9253866,-84.0799658,101
atlantico_belen,9.92540567,-84.0802126,102
atlantico_belen,9.925431,-84.0803734,103
atlantico_belen,9.92541693,-84.0803725,104
atlantico_belen,9.9253576,-84.0803989,105
atlantico_belen,9.9253523,-84.0806108,106
atlantico_belen,9.92537369,-84.0808722,107
atlantico_belen,9.9253945,-84.0811014,108
atlantico_belen,9.9253945,-84.0811014,109
atlantico_belen,9.9257294,-84.0836314,110
atlantico_belen,9.9258004,-84.0844052,111
atlantico_belen,9.9258029,-84.084703,112
atlantico_belen,9.9257564,-84.0850864,113
atlantico_belen,9.9256818,-84.0853768,114
atlantico_belen,9.9255773,-84.0856152,115
atlantico_belen,9.9253837,-84.0861128,116
atlantico_belen,9.9252137,-84.0864369,117
atlantico_belen,9.9250369,-84.0868748,118
atlantico_belen,9.9249764,-84.0870523,119
atlantico_belen,9.924989,-84.0874217,120
atlantico_belen,9.9252757,-84.0892389,121
atlantico_belen,9.9253976,-84.0898437,122
atlantico_belen,9.9255076,-84.0904344,123
atlantico_belen,9.9255816,-84.0906049,124
atlantico_belen,9.9256598,-84.0907566,125
atlantico_belen,9.9258116,-84.0909738,126
atlantico_belen,9.9259238,-84.0910545,127
atlantico_belen,9.9259689,-84.0910992,128
atlantico_belen,9.9260257,-84.09114,129
atlantico_belen,9.9261842,-84.091254,130
atlantico_belen,9.9264878,-84.0914501,131
atlantico_belen,9.9269607,-84.0917519,132
atlantico_belen,9.9269607,-84.0917519,133
atlantico_belen,9.9271319,-84.0918611,134
atlantico_belen,9.9273064,-84.0919248,135
atlantico_belen,9.92750186,-84.09210541,136
atlantico_belen,9.9282132,-84.0925688,137
atlantico_belen,9.928478,-84.0927599,138
atlantico_belen,9.9289052,-84.0930263,139
atlantico_belen,9.9299259,-84.0937125,140
atlantico_belen,9.9302116,-84.0939136,141
atlantico_belen,9.9303611,-84.0940513,142
atlantico_belen,9.9305382,-84.0942428,143
atlantico_belen,9.9306868,-84.0944314,144
atlantico_belen,9.9308313,-84.0946484,145
atlantico_belen,9.9308862,-84.0947073,146
atlantico_belen,9.9316947,-84.0962424,147
atlantico_belen,9.9320095,-84.096875,148
atlantico_belen,9.9321681,-84.0972603,149
atlantico_belen,9.9322482,-84.097488,150
atlantico_belen,9.9323003,-84.0977075,151
atlantico_belen,9.9323561,-84.0982177,152
atlantico_belen,9.9323627,-84.0982979,153
atlantico_belen,9.9323793,-84.0984424,154
atlantico_belen,9.9324057,-84.0987077,155
atlantico_belen,9.9326467,-84.1014158,156
atlantico_belen,9.9326563,-84.1014151,157
atlantico_belen,9.9326563,-84.1014151,158
atlantico_belen,9.9334995,-84.1099142,159
atlantico_belen,9.9334995,-84.1099142,160
atlantico_belen,9.9335372,-84.1103089,161
atlantico_belen,9.9336421,-84.1114284,162
atlantico_belen,9.9338354,-84.1119459,163
atlantico_belen,9.9341474,-84.1123171,164
atlantico_belen,9.9344853,-84.1125672,165
atlantico_belen,9.9347997,-84.1126877,166
atlantico_belen,9.9354121,-84.1126823,167
atlantico_belen,9.935707,-84.1126616,168
atlantico_belen,9.9358435,-84.1126773,169
atlantico_belen,9.9359513,-84.1127081,170
atlantico_belen,9.9360803,-84.1127559,171
atlantico_belen,9.9361774,-84.1128082,172
atlantico_belen,9.9363284,-84.1129085,173
atlantico_belen,9.9364527,-84.1130095,174
atlantico_belen,9.9365531,-84.1131141,175
atlantico_belen,9.9366324,-84.1132214,176
atlantico_belen,9.9366958,-84.1133448,177
atlantico_belen,9.9367592,-84.1135567,178
atlantico_belen,9.936775,-84.1138061,179
atlantico_belen,9.9367909,-84.1144471,180
atlantico_belen,9.936775,-84.1150989,181
atlantico_belen,9.9367621,-84.1154394,182
atlantico_belen,9.9367783,-84.1156674,183
atlantico_belen,9.9367966,-84.1157881,184
atlantico_belen,9.9368955,-84.1163195,185
atlantico_belen,9.9369684,-84.1167884,186
atlantico_belen,9.9370198,-84.1171187,187
atlantico_belen,9.9371184,-84.1174587,188
atlantico_belen,9.9378877,-84.1193668,189
atlantico_belen,9.9378877,-84.1193668,190
atlantico_belen,9.9379988,-84.1196425,191
atlantico_belen,9.9382944,-84.1202932,192
atlantico_belen,9.9384759,-84.1205828,193
atlantico_belen,9.9386357,-84.1207226,194
atlantico_belen,9.9393833,-84.1213764,195
atlantico_belen,9.9398456,-84.1220143,196
atlantico_belen,9.9401587,-84.1227607,197
atlantico_belen,9.9402396,-84.1235259,198
atlantico_belen,9.9402355,-84.1237152,199
atlantico_belen,9.9402355,-84.1237152,200
atlantico_belen,9.9403739,-84.1237316,201
atlantico_belen,9.9401569,-84.1273819,202
atlantico_belen,9.9400121,-84.130606,203
atlantico_belen,9.9399871,-84.1315596,204
atlantico_belen,9.9399541,-84.1324677,205
atlantico_belen,9.93996,-84.1333511,206
atlantico_belen,9.9399761,-84.1335334,207
atlantico_belen,9.9399761,-84.1335334,208
atlantico_belen,9.9400393,-84.1342488,209
atlantico_belen,9.9400741,-84.1346063,210
atlantico_belen,9.940129,-84.1351172,211
atlantico_belen,9.9401334,-84.1351584,212
atlantico_belen,9.9401443,-84.1352011,213
atlantico_belen,9.9402052,-84.13544,214
atlantico_belen,9.9403245,-84.1357196,215
atlantico_belen,9.9404913,-84.1359072,216
atlantico_belen,9.9407277,-84.1360783,217
atlantico_belen,9.9407782,-84.1361102,218
atlantico_belen,9.9408153,-84.1361264,219
atlantico_belen,9.940893,-84.1361434,220
atlantico_belen,9.9410177,-84.1361691,221
atlantico_belen,9.941222,-84.1361764,222
atlantico_belen,9.9417103,-84.1361333,223
atlantico_belen,9.9426069,-84.1360214,224
atlantico_belen,9.9434921,-84.1359248,225
atlantico_belen,9.9439874,-84.1358682,226
atlantico_belen,9.9441934,-84.1358491,227
atlantico_belen,9.9444947,-84.1358265,228
atlantico_belen,9.9448979,-84.1358105,229
atlantico_belen,9.9451345,-84.1358763,230
atlantico_belen,9.945368,-84.1359982,231
atlantico_belen,9.9456094,-84.1362038,232
atlantico_belen,9.9457991,-84.136453,233
atlantico_belen,9.9461457,-84.1374652,234
atlantico_belen,9.9463192,-84.1380366,235
atlantico_belen,9.9463192,-84.1380366,236
atlantico_belen,9.9469399,-84.1400628,237
atlantico_belen,9.947496,-84.1421,238
atlantico_belen,9.9476398,-84.1424505,239
atlantico_belen,9.9478248,-84.1427591,240
atlantico_belen,9.9481148,-84.1430724,241
atlantico_belen,9.9484209,-84.1433056,242
atlantico_belen,9.9493497,-84.1437941,243
atlantico_belen,9.9493497,-84.1437941,244
atlantico_belen,9.9498597,-84.1440878,245
atlantico_belen,9.9498709,-84.1440943,246
atlantico_belen,9.9512865,-84.1448767,247
atlantico_belen,9.9535703,-84.1460022,248
atlantico_belen,9.9537889,-84.1461154,249
atlantico_belen,9.9539983,-84.1462897,250
atlantico_belen,9.9541803,-84.1465164,251
atlantico_belen,9.9543582,-84.1468083,252
atlantico_belen,9.955132,-84.1485207,253
atlantico_belen,9.9556673,-84.1497053,254
atlantico_belen,9.955766,-84.1498934,255
atlantico_belen,9.955766,-84.1498934,256
atlantico_belen,9.9559195,-84.1500782,257
atlantico_belen,9.956142,-84.1502948,258
atlantico_belen,9.9562952,-84.150403,259
atlantico_belen,9.9564417,-84.1504816,260
atlantico_belen,9.9569459,-84.1506836,261
atlantico_belen,9.957101,-84.1507712,262
atlantico_belen,9.9572144,-84.1508221,263
atlantico_belen,9.9573359,-84.1509105,264
atlantico_belen,9.9575594,-84.151059,265
atlantico_belen,9.9576935,-84.1511888,266
atlantico_belen,9.9578623,-84.15138,267
atlantico_belen,9.9588981,-84.1530463,268
atlantico_belen,9.9597493,-84.1544204,269
atlantico_belen,9.9616592,-84.1574295,270
atlantico_belen,9.9618536,-84.1577814,271
atlantico_belen,9.9619297,-84.1580303,272
atlantico_belen,9.9619551,-84.1586569,273
atlantico_belen,9.962048,-84.1592577,274
atlantico_belen,9.9622124,-84.1596532,275
atlantico_belen,9.9623777,-84.1598843,276
atlantico_belen,9.9632479,-84.161048,277
atlantico_belen,9.9641615,-84.1615065,278
atlantico_belen,9.9644151,-84.1617811,279
atlantico_belen,9.9646264,-84.1621588,280
atlantico_belen,9.9649645,-84.1629656,281
atlantico_belen,9.9650848,-84.1633237,282
atlantico_belen,9.9653196,-84.1639956,283
atlantico_belen,9.965514,-84.1642531,284
atlantico_belen,9.965793,-84.164605,285
atlantico_belen,9.9661227,-84.165695,286
atlantico_belen,9.9661565,-84.1660298,287
atlantico_belen,9.9660804,-84.1665791,288
atlantico_belen,9.9661819,-84.1669825,289
atlantico_belen,9.9664186,-84.1672538,290
atlantico_belen,9.9668652,-84.1676427,291
atlantico_belen,9.9678895,-84.1690682,292
atlantico_belen,9.9681769,-84.16936,293
atlantico_belen,9.9685488,-84.1694887,294
atlantico_belen,9.9704931,-84.1703642,295
atlantico_belen,9.9717358,-84.1706904,296
atlantico_belen,9.972243,-84.1709307,297
atlantico_belen,9.972784,-84.1713255,298
atlantico_belen,9.9731306,-84.1717632,299
atlantico_belen,9.9734011,-84.1722439,300
atlantico_belen,9.973604,-84.172716,301
atlantico_belen,9.9737139,-84.1731795,302
atlantico_belen,9.9737562,-84.1738318,303
atlantico_belen,9.9737731,-84.1753681,304
atlantico_belen,9.9739252,-84.1766642,305
atlantico_belen,9.9741112,-84.1776169,306
atlantico_belen,9.974361,-84.1781875,307
atlantico_belen,9.974361,-84.1781875,308
atlantico_belen,9.9744155,-84.1783121,309
atlantico_belen,9.9744622,-84.1783816,310
atlantico_belen,9.974779,-84.1788529,311
atlantico_belen,9.9750918,-84.1792219,312
atlantico_belen,9.975413,-84.179488,313
atlantico_belen,9.9757417,-84.1798155,314
atlantico_belen,9.9758695,-84.1799429,315
atlantico_belen,9.9763851,-84.1804407,316
atlantico_belen,9.9767571,-84.1806896,317
atlantico_belen,9.9770529,-84.1808184,318
atlantico_belen,9.9775433,-84.1808634,319
atlantico_belen,9.9778276,-84.1808959,320
atlantico_belen,9.9781399,-84.1809304,321
atlantico_belen,9.9784983,-84.1810097,322
atlantico_belen,9.9786304,-84.1810788,323
atlantico_belen,9.9787445,-84.1811784,324
atlantico_belen,9.9788886,-84.1813492,325
atlantico_belen,9.9789867,-84.1815179,326
atlantico_belen,9.9790388,-84.1816825,327
atlantico_belen,9.9790888,-84.1819793,328
atlantico_belen,9.9790969,-84.1822009,329
atlantico_belen,9.9790989,-84.1823513,330
atlantico_belen,9.9790928,-84.1824753,331
atlantico_belen,9.9790408,-84.1827172,332
atlantico_belen,9.9788586,-84.1833087,333
atlantico_belen,9.9785043,-84.1847012,334
atlantico_belen,9.9784986,-84.1848199,335
atlantico_belen,9.9784607,-84.1849399,336
belen_pacifico,9.9784607,-84.1849399,0
belen_pacifico,9.9784986,-84.1848199,1
belen_pacifico,9.9785043,-84.1847012,2
belen_pacifico,9.9788586,-84.1833087,3
belen_pacifico,9.9790408,-84.1827172,4
belen_pacifico,9.9790928,-84.1824753,5
belen_pacifico,9.9790989,-84.1823513,6
belen_pacifico,9.9790969,-84.1822009,7
belen_pacifico,9.9790888,-84.1819793,8
belen_pacifico,9.9790388,-84.1816825,9
belen_pacifico,9.9789867,-84.1815179,10
belen_pacifico,9.9788886,-84.1813492,11
belen_pacifico,9.9787445,-84.1811784,12
belen_pacifico,9.9786304,-84.1810788,13
belen_pacifico,9.9784983,-84.1810097,14
belen_pacifico,9.9781399,-84.1809304,15
belen_pacifico,9.9778276,-84.1808959,16
belen_pacifico,9.9775433,-84.1808634,17
belen_pacifico,9.9770529,-84.1808184,18
belen_pacifico,9.9767571,-84.1806896,19
belen_pacifico,9.9763851,-84.1804407,20
belen_pacifico,9.9758695,-84.1799429,21
belen_pacifico,9.9757417,-84.1798155,22
belen_pacifico,9.975413,-84.179488,23
belen_pacifico,9.9750918,-84.1792219,24
belen_pacifico,9.974779,-84.1788529,25
belen_pacifico,9.9744622,-84.1783816,26
belen_pacifico,9.9744155,-84.1783121,27
belen_pacifico,9.974361,-84.1781875,28
belen_pacifico,9.974361,-84.1781875,29
belen_pacifico,9.9741112,-84.1776169,30
belen_pacifico,9.9739252,-84.1766642,31
belen_pacifico,9.9737731,-84.1753681,32
belen_pacifico,9.9737562,-84.1738318,33
belen_pacifico,9.9737139,-84.1731795,34
belen_pacifico,9.973604,-84.172716,35
belen_pacifico,9.9734011,-84.1722439,36
belen_pacifico,9.9731306,-84.1717632,37
belen_pacifico,9.972784,-84.1713255,38
belen_pacifico,9.972243,-84.1709307,39
belen_pacifico,9.9717358,-84.1706904,40
belen_pacifico,9.9704931,-84.1703642,41
belen_pacifico,9.9685488,-84.1694887,42
belen_pacifico,9.9681769,-84.16936,43
belen_pacifico,9.9678895,-84.1690682,44
belen_pacifico,9.9668652,-84.1676427,45
belen_pacifico,9.9664186,-84.1672538,46
belen_pacifico,9.9661819,-84.1669825,47
belen_pacifico,9.9660804,-84.1665791,48
belen_pacifico,9.9661565,-84.1660298,49
belen_pacifico,9.9661227,-84.165695,50
belen_pacifico,9.965793,-84.164605,51
belen_pacifico,9.965514,-84.1642531,52
belen_pacifico,9.9653196,-84.1639956,53
belen_pacifico,9.9650848,-84.1633237,54
belen_pacifico,9.9649645,-84.1629656,55
belen_pacifico,9.9646264,-84.1621588,56
belen_pacifico,9.9644151,-84.1617811,57
belen_pacifico,9.9641615,-84.1615065,58
belen_pacifico,9.9632479,-84.161048,59
belen_pacifico,9.9623777,-84.1598843,60
belen_pacifico,9.9622124,-84.1596532,61
belen_pacifico,9.962048,-84.1592577,62
belen_pacifico,9.9619551,-84.1586569,63
belen_pacifico,9.9619297,-84.1580303,64
belen_pacifico,9.9618536,-84.1577814,65
belen_pacifico,9.9616592,-84.1574295,66
belen_pacifico,9.9597493,-84.1544204,67
belen_pacifico,9.9588981,-84.1530463,68
belen_pacifico,9.9578623,-84.15138,69
belen_pacifico,9.9576935,-84.1511888,70
belen_pacifico,9.9575594,-84.151059,71
belen_pacifico,9.9573359,-84.1509105,72
belen_pacifico,9.9572144,-84.1508221,73
belen_pacifico,9.957101,-84.1507712,74
belen_pacifico,9.9569459,-84.1506836,75
belen_pacifico,9.9564417,-84.1504816,76
belen_pacifico,9.9562952,-84.150403,77
belen_pacifico,9.956142,-84.1502948,78
belen_pacifico,9.9559195,-84.1500782,79
belen_pacifico,9.955766,-84.1498934,80
belen_pacifico,9.955766,-84.1498934,81
belen_pacifico,9.9556673,-84.1497053,82
belen_pacifico,9.955132,-84.1485207,83
belen_pacifico,9.9543582,-84.1468083,84
belen_pacifico,9.9541803,-84.1465164,85
belen_pacifico,9.9539983,-84.1462897,86
belen_pacifico,9.9537889,-84.1461154,87
belen_pacifico,9.9535703,-84.1460022,88
belen_pacifico,9.9512865,-84.1448767,89
belen_pacifico,9.9498709,-84.1440943,90
belen_pacifico,9.9498597,-84.1440878,91
belen_pacifico,9.9493497,-84.1437941,92
belen_pacifico,9.9493497,-84.1437941,93
belen_pacifico,9.9484209,-84.1433056,94
belen_pacifico,9.9481148,-84.1430724,95
belen_pacifico,9.9478248,-84.1427591,96
belen_pacifico,9.9476398,-84.1424505,97
belen_pacifico,9.947496,-84.1421,98
belen_pacifico,9.9469399,-84.1400628,99
belen_pacifico,9.9463192,-84.1380366,100
belen_pacifico,9.9463192,-84.1380366,101
belen_pacifico,9.9461457,-84.1374652,102
belen_pacifico,9.9457991,-84.136453,103
belen_pacifico,9.9456094,-84.1362038,104
belen_pacifico,9.945368,-84.1359982,105
belen_pacifico,9.9451345,-84.1358763,106
belen_pacifico,9.9448979,-84.1358105,107
belen_pacifico,9.9444947,-84.1358265,108
belen_pacifico,9.9441934,-84.1358491,109
belen_pacifico,9.9439874,-84.1358682,110
belen_pacifico,9.9434921,-84.1359248,111
belen_pacifico,9.9426069,-84.1360214,112
belen_pacifico,9.9417103,-84.1361333,113
belen_pacifico,9.941222,-84.1361764,114
belen_pacifico,9.9410177,-84.1361691,115
belen_pacifico,9.940893,-84.1361434,116
belen_pacifico,9.9408153,-84.1361264,117
belen_pacifico,9.9407782,-84.1361102,118
belen_pacifico,9.9407277,-84.1360783,119
belen_pacifico,9.9404913,-84.1359072,120
belen_pacifico,9.9403245,-84.1357196,121
belen_pacifico,9.9402052,-84.13544,122
belen_pacifico,9.9401443,-84.1352011,123
belen_pacifico,9.9401334,-84.1351584,124
belen_pacifico,9.940129,-84.1351172,125
belen_pacifico,9.9400741,-84.1346063,126
belen_pacifico,9.9400393,-84.1342488,127
belen_pacifico,9.9399761,-84.1335334,128
belen_pacifico,9.9399761,-84.1335334,129
belen_pacifico,9.93996,-84.1333511,130
belen_pacifico,9.9399541,-84.1324677,131
belen_pacifico,9.9399871,-84.1315596,132
belen_pacifico,9.9400121,-84.130606,133
belen_pacifico,9.9401569,-84.1273819,134
belen_pacifico,9.9403739,-84.1237316,135
belen_pacifico,9.9402355,-84.1237152,136
belen_pacifico,9.9402355,-84.1237152,137
belen_pacifico,9.9402396,-84.1235259,138
belen_pacifico,9.9401587,-84.1227607,139
belen_pacifico,9.9398456,-84.1220143,140
belen_pacifico,9.9393833,-84.1213764,141
belen_pacifico,9.9386357,-84.1207226,142
belen_pacifico,9.9384759,-84.1205828,143
belen_pacifico,9.9382944,-84.1202932,144
belen_pacifico,9.9379988,-84.1196425,145
belen_pacifico,9.9378877,-84.1193668,146
belen_pacifico,9.9378877,-84.1193668,147
belen_pacifico,9.9371184,-84.1174587,148
belen_pacifico,9.9370198,-84.1171187,149
belen_pacifico,9.9369684,-84.1167884,150
belen_pacifico,9.9368955,-84.1163195,151
belen_pacifico,9.9367966,-84.1157881,152
belen_pacifico,9.9367783,-84.1156674,153
belen_pacifico,9.9367621,-84.1154394,154
belen_pacifico,9.936775,-84.1150989,155
belen_pacifico,9.9367909,-84.1144471,156
belen_pacifico,9.936775,-84.1138061,157
belen_pacifico,9.9367592,-84.1135567,158
belen_pacifico,9.9366958,-84.1133448,159
belen_pacifico,9.9366324,-84.1132214,160
belen_pacifico,9.9365531,-84.1131141,161
belen_pacifico,9.9364527,-84.1130095,162
belen_pacifico,9.9363284,-84.1129085,163
belen_pacifico,9.9361774,-84.1128082,164
belen_pacifico,9.9360803,-84.1127559,165
belen_pacifico,9.9359513,-84.1127081,166
belen_pacifico,9.9358435,-84.1126773,167
belen_pacifico,9.935707,-84.1126616,168
belen_pacifico,9.9354121,-84.1126823,169
belen_pacifico,9.9347997,-84.1126877,170
belen_pacifico,9.9344853,-84.1125672,171
belen_pacifico,9.9341474,-84.1123171,172
belen_pacifico,9.9338354,-84.1119459,173
belen_pacifico,9.9336421,-84.1114284,174
belen_pacifico,9.9335372,-84.1103089,175
belen_pacifico,9.9334995,-84.1099142,176
belen_pacifico,9.9334995,-84.1099142,177
belen_pacifico,9.9326563,-84.1014151,178
belen_pacifico,9.9326563,-84.1014151,179
belen_pacifico,9.9326467,-84.1014158,180
belen_pacifico,9.9324057,-84.0987077,181
belen_pacifico,9.9323793,-84.0984424,182
belen_pacifico,9.9323627,-84.0982979,183
belen_pacifico,9.9323561,-84.0982177,184
belen_pacifico,9.9323003,-84.0977075,185
belen_pacifico,9.9322482,-84.097488,186
belen_pacifico,9.9321681,-84.0972603,187
belen_pacifico,9.9320095,-84.096875,188
belen_pacifico,9.9316947,-84.0962424,189
belen_pacifico,9.9308862,-84.0947073,190
belen_pacifico,9.9308313,-84.0946484,191
belen_pacifico,9.9306868,-84.0944314,192
belen_pacifico,9.9305382,-84.0942428,193
belen_pacifico,9.9303611,-84.0940513,194
belen_pacifico,9.9302116,-84.0939136,195
belen_pacifico,9.9299259,-84.0937125,196
belen_pacifico,9.9289052,-84.0930263,197
belen_pacifico,9.928478,-84.0927599,198
belen_pacifico,9.9282132,-84.0925688,199
belen_pacifico,9.92750186,-84.09210541,200
belen_pacifico,9.9273064,-84.0919248,201
belen_pacifico,9.9271319,-84.0918611,202
belen_pacifico,9.9269607,-84.0917519,203
belen_pacifico,9.9269607,-84.0917519,204
belen_pacifico,9.9264878,-84.0914501,205
belen_pacifico,9.9261842,-84.091254,206
belen_pacifico,9.9260257,-84.09114,207
belen_pacifico,9.9259689,-84.0910992,208
belen_pacifico,9.9259238,-84.0910545,209
belen_pacifico,9.9258116,-84.0909738,210
belen_pacifico,9.9256598,-84.0907566,211
belen_pacifico,9.9255816,-84.0906049,212
belen_pacifico,9.9255076,-84.0904344,213
belen_pacifico,9.9253976,-84.0898437,214
belen_pacifico,9.9252757,-84.0892389,215
belen_pacifico,9.924989,-84.0874217,216
belen_pacifico,9.9249764,-84.0870523,217
belen_pacifico,9.9250369,-84.0868748,218
belen_pacifico,9.9252137,-84.0864369,219
belen_pacifico,9.9253837,-84.0861128,220
belen_pacifico,9.9255773,-84.0856152,221
belen_pacifico,9.9256818,-84.0853768,222
belen_pacifico,9.9257564,-84.0850864,223
belen_pacifico,9.9258029,-84.084703,224
belen_pacifico,9.9258004,-84.0844052,225
belen_pacifico,9.9257294,-84.0836314,226
belen_pacifico,9.9253945,-84.0811014,227
metropoli_pacifico,9.955766,-84.1498934,0
metropoli_pacifico,9.9556673,-84.1497053,1
metropoli_pacifico,9.955132,-84.1485207,2
metropoli_pacifico,9.9543582,-84.1468083,3
metropoli_pacifico,9.9541803,-84.1465164,4
metropoli_pacifico,9.9539983,-84.1462897,5
metropoli_pacifico,9.9537889,-84.1461154,6
metropoli_pacifico,9.9535703,-84.1460022,7
metropoli_pacifico,9.9512865,-84.1448767,8
metropoli_pacifico,9.9498709,-84.1440943,9
metropoli_pacifico,9.9498597,-84.1440878,10
metropoli_pacifico,9.9493497,-84.1437941,11
metropoli_pacifico,9.9493497,-84.1437941,12
metropoli_pacifico,9.9484209,-84.1433056,13
metropoli_pacifico,9.9481148,-84.1430724,14
metropoli_pacifico,9.9478248,-84.1427591,15
metropoli_pacifico,9.9476398,-84.1424505,16
metropoli_pacifico,9.947496,-84.1421,17
metropoli_pacifico,9.9469399,-84.1400628,18
metropoli_pacifico,9.9463192,-84.1380366,19
metropoli_pacifico,9.9463192,-84.1380366,20
metropoli_pacifico,9.9461457,-84.1374652,21
metropoli_pacifico,9.9457991,-84.136453,22
metropoli_pacifico,9.9456094,-84.1362038,23
metropoli_pacifico,9.945368,-84.1359982,24
metropoli_pacifico,9.9451345,-84.1358763,25
metropoli_pacifico,9.9448979,-84.1358105,26
metropoli_pacifico,9.9444947,-84.1358265,27
metropoli_pacifico,9.9441934,-84.1358491,28
metropoli_pacifico,9.9439874,-84.1358682,29
metropoli_pacifico,9.9434921,-84.1359248,30
metropoli_pacifico,9.9426069,-84.1360214,31
metropoli_pacifico,9.9417103,-84.1361333,32
metropoli_pacifico,9.941222,-84.1361764,33
metropoli_pacifico,9.9410177,-84.1361691,34
metropoli_pacifico,9.940893,-84.1361434,35
metropoli_pacifico,9.9408153,-84.1361264,36
metropoli_pacifico,9.9407782,-84.1361102,37
metropoli_pacifico,9.9407277,-84.1360783,38
metropoli_pacifico,9.9404913,-84.1359072,39
metropoli_pacifico,9.9403245,-84.1357196,40
metropoli_pacifico,9.9402052,-84.13544,41
metropoli_pacifico,9.9401443,-84.1352011,42
metropoli_pacifico,9.9401334,-84.1351584,43
metropoli_pacifico,9.940129,-84.1351172,44
metropoli_pacifico,9.9400741,-84.1346063,45
metropoli_pacifico,9.9400393,-84.1342488,46
metropoli_pacifico,9.9399761,-84.1335334,47
metropoli_pacifico,9.9399761,-84.1335334,48
metropoli_pacifico,9.93996,-84.1333511,49
metropoli_pacifico,9.9399541,-84.1324677,50
metropoli_pacifico,9.9399871,-84.1315596,51
metropoli_pacifico,9.9400121,-84.130606,52
metropoli_pacifico,9.9401569,-84.1273819,53
metropoli_pacifico,9.9403739,-84.1237316,54
metropoli_pacifico,9.9402355,-84.1237152,55
metropoli_pacifico,9.9402355,-84.1237152,56
metropoli_pacifico,9.9402396,-84.1235259,57
metropoli_pacifico,9.9401587,-84.1227607,58
metropoli_pacifico,9.9398456,-84.1220143,59
metropoli_pacifico,9.9393833,-84.1213764,60
metropoli_pacifico,9.9386357,-84.1207226,61
metropoli_pacifico,9.9384759,-84.1205828,62
metropoli_pacifico,9.9382944,-84.1202932,63
metropoli_pacifico,9.9379988,-84.1196425,64
metropoli_pacifico,9.9378877,-84.1193668,65
metropoli_pacifico,9.9378877,-84.1193668,66
metropoli_pacifico,9.9371184,-84.1174587,67
metropoli_pacifico,9.9370198,-84.1171187,68
metropoli_pacifico,9.9369684,-84.1167884,69
metropoli_pacifico,9.9368955,-84.1163195,70
metropoli_pacifico,9.9367966,-84.1157881,71
metropoli_pacifico,9.9367783,-84.1156674,72
metropoli_pacifico,9.9367621,-84.1154394,73
metropoli_pacifico,9.936775,-84.1150989,74
metropoli_pacifico,9.9367909,-84.1144471,75
metropoli_pacifico,9.936775,-84.1138061,76
metropoli_pacifico,9.9367592,-84.1135567,77
metropoli_pacifico,9.9366958,-84.1133448,78
metropoli_pacifico,9.9366324,-84.1132214,79
metropoli_pacifico,9.9365531,-84.1131141,80
metropoli_pacifico,9.9364527,-84.1130095,81
metropoli_pacifico,9.9363284,-84.1129085,82
metropoli_pacifico,9.9361774,-84.1128082,83
metropoli_pacifico,9.9360803,-84.1127559,84
metropoli_pacifico,9.9359513,-84.1127081,85
metropoli_pacifico,9.9358435,-84.1126773,86
metropoli_pacifico,9.935707,-84.1126616,87
metropoli_pacifico,9.9354121,-84.1126823,88
metropoli_pacifico,9.9347997,-84.1126877,89
metropoli_pacifico,9.9344853,-84.1125672,90
metropoli_pacifico,9.9341474,-84.1123171,91
metropoli_pacifico,9.9338354,-84.1119459,92
metropoli_pacifico,9.9336421,-84.1114284,93
metropoli_pacifico,9.9335372,-84.1103089,94
metropoli_pacifico,9.9334995,-84.1099142,95
metropoli_pacifico,9.9334995,-84.1099142,96
metropoli_pacifico,9.9326563,-84.1014151,97
metropoli_pacifico,9.9326563,-84.1014151,98
metropoli_pacifico,9.9326467,-84.1014158,99
metropoli_pacifico,9.9324057,-84.0987077,100
metropoli_pacifico,9.9323793,-84.0984424,101
metropoli_pacifico,9.9323627,-84.0982979,102
metropoli_pacifico,9.9323561,-84.0982177,103
metropoli_pacifico,9.9323003,-84.0977075,104
metropoli_pacifico,9.9322482,-84.097488,105
metropoli_pacifico,9.9321681,-84.0972603,106
metropoli_pacifico,9.9320095,-84.096875,107
metropoli_pacifico,9.9316947,-84.0962424,108
metropoli_pacifico,9.9308862,-84.0947073,109
metropoli_pacifico,9.9308313,-84.0946484,110
metropoli_pacifico,9.9306868,-84.0944314,111
metropoli_pacifico,9.9305382,-84.0942428,112
metropoli_pacifico,9.9303611,-84.0940513,113
metropoli_pacifico,9.9302116,-84.0939136,114
metropoli_pacifico,9.9299259,-84.0937125,115
metropoli_pacifico,9.9289052,-84.0930263,116
metropoli_pacifico,9.928478,-84.0927599,117
metropoli_pacifico,9.9282132,-84.0925688,118
metropoli_pacifico,9.92750186,-84.09210541,119
metropoli_pacifico,9.9273064,-84.0919248,120
metropoli_pacifico,9.9271319,-84.0918611,121
metropoli_pacifico,9.9269607,-84.0917519,122
metropoli_pacifico,9.9269607,-84.0917519,123
metropoli_pacifico,9.9264878,-84.0914501,124
metropoli_pacifico,9.9261842,-84.091254,125
metropoli_pacifico,9.9260257,-84.09114,126
metropoli_pacifico,9.9259689,-84.0910992,127
metropoli_pacifico,9.9259238,-84.0910545,128
metropoli_pacifico,9.9258116,-84.0909738,129
metropoli_pacifico,9.9256598,-84.0907566,130
metropoli_pacifico,9.9255816,-84.0906049,131
metropoli_pacifico,9.9255076,-84.0904344,132
metropoli_pacifico,9.9253976,-84.0898437,133
metropoli_pacifico,9.9252757,-84.0892389,134
metropoli_pacifico,9.924989,-84.0874217,135
metropoli_pacifico,9.9249764,-84.0870523,136
metropoli_pacifico,9.9250369,-84.0868748,137
metropoli_pacifico,9.9252137,-84.0864369,138
metropoli_pacifico,9.9253837,-84.0861128,139
metropoli_pacifico,9.9255773,-84.0856152,140
metropoli_pacifico,9.9256818,-84.0853768,141
metropoli_pacifico,9.9257564,-84.0850864,142
metropoli_pacifico,9.9258029,-84.084703,143
metropoli_pacifico,9.9258004,-84.0844052,144
metropoli_pacifico,9.9257294,-84.0836314,145
metropoli_pacifico,9.9253945,-84.0811014,146
metropoli_cfia,9.955766,-84.1498934,0
metropoli_cfia,9.9556673,-84.1497053,1
metropoli_cfia,9.955132,-84.1485207,2
metropoli_cfia,9.9543582,-84.1468083,3
metropoli_cfia,9.9541803,-84.1465164,4
metropoli_cfia,9.9539983,-84.1462897,5
metropoli_cfia,9.9537889,-84.1461154,6
metropoli_cfia,9.9535703,-84.1460022,7
metropoli_cfia,9.9512865,-84.1448767,8
metropoli_cfia,9.9498709,-84.1440943,9
metropoli_cfia,9.9498597,-84.1440878,10
metropoli_cfia,9.9493497,-84.1437941,11
metropoli_cfia,9.9493497,-84.1437941,12
metropoli_cfia,9.9484209,-84.1433056,13
metropoli_cfia,9.9481148,-84.1430724,14
metropoli_cfia,9.9478248,-84.1427591,15
metropoli_cfia,9.9476398,-84.1424505,16
metropoli_cfia,9.947496,-84.1421,17
metropoli_cfia,9.9469399,-84.1400628,18
metropoli_cfia,9.9463192,-84.1380366,19
metropoli_cfia,9.9463192,-84.1380366,20
metropoli_cfia,9.9461457,-84.1374652,21
metropoli_cfia,9.9457991,-84.136453,22
metropoli_cfia,9.9456094,-84.1362038,23
metropoli_cfia,9.945368,-84.1359982,24
metropoli_cfia,9.9451345,-84.1358763,25
metropoli_cfia,9.9448979,-84.1358105,26
metropoli_cfia,9.9444947,-84.1358265,27
metropoli_cfia,9.9441934,-84.1358491,28
metropoli_cfia,9.9439874,-84.1358682,29
metropoli_cfia,9.9434921,-84.1359248,30
metropoli_cfia,9.9426069,-84.1360214,31
metropoli_cfia,9.9417103,-84.1361333,32
metropoli_cfia,9.941222,-84.1361764,33
metropoli_cfia,9.9410177,-84.1361691,34
metropoli_cfia,9.940893,-84.1361434,35
metropoli_cfia,9.9408153,-84.1361264,36
metropoli_cfia,9.9407782,-84.1361102,37
metropoli_cfia,9.9407277,-84.1360783,38
metropoli_cfia,9.9404913,-84.1359072,39
metropoli_cfia,9.9403245,-84.1357196,40
metropoli_cfia,9.9402052,-84.13544,41
metropoli_cfia,9.9401443,-84.1352011,42
metropoli_cfia,9.9401334,-84.1351584,43
metropoli_cfia,9.940129,-84.1351172,44
metropoli_cfia,9.9400741,-84.1346063,45
metropoli_cfia,9.9400393,-84.1342488,46
metropoli_cfia,9.9399761,-84.1335334,47
metropoli_cfia,9.9399761,-84.1335334,48
metropoli_cfia,9.93996,-84.1333511,49
metropoli_cfia,9.9399541,-84.1324677,50
metropoli_cfia,9.9399871,-84.1315596,51
metropoli_cfia,9.9400121,-84.130606,52
metropoli_cfia,9.9401569,-84.1273819,53
metropoli_cfia,9.9403739,-84.1237316,54
metropoli_cfia,9.9402355,-84.1237152,55
metropoli_cfia,9.9402355,-84.1237152,56
metropoli_cfia,9.9402396,-84.1235259,57
metropoli_cfia,9.9401587,-84.1227607,58
metropoli_cfia,9.9398456,-84.1220143,59
metropoli_cfia,9.9393833,-84.1213764,60
metropoli_cfia,9.9386357,-84.1207226,61
metropoli_cfia,9.9384759,-84.1205828,62
metropoli_cfia,9.9382944,-84.1202932,63
metropoli_cfia,9.9379988,-84.1196425,64
metropoli_cfia,9.9378877,-84.1193668,65
metropoli_cfia,9.9378877,-84.1193668,66
metropoli_cfia,9.9371184,-84.1174587,67
metropoli_cfia,9.9370198,-84.1171187,68
metropoli_cfia,9.9369684,-84.1167884,69
metropoli_cfia,9.9368955,-84.1163195,70
metropoli_cfia,9.9367966,-84.1157881,71
metropoli_cfia,9.9367783,-84.1156674,72
metropoli_cfia,9.9367621,-84.1154394,73
metropoli_cfia,9.936775,-84.1150989,74
metropoli_cfia,9.9367909,-84.1144471,75
metropoli_cfia,9.936775,-84.1138061,76
metropoli_cfia,9.9367592,-84.1135567,77
metropoli_cfia,9.9366958,-84.1133448,78
metropoli_cfia,9.9366324,-84.1132214,79
metropoli_cfia,9.9365531,-84.1131141,80
metropoli_cfia,9.9364527,-84.1130095,81
metropoli_cfia,9.9363284,-84.1129085,82
metropoli_cfia,9.9361774,-84.1128082,83
metropoli_cfia,9.9360803,-84.1127559,84
metropoli_cfia,9.9359513,-84.1127081,85
metropoli_cfia,9.9358435,-84.1126773,86
metropoli_cfia,9.935707,-84.1126616,87
metropoli_cfia,9.9354121,-84.1126823,88
metropoli_cfia,9.9347997,-84.1126877,89
metropoli_cfia,9.9344853,-84.1125672,90
metropoli_cfia,9.9341474,-84.1123171,91
metropoli_cfia,9.9338354,-84.1119459,92
metropoli_cfia,9.9336421,-84.1114284,93
metropoli_cfia,9.9335372,-84.1103089,94
metropoli_cfia,9.9334995,-84.1099142,95
metropoli_cfia,9.9334995,-84.1099142,96
metropoli_cfia,9.9326563,-84.1014151,97
metropoli_cfia,9.9326563,-84.1014151,98
metropoli_cfia,9.9326467,-84.1014158,99
metropoli_cfia,9.9324057,-84.0987077,100
metropoli_cfia,9.9323793,-84.0984424,101
metropoli_cfia,9.9323627,-84.0982979,102
metropoli_cfia,9.9323561,-84.0982177,103
metropoli_cfia,9.9323003,-84.0977075,104
metropoli_cfia,9.9322482,-84.097488,105
metropoli_cfia,9.9321681,-84.0972603,106
metropoli_cfia,9.9320095,-84.096875,107
metropoli_cfia,9.9316947,-84.0962424,108
metropoli_cfia,9.9308862,-84.0947073,109
metropoli_cfia,9.9308313,-84.0946484,110
metropoli_cfia,9.9306868,-84.0944314,111
metropoli_cfia,9.9305382,-84.0942428,112
metropoli_cfia,9.9303611,-84.0940513,113
metropoli_cfia,9.9302116,-84.0939136,114
metropoli_cfia,9.9299259,-84.0937125,115
metropoli_cfia,9.9289052,-84.0930263,116
metropoli_cfia,9.928478,-84.0927599,117
metropoli_cfia,9.9282132,-84.0925688,118
metropoli_cfia,9.92750186,-84.09210541,119
metropoli_cfia,9.9273064,-84.0919248,120
metropoli_cfia,9.9271319,-84.0918611,121
metropoli_cfia,9.9269607,-84.0917519,122
metropoli_cfia,9.9269607,-84.0917519,123
metropoli_cfia,9.9264878,-84.0914501,124
metropoli_cfia,9.9261842,-84.091254,125
metropoli_cfia,9.9260257,-84.09114,126
metropoli_cfia,9.9259689,-84.0910992,127
metropoli_cfia,9.9259238,-84.0910545,128
metropoli_cfia,9.9258116,-84.0909738,129
metropoli_cfia,9.9256598,-84.0907566,130
metropoli_cfia,9.9255816,-84.0906049,131
metropoli_cfia,9.9255076,-84.0904344,132
metropoli_cfia,9.9253976,-84.0898437,133
metropoli_cfia,9.9252757,-84.0892389,134
metropoli_cfia,9.924989,-84.0874217,135
metropoli_cfia,9.9249764,-84.0870523,136
metropoli_cfia,9.9250369,-84.0868748,137
metropoli_cfia,9.9252137,-84.0864369,138
metropoli_cfia,9.9253837,-84.0861128,139
metropoli_cfia,9.9255773,-84.0856152,140
metropoli_cfia,9.9256818,-84.0853768,141
metropoli_cfia,9.9257564,-84.0850864,142
metropoli_cfia,9.9258029,-84.084703,143
metropoli_cfia,9.9258004,-84.0844052,144
metropoli_cfia,9.9257294,-84.0836314,145
metropoli_cfia,9.9253945,-84.0811014,146
metropoli_cfia,9.9253945,-84.0811014,147
metropoli_cfia,9.92537369,-84.0808722,148
metropoli_cfia,9.9253523,-84.0806108,149
metropoli_cfia,9.9253576,-84.0803989,150
metropoli_cfia,9.92541693,-84.0803725,151
metropoli_cfia,9.925431,-84.0803734,152
metropoli_cfia,9.92540567,-84.0802126,153
metropoli_cfia,9.9253866,-84.0799658,154
metropoli_cfia,9.9253651,-84.0797588,155
metropoli_cfia,9.9253156,-84.0791463,156
metropoli_cfia,9.9253116,-84.0791117,157
metropoli_cfia,9.9251862,-84.0777445,158
metropoli_cfia,9.9251296,-84.0771475,159
metropoli_cfia,9.9250817,-84.076611,160
metropoli_cfia,9.9250057,-84.0756998,161
metropoli_cfia,9.9249314,-84.0748187,162
metropoli_cfia,9.9249291,-84.0747599,163
metropoli_cfia,9.9249434,-84.0746097,164
metropoli_cfia,9.9250258,-84.0743336,165
metropoli_cfia,9.9250258,-84.0743336,166
metropoli_cfia,9.925085,-84.0741406,167
metropoli_cfia,9.9252034,-84.073948,168
metropoli_cfia,9.9253187,-84.0738048,169
metropoli_cfia,9.9254993,-84.0736507,170
metropoli_cfia,9.9256595,-84.0735292,171
metropoli_cfia,9.9257026,-84.0735136,172
metropoli_cfia,9.9257754,-84.0734821,173
metropoli_cfia,9.9259232,-84.073426,174
metropoli_cfia,9.9261057,-84.0733682,175
metropoli_cfia,9.9268467,-84.073331,176
metropoli_cfia,9.9273891,-84.0733182,177
metropoli_cfia,9.9278973,-84.073298,178
metropoli_cfia,9.9283552,-84.0732729,179
metropoli_cfia,9.928865,-84.0732596,180
metropoli_cfia,9.9294115,-84.0732285,181
metropoli_cfia,9.9301951,-84.0731828,182
metropoli_cfia,9.9306293,-84.0731681,183
metropoli_cfia,9.9307374,-84.0731224,184
metropoli_cfia,9.9308689,-84.0730492,185
metropoli_cfia,9.9309536,-84.0729907,186
metropoli_cfia,9.9311337,-84.0728796,187
metropoli_cfia,9.9311851,-84.0727575,188
metropoli_cfia,9.9312068,-84.0727059,189
metropoli_cfia,9.9312756,-84.0725767,190
metropoli_cfia,9.9312756,-84.0725767,191
metropoli_cfia,9.931663,-84.0718639,192
metropoli_cfia,9.9318228,-84.0715658,193
metropoli_cfia,9.9320045,-84.0712178,194
metropoli_cfia,9.932063,-84.071038,195
metropoli_cfia,9.9321183,-84.0707967,196
metropoli_cfia,9.9321482,-84.0705146,197
metropoli_cfia,9.9321644,-84.0701113,198
metropoli_cfia,9.932163,-84.0700585,199
metropoli_cfia,9.9321114,-84.0695759,200
metropoli_cfia,9.932044,-84.0693697,201
metropoli_cfia,9.9319769,-84.0692549,202
metropoli_cfia,9.9314307,-84.0681863,203
metropoli_cfia,9.9313153,-84.0678878,204
metropoli_cfia,9.9312532,-84.0675936,205
metropoli_cfia,9.9312486,-84.0672643,206
metropoli_cfia,9.9313013,-84.0669606,207
metropoli_cfia,9.9313728,-84.0667109,208
metropoli_cfia,9.9314579,-84.0665335,209
metropoli_cfia,9.9315591,-84.0663747,210
metropoli_cfia,9.9318825,-84.0658726,211
metropoli_cfia,9.9319766,-84.0657133,212
metropoli_cfia,9.9320171,-84.065646,213
metropoli_cfia,9.932034,-84.0656278,214
metropoli_cfia,9.9320708,-84.0654868,215
metropoli_cfia,9.932069,-84.0653951,216
metropoli_cfia,9.9320656,-84.0652956,217
metropoli_cfia,9.9320424,-84.0650798,218
metropoli_cfia,9.9319546,-84.0646937,219
metropoli_cfia,9.9318601,-84.0643195,220
metropoli_cfia,9.9317982,-84.0638305,221
metropoli_cfia,9.9317909,-84.0632935,222
metropoli_cfia,9.9318829,-84.0630999,223
metropoli_cfia,9.9319727,-84.062939,224
metropoli_cfia,9.9322025,-84.0626895,225
metropoli_cfia,9.9324482,-84.0625098,226
metropoli_cfia,9.9326226,-84.0624294,227
metropoli_cfia,9.9328815,-84.0623865,228
metropoli_cfia,9.9331517,-84.0624012,229
metropoli_cfia,9.9333914,-84.0624991,230
metropoli_cfia,9.933513,-84.0625742,231
metropoli_cfia,9.9336266,-84.0626734,232
metropoli_cfia,9.9337772,-84.0628666,233
metropoli_cfia,9.9338538,-84.0630543,234
metropoli_cfia,9.9338934,-84.0632555,235
metropoli_cfia,9.9339051,-84.0635476,236
metropoli_cfia,9.93386,-84.0637196,237
metropoli_cfia,9.9336919,-84.0643327,238
metropoli_cfia,9.9335883,-84.0648111,239
metropoli_cfia,9.9335683,-84.0649459,240
metropoli_cfia,9.9335552,-84.0650526,241
metropoli_cfia,9.9335423,-84.0653349,242
metropoli_cfia,9.9335718,-84.0656888,243
metropoli_cfia,9.9336275,-84.0661287,244
metropoli_cfia,9.9336442,-84.066215,245
metropoli_cfia,9.9336536,-84.0662543,246
metropoli_cfia,9.9337832,-84.0666193,247
metropoli_cfia,9.9340078,-84.0670711,248
metropoli_cfia,9.9340801,-84.0672424,249
metropoli_cfia,9.9341662,-84.0674254,250
metropoli_cfia,9.9343165,-84.0677596,251
metropoli_cfia,9.9343972,-84.067946,252
metropoli_cfia,9.9347342,-84.0686116,253
metropoli_cfia,9.9347849,-84.0687269,254
metropoli_cfia,9.9348741,-84.0689369,255
metropoli_cfia,9.9348741,-84.0689369,256
metropoli_cfia,9.9347849,-84.0687269,257
metropoli_cfia,9.9347298,-84.068614,258
metropoli_cfia,9.9347342,-84.0686116,259
metropoli_cfia,9.9343972,-84.067946,260
metropoli_cfia,9.9343165,-84.0677596,261
metropoli_cfia,9.9341662,-84.0674254,262
metropoli_cfia,9.9340801,-84.0672424,263
metropoli_cfia,9.9340078,-84.0670711,264
metropoli_cfia,9.9337832,-84.0666193,265
metropoli_cfia,9.9336536,-84.0662543,266
metropoli_cfia,9.9336442,-84.066215,267
metropoli_cfia,9.9336275,-84.0661287,268
metropoli_cfia,9.9335718,-84.0656888,269
metropoli_cfia,9.9335423,-84.0653349,270
metropoli_cfia,9.9335552,-84.0650526,271
metropoli_cfia,9.9335683,-84.0649459,272
metropoli_cfia,9.9335883,-84.0648111,273
metropoli_cfia,9.9336919,-84.0643327,274
metropoli_cfia,9.93386,-84.0637196,275
metropoli_cfia,9.9339051,-84.0635476,276
metropoli_cfia,9.9343135,-84.0621665,277
metropoli_cfia,9.9345539,-84.0613648,278
metropoli_cfia,9.9346013,-84.0612067,279
metropoli_cfia,9.9347494,-84.0607128,280
metropoli_cfia,9.934974,-84.0599349,281
metropoli_cfia,9.9353703,-84.0585294,282
metropoli_cfia,9.935424,-84.0582103,283
metropoli_cfia,9.9354493,-84.0578951,284
metropoli_cfia,9.935449,-84.0578346,285
metropoli_cfia,9.9354472,-84.0577088,286
metropoli_cfia,9.9354447,-84.0576149,287
metropoli_cfia,9.9354263,-84.0573417,288
metropoli_cfia,9.9353809,-84.0570515,289
metropoli_cfia,9.9352778,-84.0566251,290
metropoli_cfia,9.9351827,-84.056271,291
metropoli_cfia,9.935085,-84.0559143,292
metropoli_cfia,9.9349716,-84.0555179,293
metropoli_cfia,9.9349514,-84.0554471,294
metropoli_cfia,9.9349123,-84.0553234,295
metropoli_cfia,9.9344573,-84.0537972,296
metropoli_cfia,9.9344104,-84.0536339,297
metropoli_cfia,9.9341796,-84.0528887,298
metropoli_cfia,9.9341796,-84.0528887,299
metropoli_cfia,9.9340346,-84.05241899,300
metropoli_cfia,9.9340324,-84.0523175,301
metropoli_cfia,9.9339859,-84.0521666,302
metropoli_cfia,9.9336837,-84.051054,303
metropoli_cfia,9.9334745,-84.0503073,304
metropoli_cfia,9.9332674,-84.0495966,305
metropoli_cfia,9.9332136,-84.0493276,306
metropoli_cfia,9.9329369,-84.0481679,307
metropoli_cfia,9.9328589,-84.0477108,308
metropoli_cfia,9.9327561,-84.0469136,309
metropoli_cfia,9.9327383,-84.0467622,310
metropoli_cfia,9.9326892,-84.045777,311
metropoli_cfia,9.9326469,-84.0450655,312
metropoli_cfia,9.9326429,-84.0448899,313
metropoli_cfia,9.932641,-84.0448184,314
metropoli_cfia,9.9326307,-84.0444387,315
metropoli_cfia,9.9326027,-84.0439976,316
metropoli_cfia,9.9325526,-84.0438187,317
metropoli_cfia,9.9324705,-84.0435545,318
metropoli_cfia,9.9324705,-84.0435545,319
metropoli_cfia,9.9323369,-84.043285,320
metropoli_cfia,9.9321414,-84.0429751,321
metropoli_cfia,9.9319024,-84.0426701,322
metropoli_cfia,9.93169,-84.0424946,323
metropoli_cfia,9.9312972,-84.0421986,324
metropoli_cfia,9.9309168,-84.0419831,325
metropoli_cfia,9.9304082,-84.0418368,326
metropoli_cfia,9.9300262,-84.0417014,327
metropoli_cfia,9.9276345,-84.0394379,328
metropoli_cfia,9.9273253,-84.0391439,329
metropoli_cfia,9.9252818,-84.0371297,330
atlantico_angeles,9.9348741,-84.0689369,0
atlantico_angeles,9.9347849,-84.0687269,1
atlantico_angeles,9.9347298,-84.068614,2
atlantico_angeles,9.9347342,-84.0686116,3
atlantico_angeles,9.9343972,-84.067946,4
atlantico_angeles,9.9343165,-84.0677596,5
atlantico_angeles,9.9341662,-84.0674254,6
atlantico_angeles,9.9340801,-84.0672424,7
atlantico_angeles,9.9340078,-84.0670711,8
atlantico_angeles,9.9337832,-84.0666193,9
atlantico_angeles,9.9336536,-84.0662543,10
atlantico_angeles,9.9336442,-84.066215,11
atlantico_angeles,9.9336275,-84.0661287,12
atlantico_angeles,9.9335718,-84.0656888,13
atlantico_angeles,9.9335423,-84.0653349,14
atlantico_angeles,9.9335552,-84.0650526,15
atlantico_angeles,9.9335683,-84.0649459,16
atlantico_angeles,9.9335883,-84.0648111,17
atlantico_angeles,9.9336919,-84.0643327,18
atlantico_angeles,9.93386,-84.0637196,19
atlantico_angeles,9.9339051,-84.0635476,20
atlantico_angeles,9.9343135,-84.0621665,21
atlantico_angeles,9.9345539,-84.0613648,22
atlantico_angeles,9.9346013,-84.0612067,23
atlantico_angeles,9.9347494,-84.0607128,24
atlantico_angeles,9.934974,-84.0599349,25
atlantico_angeles,9.9353703,-84.0585294,26
atlantico_angeles,9.935424,-84.0582103,27
atlantico_angeles,9.9354493,-84.0578951,28
atlantico_angeles,9.935449,-84.0578346,29
atlantico_angeles,9.9354472,-84.0577088,30
atlantico_angeles,9.9354447,-84.0576149,31
atlantico_angeles,9.9354263,-84.0573417,32
atlantico_angeles,9.9353809,-84.0570515,33
atlantico_angeles,9.9352778,-84.0566251,34
atlantico_angeles,9.9351827,-84.056271,35
atlantico_angeles,9.935085,-84.0559143,36
atlantico_angeles,9.9349716,-84.0555179,37
atlantico_angeles,9.9349514,-84.0554471,38
atlantico_angeles,9.9349123,-84.0553234,39
atlantico_angeles,9.9344573,-84.0537972,40
atlantico_angeles,9.9344104,-84.0536339,41
atlantico_angeles,9.9341796,-84.0528887,42
atlantico_angeles,9.9341796,-84.0528887,43
atlantico_angeles,9.9340346,-84.05241899,44
atlantico_angeles,9.9340324,-84.0523175,45
atlantico_angeles,9.9339859,-84.0521666,46
atlantico_angeles,9.9336837,-84.051054,47
atlantico_angeles,9.9334745,-84.0503073,48
atlantico_angeles,9.9332674,-84.0495966,49
atlantico_angeles,9.9332136,-84.0493276,50
atlantico_angeles,9.9329369,-84.0481679,51
atlantico_angeles,9.9328589,-84.0477108,52
atlantico_angeles,9.9327561,-84.0469136,53
atlantico_angeles,9.9327383,-84.0467622,54
atlantico_angeles,9.9326892,-84.045777,55
atlantico_angeles,9.9326469,-84.0450655,56
atlantico_angeles,9.9326429,-84.0448899,57
atlantico_angeles,9.932641,-84.0448184,58
atlantico_angeles,9.9326307,-84.0444387,59
atlantico_angeles,9.9326027,-84.0439976,60
atlantico_angeles,9.9325526,-84.0438187,61
atlantico_angeles,9.9324705,-84.0435545,62
atlantico_angeles,9.9324705,-84.0435545,63
atlantico_angeles,9.9323369,-84.043285,64
atlantico_angeles,9.9321414,-84.0429751,65
atlantico_angeles,9.9319024,-84.0426701,66
atlantico_angeles,9.93169,-84.0424946,67
atlantico_angeles,9.9312972,-84.0421986,68
atlantico_angeles,9.9309168,-84.0419831,69
atlantico_angeles,9.9304082,-84.0418368,70
atlantico_angeles,9.9300262,-84.0417014,71
atlantico_angeles,9.9276345,-84.0394379,72
atlantico_angeles,9.9273253,-84.0391439,73
atlantico_angeles,9.9252818,-84.0371297,74
atlantico_angeles,9.9252818,-84.0371297,75
atlantico_angeles,9.9234597,-84.0353344,76
atlantico_angeles,9.9231428,-84.0350499,77
atlantico_angeles,9.9229399,-84.034867,78
atlantico_angeles,9.9228788,-84.0348031,79
atlantico_angeles,9.9221199,-84.0340096,80
atlantico_angeles,9.921769,-84.0336197,81
atlantico_angeles,9.9215253,-84.0331908,82
atlantico_angeles,9.921466,-84.0328431,83
atlantico_angeles,9.9214558,-84.0323249,84
atlantico_angeles,9.9214568,-84.0316943,85
atlantico_angeles,9.9214384,-84.0314327,86
atlantico_angeles,9.9213888,-84.0311536,87
atlantico_angeles,9.9212086,-84.030715,88
atlantico_angeles,9.9208873,-84.0301829,89
atlantico_angeles,9.9200446,-84.0287662,90
atlantico_angeles,9.9197579,-84.0282919,91
atlantico_angeles,9.919603,-84.0279349,92
atlantico_angeles,9.9195202,-84.0275707,93
atlantico_angeles,9.9195248,-84.0272484,94
atlantico_angeles,9.91958,-84.0268235,95
atlantico_angeles,9.9197364,-84.0259735,96
atlantico_angeles,9.9198192,-84.0255766,97
atlantico_angeles,9.9198192,-84.0251423,98
atlantico_angeles,9.9197594,-84.0247733,99
atlantico_angeles,9.9196352,-84.0244604,100
atlantico_angeles,9.9193069,-84.0238997,101
atlantico_angeles,9.9192772,-84.0238499,102
atlantico_angeles,9.9192772,-84.0238499,103
atlantico_angeles,9.9190639,-84.023492,104
atlantico_angeles,9.9186834,-84.0228107,105
atlantico_angeles,9.9185538,-84.0223466,106
atlantico_angeles,9.918427,-84.0220547,107
atlantico_angeles,9.9182072,-84.0216427,108
atlantico_angeles,9.9177337,-84.0210848,109
atlantico_angeles,9.9174936,-84.0208473,110
atlantico_angeles,9.9170742,-84.0204325,111
atlantico_angeles,9.9168629,-84.0200463,112
atlantico_angeles,9.9167783,-84.019497,113
atlantico_angeles,9.9168544,-84.0190678,114
atlantico_angeles,9.9169981,-84.0185958,115
atlantico_angeles,9.917013,-84.0184234,116
atlantico_angeles,9.9170051,-84.0182617,117
atlantico_angeles,9.9169802,-84.0181155,118
atlantico_angeles,9.9169387,-84.017991,119
atlantico_angeles,9.9168377,-84.0177986,120
atlantico_angeles,9.9166796,-84.0175785,121
atlantico_angeles,9.9165551,-84.017423,122
atlantico_angeles,9.9164094,-84.0172445,123
atlantico_angeles,9.9160715,-84.0168981,124
atlantico_angeles,9.9156664,-84.0165045,125
atlantico_angeles,9.9155505,-84.016374,126
atlantico_angeles,9.9151089,-84.0158445,127
atlantico_angeles,9.9150049,-84.0156556,128
atlantico_angeles,9.9148455,-84.0151757,129
atlantico_angeles,9.9147936,-84.0147246,130
atlantico_angeles,9.9148337,-84.0141068,131
atlantico_angeles,9.9148197,-84.0138516,132
atlantico_angeles,9.9147876,-84.0136411,133
atlantico_angeles,9.9147103,-84.0133958,134
atlantico_angeles,9.914611,-84.0131525,135
atlantico_angeles,9.9144665,-84.0129186,136
atlantico_angeles,9.9142739,-84.0127051,137
atlantico_angeles,9.9136077,-84.0121654,138
atlantico_angeles,9.9132405,-84.0118843,139
atlantico_angeles,9.9128539,-84.0115461,140
atlantico_angeles,9.9124494,-84.0110083,141
atlantico_angeles,9.9116124,-84.0098582,142
atlantico_angeles,9.9108768,-84.0088368,143
atlantico_angeles,9.9106631,-84.0085133,144
atlantico_angeles,9.9104576,-84.0081755,145
atlantico_angeles,9.9103313,-84.007886,146
atlantico_angeles,9.9102602,-84.0075614,147
atlantico_angeles,9.9102187,-84.0071593,148
atlantico_angeles,9.9102115,-84.0068953,149
atlantico_angeles,9.9102227,-84.0066221,150
atlantico_angeles,9.9102815,-84.0063048,151
atlantico_angeles,9.9104173,-84.0059506,152
atlantico_angeles,9.9105714,-84.005587,153
atlantico_angeles,9.9110028,-84.0046627,154
atlantico_angeles,9.911135,-84.004366,155
atlantico_angeles,9.9112194,-84.0040823,156
atlantico_angeles,9.9112602,-84.0038849,157
atlantico_angeles,9.9113324,-84.0030914,158
atlantico_angeles,9.9113672,-84.0017472,159
atlantico_angeles,9.911494,-84.0005026,160
atlantico_angeles,9.9118914,-83.9995413,161
atlantico_angeles,9.9120351,-83.9990435,162
atlantico_angeles,9.9120605,-83.998314,163
atlantico_angeles,9.9118745,-83.9977217,164
atlantico_angeles,9.9114433,-83.9962283,165
atlantico_angeles,9.9114421,-83.9960366,166
atlantico_angeles,9.9114348,-83.9949236,167
atlantico_angeles,9.9115194,-83.9930611,168
atlantico_angeles,9.9114517,-83.9926921,169
atlantico_angeles,9.9112657,-83.9923573,170
atlantico_angeles,9.9106908,-83.9914389,171
atlantico_angeles,9.9104033,-83.9907008,172
atlantico_angeles,9.9103103,-83.9901085,173
atlantico_angeles,9.9101835,-83.9894734,174
atlantico_angeles,9.9102375,-83.9886537,175
atlantico_angeles,9.9102818,-83.9881061,176
atlantico_angeles,9.910283,-83.9880941,177
atlantico_angeles,9.9103088,-83.9878401,178
atlantico_angeles,9.9103557,-83.9875411,179
atlantico_angeles,9.9104425,-83.9872009,180
atlantico_angeles,9.9105077,-83.9869691,181
atlantico_angeles,9.9105739,-83.9868888,182
atlantico_angeles,9.9105927,-83.9867094,183
atlantico_angeles,9.9105927,-83.9867094,184
atlantico_angeles,9.9107363,-83.986272,185
atlantico_angeles,9.9110254,-83.9856559,186
atlantico_angeles,9.9112132,-83.9853218,187
atlantico_angeles,9.911424,-83.9850303,188
atlantico_angeles,9.9116173,-83.9847465,189
atlantico_angeles,9.9117494,-83.9845856,190
atlantico_angeles,9.9120629,-83.9841412,191
atlantico_angeles,9.9121112,-83.984048,192
atlantico_angeles,9.9121579,-83.9839577,193
atlantico_angeles,9.9123817,-83.9834759,194
atlantico_angeles,9.9125147,-83.9830433,195
atlantico_angeles,9.9125593,-83.982667,196
atlantico_angeles,9.9126608,-83.9818516,197
atlantico_angeles,9.9126733,-83.981799,198
atlantico_angeles,9.9128358,-83.9811159,199
atlantico_angeles,9.9129918,-83.9807244,200
atlantico_angeles,9.9131404,-83.9804895,201
atlantico_angeles,9.9135416,-83.9800144,202
atlantico_angeles,9.9138555,-83.9794913,203
atlantico_angeles,9.9142724,-83.9784779,204
atlantico_angeles,9.9144615,-83.9780471,205
atlantico_angeles,9.9145547,-83.9778348,206
atlantico_angeles,9.9146124,-83.97765,207
atlantico_angeles,9.9146264,-83.9776051,208
atlantico_angeles,9.9147745,-83.9771309,209
atlantico_angeles,9.914775,-83.9769586,210
atlantico_angeles,9.9147533,-83.9763347,211
atlantico_angeles,9.9145129,-83.9752925,212
atlantico_angeles,9.9143552,-83.9745486,213
atlantico_angeles,9.9143314,-83.9743913,214
atlantico_angeles,9.9141742,-83.9738265,215
atlantico_angeles,9.9139882,-83.9733372,216
atlantico_angeles,9.9134668,-83.972519,217
atlantico_angeles,9.9132949,-83.9723158,218
atlantico_angeles,9.9129567,-83.9718867,219
atlantico_angeles,9.9126354,-83.9714833,220
atlantico_angeles,9.9120098,-83.9704276,221
atlantico_angeles,9.9119313,-83.9700454,222
atlantico_angeles,9.911917,-83.9698783,223
atlantico_angeles,9.9118892,-83.9695849,224
atlantico_angeles,9.9118917,-83.9690973,225
atlantico_angeles,9.9119486,-83.9680997,226
atlantico_angeles,9.9114408,-83.9664944,227
atlantico_angeles,9.9111746,-83.9653884,228
atlantico_angeles,9.9109849,-83.9647914,229
atlantico_angeles,9.9105146,-83.9643164,230
atlantico_angeles,9.9099355,-83.9636878,231
atlantico_angeles,9.9095014,-83.962974,232
atlantico_angeles,9.9093618,-83.9627998,233
atlantico_angeles,9.9089043,-83.9622286,234
atlantico_angeles,9.9084646,-83.9614304,235
atlantico_angeles,9.9079742,-83.9602888,236
atlantico_angeles,9.9075111,-83.9591067,237
atlantico_angeles,9.9072681,-83.9585498,238
atlantico_angeles,9.9068461,-83.9580941,239
atlantico_angeles,9.9064042,-83.9577942,240
atlantico_angeles,9.9060192,-83.9576818,241
atlantico_angeles,9.9056104,-83.9575944,242
atlantico_angeles,9.9051114,-83.957465,243
atlantico_angeles,9.9044655,-83.9570587,244
atlantico_angeles,9.9039804,-83.9565592,245
atlantico_angeles,9.9036005,-83.955898,246
atlantico_angeles,9.9033441,-83.9552775,247
atlantico_angeles,9.9031789,-83.9547239,248
atlantico_angeles,9.9029618,-83.9543334,249
atlantico_angeles,9.9029474,-83.9543088,250
atlantico_angeles,9.9024239,-83.9535909,251
atlantico_angeles,9.9020322,-83.9528499,252
atlantico_angeles,9.9018802,-83.9523534,253
atlantico_angeles,9.9018114,-83.9518453,254
atlantico_angeles,9.9017796,-83.9509529,255
atlantico_angeles,9.9017055,-83.9497632,256
atlantico_angeles,9.901658,-83.9491052,257
atlantico_angeles,9.9016539,-83.9490483,258
atlantico_angeles,9.9015634,-83.9477961,259
atlantico_angeles,9.9015032,-83.9475375,260
atlantico_angeles,9.9013584,-83.9470426,261
atlantico_angeles,9.9012105,-83.9466939,262
atlantico_angeles,9.9008723,-83.9462272,263
atlantico_angeles,9.9005552,-83.9458624,264
atlantico_angeles,9.9002804,-83.9455942,265
atlantico_angeles,9.9000109,-83.9454118,266
atlantico_angeles,9.8994296,-83.9451382,267
atlantico_angeles,9.8985946,-83.9446125,268
atlantico_angeles,9.8979552,-83.9441941,269
atlantico_angeles,9.8975684,-83.9439441,270
atlantico_angeles,9.8973096,-83.9437981,271
atlantico_angeles,9.8970969,-83.9437001,272
atlantico_angeles,9.8966975,-83.9435396,273
atlantico_angeles,9.8961998,-83.9432944,274
atlantico_angeles,9.8956771,-83.9430999,275
atlantico_angeles,9.895297,-83.9429549,276
atlantico_angeles,9.8950159,-83.9428336,277
atlantico_angeles,9.8944673,-83.9424238,278
atlantico_angeles,9.894144,-83.9421506,279
atlantico_angeles,9.893458,-83.9415709,280
atlantico_angeles,9.8931673,-83.9413509,281
atlantico_angeles,9.8927023,-83.9409861,282
atlantico_angeles,9.8923058,-83.9405906,283
atlantico_angeles,9.8919984,-83.9401783,284
atlantico_angeles,9.8917563,-83.9397899,285
atlantico_angeles,9.8916136,-83.9395109,286
atlantico_angeles,9.8915079,-83.9392051,287
atlantico_angeles,9.8914234,-83.9388618,288
atlantico_angeles,9.8913917,-83.938658,289
atlantico_angeles,9.8913864,-83.9384219,290
atlantico_angeles,9.8914181,-83.9381323,291
atlantico_angeles,9.891434,-83.9379767,292
atlantico_angeles,9.8914974,-83.9377836,293
atlantico_angeles,9.8915185,-83.9376709,294
atlantico_angeles,9.8915449,-83.9375529,295
atlantico_angeles,9.8915766,-83.9374027,296
atlantico_angeles,9.8916242,-83.9372525,297
atlantico_angeles,9.8916823,-83.937113,298
atlantico_angeles,9.8917193,-83.936936,299
atlantico_angeles,9.8917827,-83.9367643,300
atlantico_angeles,9.8918409,-83.9365498,301
atlantico_angeles,9.891862,-83.9363781,302
atlantico_angeles,9.891899,-83.9362064,303
atlantico_angeles,9.8919307,-83.9360509,304
atlantico_angeles,9.8919466,-83.935965,305
atlantico_angeles,9.8919783,-83.9357719,306
atlantico_angeles,9.8919941,-83.9355949,307
atlantico_angeles,9.8919888,-83.9354501,308
atlantico_angeles,9.8919149,-83.935273,309
atlantico_angeles,9.8918567,-83.9351604,310
atlantico_angeles,9.8917193,-83.9349994,311
atlantico_angeles,9.8916612,-83.9348975,312
atlantico_angeles,9.8915291,-83.9347902,313
atlantico_angeles,9.8914128,-83.9347259,314
atlantico_angeles,9.8912913,-83.9346668,315
atlantico_angeles,9.8911644,-83.9346186,316
atlantico_angeles,9.8910376,-83.934581,317
atlantico_angeles,9.8908421,-83.9345649,318
atlantico_angeles,9.8906994,-83.9345488,319
atlantico_angeles,9.8905461,-83.9345435,320
atlantico_angeles,9.8904352,-83.9345381,321
atlantico_angeles,9.890265,-83.9345027,322
atlantico_angeles,9.8899965,-83.9343128,323
atlantico_angeles,9.889801,-83.9339748,324
atlantico_angeles,9.8895209,-83.9333365,325
atlantico_angeles,9.8893888,-83.9329502,326
atlantico_angeles,9.8893945,-83.9328047,327
atlantico_angeles,9.8893993,-83.932682,328
atlantico_angeles,9.8894205,-83.9325908,329
atlantico_angeles,9.8894469,-83.932226,330
atlantico_angeles,9.8894839,-83.9318183,331
atlantico_angeles,9.8894628,-83.9314053,332
atlantico_angeles,9.889387,-83.9311103,333
atlantico_angeles,9.889299,-83.9309283,334
atlantico_angeles,9.8891048,-83.9305095,335
atlantico_angeles,9.8888604,-83.9301827,336
atlantico_angeles,9.8886768,-83.9300258,337
atlantico_angeles,9.888501,-83.9299037,338
atlantico_angeles,9.8879441,-83.9296118,339
atlantico_angeles,9.8877453,-83.9296033,340
atlantico_angeles,9.8873912,-83.9295734,341
atlantico_angeles,9.887249,-83.9295706,342
atlantico_angeles,9.8870637,-83.9295621,343
atlantico_angeles,9.8868363,-83.9295497,344
atlantico_angeles,9.8865816,-83.9295496,345
atlantico_angeles,9.8855684,-83.9296,346
atlantico_angeles,9.8837919,-83.92972,347
atlantico_angeles,9.8836708,-83.929717,348
atlantico_angeles,9.8834857,-83.929716,349
atlantico_angeles,9.8826772,-83.9297803,350
atlantico_angeles,9.8819637,-83.9298233,351
atlantico_angeles,9.880995,-83.9298731,352
atlantico_angeles,9.8789573,-83.929986,353
atlantico_angeles,9.8786728,-83.9300082,354
atlantico_angeles,9.8784703,-83.9300243,355
atlantico_angeles,9.8780054,-83.9300003,356
atlantico_angeles,9.8774663,-83.929952,357
atlantico_angeles,9.87721,-83.9298844,358
atlantico_angeles,9.8770594,-83.9298447,359
atlantico_angeles,9.8766736,-83.9297052,360
atlantico_angeles,9.8763641,-83.9295485,361
atlantico_angeles,9.8752853,-83.9289284,362
atlantico_angeles,9.8747936,-83.9286388,363
atlantico_angeles,9.8743219,-83.928316,364
atlantico_angeles,9.8742333,-83.9282554,365
atlantico_angeles,9.8738334,-83.9280007,366
atlantico_angeles,9.8729091,-83.9273636,367
atlantico_angeles,9.8725519,-83.9271173,368
atlantico_angeles,9.8719095,-83.9267115,369
atlantico_angeles,9.8714963,-83.9264436,370
atlantico_angeles,9.8699221,-83.925582,371
atlantico_angeles,9.869811,-83.925541,372
atlantico_angeles,9.8694095,-83.9253652,373
atlantico_angeles,9.8691459,-83.9251884,374
atlantico_angeles,9.8689621,-83.9250333,375
atlantico_angeles,9.8688608,-83.9249491,376
atlantico_angeles,9.8687844,-83.9248787,377
atlantico_angeles,9.8685145,-83.9246135,378
atlantico_angeles,9.8680098,-83.9241643,379
atlantico_angeles,9.8672316,-83.9234268,380
atlantico_angeles,9.8669703,-83.9231486,381
atlantico_angeles,9.8669114,-83.9230906,382
atlantico_angeles,9.8668837,-83.9230633,383
atlantico_angeles,9.8668423,-83.9230201,384
atlantico_angeles,9.866821,-83.9229808,385
atlantico_angeles,9.8668046,-83.9229519,386
atlantico_angeles,9.8667925,-83.9229151,387
atlantico_angeles,9.8667357,-83.9226176,388
atlantico_angeles,9.8666338,-83.9221821,389
atlantico_angeles,9.8665187,-83.9221963,390
atlantico_angeles,9.8666535,-83.9220109,391
atlantico_angeles,9.8666535,-83.9220109,392
atlantico_angeles,9.8665885,-83.9218547,393
atlantico_angeles,9.8664734,-83.9218706,394
atlantico_angeles,9.8666152,-83.9217123,395
atlantico_angeles,9.8665587,-83.9213116,396
atlantico_angeles,9.8664981,-83.9208598,397
atlantico_angeles,9.866419,-83.9202814,398
atlantico_angeles,9.866417,-83.9202666,399
atlantico_angeles,9.866339,-83.9196759,400
atlantico_angeles,9.8662708,-83.9191502,401
atlantico_angeles,9.8661524,-83.9182823,402
atlantico_angeles,9.8660269,-83.9174207,403
atlantico_angeles,9.8658705,-83.916303,404
atlantico_angeles,9.8657058,-83.9151578,405
atlantico_angeles,9.8655981,-83.9143687,406
atlantico_angeles,9.8655617,-83.9140955,407
atlantico_angeles,9.8655346,-83.9140254,408
atlantico_angeles,9.8654386,-83.9138491,409
atlantico_angeles,9.8652627,-83.9135677,410
atlantico_angeles,9.8649913,-83.9132446,411
atlantico_angeles,9.8646922,-83.9128804,412
atlantico_angeles,9.8645746,-83.9126928,413
atlantico_angeles,9.8645267,-83.9125853,414
atlantico_angeles,9.8644716,-83.9123632,415
atlantico_angeles,9.8644309,-83.9121174,416
atlantico_angeles,9.8643349,-83.9114518,417
atlantico_angeles,9.8642123,-83.9110459,418
atlantico_cartago,9.9348741,-84.0689369,0
atlantico_cartago,9.9347849,-84.0687269,1
atlantico_cartago,9.9347298,-84.068614,2
atlantico_cartago,9.9347342,-84.0686116,3
atlantico_cartago,9.9343972,-84.067946,4
atlantico_cartago,9.9343165,-84.0677596,5
atlantico_cartago,9.9341662,-84.0674254,6
atlantico_cartago,9.9340801,-84.0672424,7
atlantico_cartago,9.9340078,-84.0670711,8
atlantico_cartago,9.9337832,-84.0666193,9
atlantico_cartago,9.9336536,-84.0662543,10
atlantico_cartago,9.9336442,-84.066215,11
atlantico_cartago,9.9336275,-84.0661287,12
atlantico_cartago,9.9335718,-84.0656888,13
atlantico_cartago,9.9335423,-84.0653349,14
atlantico_cartago,9.9335552,-84.0650526,15
atlantico_cartago,9.9335683,-84.0649459,16
atlantico_cartago,9.9335883,-84.0648111,17
atlantico_cartago,9.9336919,-84.0643327,18
atlantico_cartago,9.93386,-84.0637196,19
atlantico_cartago,9.9339051,-84.0635476,20
atlantico_cartago,9.9343135,-84.0621665,21
atlantico_cartago,9.9345539,-84.0613648,22
atlantico_cartago,9.9346013,-84.0612067,23
atlantico_cartago,9.9347494,-84.0607128,24
atlantico_cartago,9.934974,-84.0599349,25
atlantico_cartago,9.9353703,-84.0585294,26
atlantico_cartago,9.935424,-84.0582103,27
atlantico_cartago,9.9354493,-84.0578951,28
atlantico_cartago,9.935449,-84.0578346,29
atlantico_cartago,9.9354472,-84.0577088,30
atlantico_cartago,9.9354447,-84.0576149,31
atlantico_cartago,9.9354263,-84.0573417,32
atlantico_cartago,9.9353809,-84.0570515,33
atlantico_cartago,9.9352778,-84.0566251,34
atlantico_cartago,9.9351827,-84.056271,35
atlantico_cartago,9.935085,-84.0559143,36
atlantico_cartago,9.9349716,-84.0555179,37
atlantico_cartago,9.9349514,-84.0554471,38
atlantico_cartago,9.9349123,-84.0553234,39
atlantico_cartago,9.9344573,-84.0537972,40
atlantico_cartago,9.9344104,-84.0536339,41
atlantico_cartago,9.9341796,-84.0528887,42
atlantico_cartago,9.9341796,-84.0528887,43
atlantico_cartago,9.9340346,-84.05241899,44
atlantico_cartago,9.9340324,-84.0523175,45
atlantico_cartago,9.9339859,-84.0521666,46
atlantico_cartago,9.9336837,-84.051054,47
atlantico_cartago,9.9334745,-84.0503073,48
atlantico_cartago,9.9332674,-84.0495966,49
atlantico_cartago,9.9332136,-84.0493276,50
atlantico_cartago,9.9329369,-84.0481679,51
atlantico_cartago,9.9328589,-84.0477108,52
atlantico_cartago,9.9327561,-84.0469136,53
atlantico_cartago,9.9327383,-84.0467622,54
atlantico_cartago,9.9326892,-84.045777,55
atlantico_cartago,9.9326469,-84.0450655,56
atlantico_cartago,9.9326429,-84.0448899,57
atlantico_cartago,9.932641,-84.0448184,58
atlantico_cartago,9.9326307,-84.0444387,59
atlantico_cartago,9.9326027,-84.0439976,60
atlantico_cartago,9.9325526,-84.0438187,61
atlantico_cartago,9.9324705,-84.0435545,62
atlantico_cartago,9.9324705,-84.0435545,63
atlantico_cartago,9.9323369,-84.043285,64
atlantico_cartago,9.9321414,-84.0429751,65
atlantico_cartago,9.9319024,-84.0426701,66
atlantico_cartago,9.93169,-84.0424946,67
atlantico_cartago,9.9312972,-84.0421986,68
atlantico_cartago,9.9309168,-84.0419831,69
atlantico_cartago,9.9304082,-84.0418368,70
atlantico_cartago,9.9300262,-84.0417014,71
atlantico_cartago,9.9276345,-84.0394379,72
atlantico_cartago,9.9273253,-84.0391439,73
atlantico_cartago,9.9252818,-84.0371297,74
atlantico_cartago,9.9252818,-84.0371297,75
atlantico_cartago,9.9234597,-84.0353344,76
atlantico_cartago,9.9231428,-84.0350499,77
atlantico_cartago,9.9229399,-84.034867,78
atlantico_cartago,9.9228788,-84.0348031,79
atlantico_cartago,9.9221199,-84.0340096,80
atlantico_cartago,9.921769,-84.0336197,81
atlantico_cartago,9.9215253,-84.0331908,82
atlantico_cartago,9.921466,-84.0328431,83
atlantico_cartago,9.9214558,-84.0323249,84
atlantico_cartago,9.9214568,-84.0316943,85
atlantico_cartago,9.9214384,-84.0314327,86
atlantico_cartago,9.9213888,-84.0311536,87
atlantico_cartago,9.9212086,-84.030715,88
atlantico_cartago,9.9208873,-84.0301829,89
atlantico_cartago,9.9200446,-84.0287662,90
atlantico_cartago,9.9197579,-84.0282919,91
atlantico_cartago,9.919603,-84.0279349,92
atlantico_cartago,9.9195202,-84.0275707,93
atlantico_cartago,9.9195248,-84.0272484,94
atlantico_cartago,9.91958,-84.0268235,95
atlantico_cartago,9.9197364,-84.0259735,96
atlantico_cartago,9.9198192,-84.0255766,97
atlantico_cartago,9.9198192,-84.0251423,98
atlantico_cartago,9.9197594,-84.0247733,99
atlantico_cartago,9.9196352,-84.0244604,100
atlantico_cartago,9.9193069,-84.0238997,101
atlantico_cartago,9.9192772,-84.0238499,102
atlantico_cartago,9.9192772,-84.0238499,103
atlantico_cartago,9.9190639,-84.023492,104
atlantico_cartago,9.9186834,-84.0228107,105
atlantico_cartago,9.9185538,-84.0223466,106
atlantico_cartago,9.918427,-84.0220547,107
atlantico_cartago,9.9182072,-84.0216427,108
atlantico_cartago,9.9177337,-84.0210848,109
atlantico_cartago,9.9174936,-84.0208473,110
atlantico_cartago,9.9170742,-84.0204325,111
atlantico_cartago,9.9168629,-84.0200463,112
atlantico_cartago,9.9167783,-84.019497,113
atlantico_cartago,9.9168544,-84.0190678,114
atlantico_cartago,9.9169981,-84.0185958,115
atlantico_cartago,9.917013,-84.0184234,116
atlantico_cartago,9.9170051,-84.0182617,117
atlantico_cartago,9.9169802,-84.0181155,118
atlantico_cartago,9.9169387,-84.017991,119
atlantico_cartago,9.9168377,-84.0177986,120
atlantico_cartago,9.9166796,-84.0175785,121
atlantico_cartago,9.9165551,-84.017423,122
atlantico_cartago,9.9164094,-84.0172445,123
atlantico_cartago,9.9160715,-84.0168981,124
atlantico_cartago,9.9156664,-84.0165045,125
atlantico_cartago,9.9155505,-84.016374,126
atlantico_cartago,9.9151089,-84.0158445,127
atlantico_cartago,9.9150049,-84.0156556,128
atlantico_cartago,9.9148455,-84.0151757,129
atlantico_cartago,9.9147936,-84.0147246,130
atlantico_cartago,9.9148337,-84.0141068,131
atlantico_cartago,9.9148197,-84.0138516,132
atlantico_cartago,9.9147876,-84.0136411,133
atlantico_cartago,9.9147103,-84.0133958,134
atlantico_cartago,9.914611,-84.0131525,135
atlantico_cartago,9.9144665,-84.0129186,136
atlantico_cartago,9.9142739,-84.0127051,137
atlantico_cartago,9.9136077,-84.0121654,138
atlantico_cartago,9.9132405,-84.0118843,139
atlantico_cartago,9.9128539,-84.0115461,140
atlantico_cartago,9.9124494,-84.0110083,141
atlantico_cartago,9.9116124,-84.0098582,142
atlantico_cartago,9.9108768,-84.0088368,143
atlantico_cartago,9.9106631,-84.0085133,144
atlantico_cartago,9.9104576,-84.0081755,145
atlantico_cartago,9.9103313,-84.007886,146
atlantico_cartago,9.9102602,-84.0075614,147
atlantico_cartago,9.9102187,-84.0071593,148
atlantico_cartago,9.9102115,-84.0068953,149
atlantico_cartago,9.9102227,-84.0066221,150
atlantico_cartago,9.9102815,-84.0063048,151
atlantico_cartago,9.9104173,-84.0059506,152
atlantico_cartago,9.9105714,-84.005587,153
atlantico_cartago,9.9110028,-84.0046627,154
atlantico_cartago,9.911135,-84.004366,155
atlantico_cartago,9.9112194,-84.0040823,156
atlantico_cartago,9.9112602,-84.0038849,157
atlantico_cartago,9.9113324,-84.0030914,158
atlantico_cartago,9.9113672,-84.0017472,159
atlantico_cartago,9.911494,-84.0005026,160
atlantico_cartago,9.9118914,-83.9995413,161
atlantico_cartago,9.9120351,-83.9990435,162
atlantico_cartago,9.9120605,-83.998314,163
atlantico_cartago,9.9118745,-83.9977217,164
atlantico_cartago,9.9114433,-83.9962283,165
atlantico_cartago,9.9114421,-83.9960366,166
atlantico_cartago,9.9114348,-83.9949236,167
atlantico_cartago,9.9115194,-83.9930611,168
atlantico_cartago,9.9114517,-83.9926921,169
atlantico_cartago,9.9112657,-83.9923573,170
atlantico_cartago,9.9106908,-83.9914389,171
atlantico_cartago,9.9104033,-83.9907008,172
atlantico_cartago,9.9103103,-83.9901085,173
atlantico_cartago,9.9101835,-83.9894734,174
atlantico_cartago,9.9102375,-83.9886537,175
atlantico_cartago,9.9102818,-83.9881061,176
atlantico_cartago,9.910283,-83.9880941,177
atlantico_cartago,9.9103088,-83.9878401,178
atlantico_cartago,9.9103557,-83.9875411,179
atlantico_cartago,9.9104425,-83.9872009,180
atlantico_cartago,9.9105077,-83.9869691,181
atlantico_cartago,9.9105739,-83.9868888,182
atlantico_cartago,9.9105927,-83.9867094,183
atlantico_cartago,9.9105927,-83.9867094,184
atlantico_cartago,9.9107363,-83.986272,185
atlantico_cartago,9.9110254,-83.9856559,186
atlantico_cartago,9.9112132,-83.9853218,187
atlantico_cartago,9.911424,-83.9850303,188
atlantico_cartago,9.9116173,-83.9847465,189
atlantico_cartago,9.9117494,-83.9845856,190
atlantico_cartago,9.9120629,-83.9841412,191
atlantico_cartago,9.9121112,-83.984048,192
atlantico_cartago,9.9121579,-83.9839577,193
atlantico_cartago,9.9123817,-83.9834759,194
atlantico_cartago,9.9125147,-83.9830433,195
atlantico_cartago,9.9125593,-83.982667,196
atlantico_cartago,9.9126608,-83.9818516,197
atlantico_cartago,9.9126733,-83.981799,198
atlantico_cartago,9.9128358,-83.9811159,199
atlantico_cartago,9.9129918,-83.9807244,200
atlantico_cartago,9.9131404,-83.9804895,201
atlantico_cartago,9.9135416,-83.9800144,202
atlantico_cartago,9.9138555,-83.9794913,203
atlantico_cartago,9.9142724,-83.9784779,204
atlantico_cartago,9.9144615,-83.9780471,205
atlantico_cartago,9.9145547,-83.9778348,206
atlantico_cartago,9.9146124,-83.97765,207
atlantico_cartago,9.9146264,-83.9776051,208
atlantico_cartago,9.9147745,-83.9771309,209
atlantico_cartago,9.914775,-83.9769586,210
atlantico_cartago,9.9147533,-83.9763347,211
atlantico_cartago,9.9145129,-83.9752925,212
atlantico_cartago,9.9143552,-83.9745486,213
atlantico_cartago,9.9143314,-83.9743913,214
atlantico_cartago,9.9141742,-83.9738265,215
atlantico_cartago,9.9139882,-83.9733372,216
atlantico_cartago,9.9134668,-83.972519,217
atlantico_cartago,9.9132949,-83.9723158,218
atlantico_cartago,9.9129567,-83.9718867,219
atlantico_cartago,9.9126354,-83.9714833,220
atlantico_cartago,9.9120098,-83.9704276,221
atlantico_cartago,9.9119313,-83.9700454,222
atlantico_cartago,9.911917,-83.9698783,223
atlantico_cartago,9.9118892,-83.9695849,224
atlantico_cartago,9.9118917,-83.9690973,225
atlantico_cartago,9.9119486,-83.9680997,226
atlantico_cartago,9.9114408,-83.9664944,227
atlantico_cartago,9.9111746,-83.9653884,228
atlantico_cartago,9.9109849,-83.9647914,229
atlantico_cartago,9.9105146,-83.9643164,230
atlantico_cartago,9.9099355,-83.9636878,231
atlantico_cartago,9.9095014,-83.962974,232
atlantico_cartago,9.9093618,-83.9627998,233
atlantico_cartago,9.9089043,-83.9622286,234
atlantico_cartago,9.9084646,-83.9614304,235
atlantico_cartago,9.9079742,-83.9602888,236
atlantico_cartago,9.9075111,-83.9591067,237
atlantico_cartago,9.9072681,-83.9585498,238
atlantico_cartago,9.9068461,-83.9580941,239
atlantico_cartago,9.9064042,-83.9577942,240
atlantico_cartago,9.9060192,-83.9576818,241
atlantico_cartago,9.9056104,-83.9575944,242
atlantico_cartago,9.9051114,-83.957465,243
atlantico_cartago,9.9044655,-83.9570587,244
atlantico_cartago,9.9039804,-83.9565592,245
atlantico_cartago,9.9036005,-83.955898,246
atlantico_cartago,9.9033441,-83.9552775,247
atlantico_cartago,9.9031789,-83.9547239,248
atlantico_cartago,9.9029618,-83.9543334,249
atlantico_cartago,9.9029474,-83.9543088,250
atlantico_cartago,9.9024239,-83.9535909,251
atlantico_cartago,9.9020322,-83.9528499,252
atlantico_cartago,9.9018802,-83.9523534,253
atlantico_cartago,9.9018114,-83.9518453,254
atlantico_cartago,9.9017796,-83.9509529,255
atlantico_cartago,9.9017055,-83.9497632,256
atlantico_cartago,9.901658,-83.9491052,257
atlantico_cartago,9.9016539,-83.9490483,258
atlantico_cartago,9.9015634,-83.9477961,259
atlantico_cartago,9.9015032,-83.9475375,260
atlantico_cartago,9.9013584,-83.9470426,261
atlantico_cartago,9.9012105,-83.9466939,262
atlantico_cartago,9.9008723,-83.9462272,263
atlantico_cartago,9.9005552,-83.9458624,264
atlantico_cartago,9.9002804,-83.9455942,265
atlantico_cartago,9.9000109,-83.9454118,266
atlantico_cartago,9.8994296,-83.9451382,267
atlantico_cartago,9.8985946,-83.9446125,268
atlantico_cartago,9.8979552,-83.9441941,269
atlantico_cartago,9.8975684,-83.9439441,270
atlantico_cartago,9.8973096,-83.9437981,271
atlantico_cartago,9.8970969,-83.9437001,272
atlantico_cartago,9.8966975,-83.9435396,273
atlantico_cartago,9.8961998,-83.9432944,274
atlantico_cartago,9.8956771,-83.9430999,275
atlantico_cartago,9.895297,-83.9429549,276
atlantico_cartago,9.8950159,-83.9428336,277
atlantico_cartago,9.8944673,-83.9424238,278
atlantico_cartago,9.894144,-83.9421506,279
atlantico_cartago,9.893458,-83.9415709,280
atlantico_cartago,9.8931673,-83.9413509,281
atlantico_cartago,9.8927023,-83.9409861,282
atlantico_cartago,9.8923058,-83.9405906,283
atlantico_cartago,9.8919984,-83.9401783,284
atlantico_cartago,9.8917563,-83.9397899,285
atlantico_cartago,9.8916136,-83.9395109,286
atlantico_cartago,9.8915079,-83.9392051,287
atlantico_cartago,9.8914234,-83.9388618,288
atlantico_cartago,9.8913917,-83.938658,289
atlantico_cartago,9.8913864,-83.9384219,290
atlantico_cartago,9.8914181,-83.9381323,291
atlantico_cartago,9.891434,-83.9379767,292
atlantico_cartago,9.8914974,-83.9377836,293
atlantico_cartago,9.8915185,-83.9376709,294
atlantico_cartago,9.8915449,-83.9375529,295
atlantico_cartago,9.8915766,-83.9374027,296
atlantico_cartago,9.8916242,-83.9372525,297
atlantico_cartago,9.8916823,-83.937113,298
atlantico_cartago,9.8917193,-83.936936,299
atlantico_cartago,9.8917827,-83.9367643,300
atlantico_cartago,9.8918409,-83.9365498,301
atlantico_cartago,9.891862,-83.9363781,302
atlantico_cartago,9.891899,-83.9362064,303
atlantico_cartago,9.8919307,-83.9360509,304
atlantico_cartago,9.8919466,-83.935965,305
atlantico_cartago,9.8919783,-83.9357719,306
atlantico_cartago,9.8919941,-83.9355949,307
atlantico_cartago,9.8919888,-83.9354501,308
atlantico_cartago,9.8919149,-83.935273,309
atlantico_cartago,9.8918567,-83.9351604,310
atlantico_cartago,9.8917193,-83.9349994,311
atlantico_cartago,9.8916612,-83.9348975,312
atlantico_cartago,9.8915291,-83.9347902,313
atlantico_cartago,9.8914128,-83.9347259,314
atlantico_cartago,9.8912913,-83.9346668,315
atlantico_cartago,9.8911644,-83.9346186,316
atlantico_cartago,9.8910376,-83.934581,317
atlantico_cartago,9.8908421,-83.9345649,318
atlantico_cartago,9.8906994,-83.9345488,319
atlantico_cartago,9.8905461,-83.9345435,320
atlantico_cartago,9.8904352,-83.9345381,321
atlantico_cartago,9.890265,-83.9345027,322
atlantico_cartago,9.8899965,-83.9343128,323
atlantico_cartago,9.889801,-83.9339748,324
atlantico_cartago,9.8895209,-83.9333365,325
atlantico_cartago,9.8893888,-83.9329502,326
atlantico_cartago,9.8893945,-83.9328047,327
atlantico_cartago,9.8893993,-83.932682,328
atlantico_cartago,9.8894205,-83.9325908,329
atlantico_cartago,9.8894469,-83.932226,330
atlantico_cartago,9.8894839,-83.9318183,331
atlantico_cartago,9.8894628,-83.9314053,332
atlantico_cartago,9.889387,-83.9311103,333
atlantico_cartago,9.889299,-83.9309283,334
atlantico_cartago,9.8891048,-83.9305095,335
atlantico_cartago,9.8888604,-83.9301827,336
atlantico_cartago,9.8886768,-83.9300258,337
atlantico_cartago,9.888501,-83.9299037,338
atlantico_cartago,9.8879441,-83.9296118,339
atlantico_cartago,9.8877453,-83.9296033,340
atlantico_cartago,9.8873912,-83.9295734,341
atlantico_cartago,9.887249,-83.9295706,342
atlantico_cartago,9.8870637,-83.9295621,343
atlantico_cartago,9.8868363,-83.9295497,344
atlantico_cartago,9.8865816,-83.9295496,345
atlantico_cartago,9.8855684,-83.9296,346
atlantico_cartago,9.8837919,-83.92972,347
atlantico_cartago,9.8836708,-83.929717,348
atlantico_cartago,9.8834857,-83.929716,349
atlantico_cartago,9.8826772,-83.9297803,350
atlantico_cartago,9.8819637,-83.9298233,351
atlantico_cartago,9.880995,-83.9298731,352
atlantico_cartago,9.8789573,-83.929986,353
atlantico_cartago,9.8786728,-83.9300082,354
atlantico_cartago,9.8784703,-83.9300243,355
atlantico_cartago,9.8780054,-83.9300003,356
atlantico_cartago,9.8774663,-83.929952,357
atlantico_cartago,9.87721,-83.9298844,358
atlantico_cartago,9.8770594,-83.9298447,359
atlantico_cartago,9.8766736,-83.9297052,360
atlantico_cartago,9.8763641,-83.9295485,361
atlantico_cartago,9.8752853,-83.9289284,362
atlantico_cartago,9.8747936,-83.9286388,363
atlantico_cartago,9.8743219,-83.928316,364
atlantico_cartago,9.8742333,-83.9282554,365
atlantico_cartago,9.8738334,-83.9280007,366
atlantico_cartago,9.8729091,-83.9273636,367
atlantico_cartago,9.8725519,-83.9271173,368
atlantico_cartago,9.8719095,-83.9267115,369
atlantico_cartago,9.8714963,-83.9264436,370
atlantico_cartago,9.8699221,-83.925582,371
atlantico_cartago,9.869811,-83.925541,372
atlantico_cartago,9.8694095,-83.9253652,373
atlantico_cartago,9.8691459,-83.9251884,374
atlantico_cartago,9.8689621,-83.9250333,375
atlantico_cartago,9.8688608,-83.9249491,376
atlantico_cartago,9.8687844,-83.9248787,377
atlantico_cartago,9.8685145,-83.9246135,378
atlantico_cartago,9.8680098,-83.9241643,379
atlantico_cartago,9.8672316,-83.9234268,380
atlantico_cartago,9.8669703,-83.9231486,381
atlantico_cartago,9.8669114,-83.9230906,382
atlantico_cartago,9.8668837,-83.9230633,383
atlantico_cartago,9.8668423,-83.9230201,384
atlantico_cartago,9.866821,-83.9229808,385
atlantico_cartago,9.8668046,-83.9229519,386
atlantico_cartago,9.8667925,-83.9229151,387
atlantico_cartago,9.8667357,-83.9226176,388
atlantico_cartago,9.8666338,-83.9221821,389
atlantico_cartago,9.8665187,-83.9221963,390
atlantico_cartago,9.8666535,-83.9220109,391
cartago_atlantico,9.8666535,-83.9220109,0
cartago_atlantico,9.8665187,-83.9221963,1
cartago_atlantico,9.8666338,-83.9221821,2
cartago_atlantico,9.8667357,-83.9226176,3
cartago_atlantico,9.8667925,-83.9229151,4
cartago_atlantico,9.8668046,-83.9229519,5
cartago_atlantico,9.866821,-83.9229808,6
cartago_atlantico,9.8668423,-83.9230201,7
cartago_atlantico,9.8668837,-83.9230633,8
cartago_atlantico,9.8669114,-83.9230906,9
cartago_atlantico,9.8669703,-83.9231486,10
cartago_atlantico,9.8672316,-83.9234268,11
cartago_atlantico,9.8680098,-83.9241643,12
cartago_atlantico,9.8685145,-83.9246135,13
cartago_atlantico,9.8687844,-83.9248787,14
cartago_atlantico,9.8688608,-83.9249491,15
cartago_atlantico,9.8689621,-83.9250333,16
cartago_atlantico,9.8691459,-83.9251884,17
cartago_atlantico,9.8694095,-83.9253652,18
cartago_atlantico,9.869811,-83.925541,19
cartago_atlantico,9.8699221,-83.925582,20
cartago_atlantico,9.8714963,-83.9264436,21
cartago_atlantico,9.8719095,-83.9267115,22
cartago_atlantico,9.8725519,-83.9271173,23
cartago_atlantico,9.8729091,-83.9273636,24
cartago_atlantico,9.8738334,-83.9280007,25
cartago_atlantico,9.8742333,-83.9282554,26
cartago_atlantico,9.8743219,-83.928316,27
cartago_atlantico,9.8747936,-83.9286388,28
cartago_atlantico,9.8752853,-83.9289284,29
cartago_atlantico,9.8763641,-83.9295485,30
cartago_atlantico,9.8766736,-83.9297052,31
cartago_atlantico,9.8770594,-83.9298447,32
cartago_atlantico,9.87721,-83.9298844,33
cartago_atlantico,9.8774663,-83.929952,34
cartago_atlantico,9.8780054,-83.9300003,35
cartago_atlantico,9.8784703,-83.9300243,36
cartago_atlantico,9.8786728,-83.9300082,37
cartago_atlantico,9.8789573,-83.929986,38
cartago_atlantico,9.880995,-83.9298731,39
cartago_atlantico,9.8819637,-83.9298233,40
cartago_atlantico,9.8826772,-83.9297803,41
cartago_atlantico,9.8834857,-83.929716,42
cartago_atlantico,9.8836708,-83.929717,43
cartago_atlantico,9.8837919,-83.92972,44
cartago_atlantico,9.8855684,-83.9296,45
cartago_atlantico,9.8865816,-83.9295496,46
cartago_atlantico,9.8868363,-83.9295497,47
cartago_atlantico,9.8870637,-83.9295621,48
cartago_atlantico,9.887249,-83.9295706,49
cartago_atlantico,9.8873912,-83.9295734,50
cartago_atlantico,9.8877453,-83.9296033,51
cartago_atlantico,9.8879441,-83.9296118,52
cartago_atlantico,9.888501,-83.9299037,53
cartago_atlantico,9.8886768,-83.9300258,54
cartago_atlantico,9.8888604,-83.9301827,55
cartago_atlantico,9.8891048,-83.9305095,56
cartago_atlantico,9.889299,-83.9309283,57
cartago_atlantico,9.889387,-83.9311103,58
cartago_atlantico,9.8894628,-83.9314053,59
cartago_atlantico,9.8894839,-83.9318183,60
cartago_atlantico,9.8894469,-83.932226,61
cartago_atlantico,9.8894205,-83.9325908,62
cartago_atlantico,9.8893993,-83.932682,63
cartago_atlantico,9.8893945,-83.9328047,64
cartago_atlantico,9.8893888,-83.9329502,65
cartago_atlantico,9.8895209,-83.9333365,66
cartago_atlantico,9.889801,-83.9339748,67
cartago_atlantico,9.8899965,-83.9343128,68
cartago_atlantico,9.890265,-83.9345027,69
cartago_atlantico,9.8904352,-83.9345381,70
cartago_atlantico,9.8905461,-83.9345435,71
cartago_atlantico,9.8906994,-83.9345488,72
cartago_atlantico,9.8908421,-83.9345649,73
cartago_atlantico,9.8910376,-83.934581,74
cartago_atlantico,9.8911644,-83.9346186,75
cartago_atlantico,9.8912913,-83.9346668,76
cartago_atlantico,9.8914128,-83.9347259,77
cartago_atlantico,9.8915291,-83.9347902,78
cartago_atlantico,9.8916612,-83.9348975,79
cartago_atlantico,9.8917193,-83.9349994,80
cartago_atlantico,9.8918567,-83.9351604,81
cartago_atlantico,9.8919149,-83.935273,82
cartago_atlantico,9.8919888,-83.9354501,83
cartago_atlantico,9.8919941,-83.9355949,84
cartago_atlantico,9.8919783,-83.9357719,85
cartago_atlantico,9.8919466,-83.935965,86
cartago_atlantico,9.8919307,-83.9360509,87
cartago_atlantico,9.891899,-83.9362064,88
cartago_atlantico,9.891862,-83.9363781,89
cartago_atlantico,9.8918409,-83.9365498,90
cartago_atlantico,9.8917827,-83.9367643,91
cartago_atlantico,9.8917193,-83.936936,92
cartago_atlantico,9.8916823,-83.937113,93
cartago_atlantico,9.8916242,-83.9372525,94
cartago_atlantico,9.8915766,-83.9374027,95
cartago_atlantico,9.8915449,-83.9375529,96
cartago_atlantico,9.8915185,-83.9376709,97
cartago_atlantico,9.8914974,-83.9377836,98
cartago_atlantico,9.891434,-83.9379767,99
cartago_atlantico,9.8914181,-83.9381323,100
cartago_atlantico,9.8913864,-83.9384219,101
cartago_atlantico,9.8913917,-83.938658,102
cartago_atlantico,9.8914234,-83.9388618,103
cartago_atlantico,9.8915079,-83.9392051,104
cartago_atlantico,9.8916136,-83.9395109,105
cartago_atlantico,9.8917563,-83.9397899,106
cartago_atlantico,9.8919984,-83.9401783,107
cartago_atlantico,9.8923058,-83.9405906,108
cartago_atlantico,9.8927023,-83.9409861,109
cartago_atlantico,9.8931673,-83.9413509,110
cartago_atlantico,9.893458,-83.9415709,111
cartago_atlantico,9.894144,-83.9421506,112
cartago_atlantico,9.8944673,-83.9424238,113
cartago_atlantico,9.8950159,-83.9428336,114
cartago_atlantico,9.895297,-83.9429549,115
cartago_atlantico,9.8956771,-83.9430999,116
cartago_atlantico,9.8961998,-83.9432944,117
cartago_atlantico,9.8966975,-83.9435396,118
cartago_atlantico,9.8970969,-83.9437001,119
cartago_atlantico,9.8973096,-83.9437981,120
cartago_atlantico,9.8975684,-83.9439441,121
cartago_atlantico,9.8979552,-83.9441941,122
cartago_atlantico,9.8985946,-83.9446125,123
cartago_atlantico,9.8994296,-83.9451382,124
cartago_atlantico,9.9000109,-83.9454118,125
cartago_atlantico,9.9002804,-83.9455942,126
cartago_atlantico,9.9005552,-83.9458624,127
cartago_atlantico,9.9008723,-83.9462272,128
cartago_atlantico,9.9012105,-83.9466939,129
cartago_atlantico,9.9013584,-83.9470426,130
cartago_atlantico,9.9015032,-83.9475375,131
cartago_atlantico,9.9015634,-83.9477961,132
cartago_atlantico,9.9016539,-83.9490483,133
cartago_atlantico,9.901658,-83.9491052,134
cartago_atlantico,9.9017055,-83.9497632,135
cartago_atlantico,9.9017796,-83.9509529,136
cartago_atlantico,9.9018114,-83.9518453,137
cartago_atlantico,9.9018802,-83.9523534,138
cartago_atlantico,9.9020322,-83.9528499,139
cartago_atlantico,9.9024239,-83.9535909,140
cartago_atlantico,9.9029474,-83.9543088,141
cartago_atlantico,9.9029618,-83.9543334,142
cartago_atlantico,9.9031789,-83.9547239,143
cartago_atlantico,9.9033441,-83.9552775,144
cartago_atlantico,9.9036005,-83.955898,145
cartago_atlantico,9.9039804,-83.9565592,146
cartago_atlantico,9.9044655,-83.9570587,147
cartago_atlantico,9.9051114,-83.957465,148
cartago_atlantico,9.9056104,-83.9575944,149
cartago_atlantico,9.9060192,-83.9576818,150
cartago_atlantico,9.9064042,-83.9577942,151
cartago_atlantico,9.9068461,-83.9580941,152
cartago_atlantico,9.9072681,-83.9585498,153
cartago_atlantico,9.9075111,-83.9591067,154
cartago_atlantico,9.9079742,-83.9602888,155
cartago_atlantico,9.9084646,-83.9614304,156
cartago_atlantico,9.9089043,-83.9622286,157
cartago_atlantico,9.9093618,-83.9627998,158
cartago_atlantico,9.9095014,-83.962974,159
cartago_atlantico,9.9099355,-83.9636878,160
cartago_atlantico,9.9105146,-83.9643164,161
cartago_atlantico,9.9109849,-83.9647914,162
cartago_atlantico,9.9111746,-83.9653884,163
cartago_atlantico,9.9114408,-83.9664944,164
cartago_atlantico,9.9119486,-83.9680997,165
cartago_atlantico,9.9118917,-83.9690973,166
cartago_atlantico,9.9118892,-83.9695849,167
cartago_atlantico,9.911917,-83.9698783,168
cartago_atlantico,9.9119313,-83.9700454,169
cartago_atlantico,9.9120098,-83.9704276,170
cartago_atlantico,9.9126354,-83.9714833,171
cartago_atlantico,9.9129567,-83.9718867,172
cartago_atlantico,9.9132949,-83.9723158,173
cartago_atlantico,9.9134668,-83.972519,174
cartago_atlantico,9.9139882,-83.9733372,175
cartago_atlantico,9.9141742,-83.9738265,176
cartago_atlantico,9.9143314,-83.9743913,177
cartago_atlantico,9.9143552,-83.9745486,178
cartago_atlantico,9.9145129,-83.9752925,179
cartago_atlantico,9.9147533,-83.9763347,180
cartago_atlantico,9.914775,-83.9769586,181
cartago_atlantico,9.9147745,-83.9771309,182
cartago_atlantico,9.9146264,-83.9776051,183
cartago_atlantico,9.9146124,-83.97765,184
cartago_atlantico,9.9145547,-83.9778348,185
cartago_atlantico,9.9144615,-83.9780471,186
cartago_atlantico,9.9142724,-83.9784779,187
cartago_atlantico,9.9138555,-83.9794913,188
cartago_atlantico,9.9135416,-83.9800144,189
cartago_atlantico,9.9131404,-83.9804895,190
cartago_atlantico,9.9129918,-83.9807244,191
cartago_atlantico,9.9128358,-83.9811159,192
cartago_atlantico,9.9126733,-83.981799,193
cartago_atlantico,9.9126608,-83.9818516,194
cartago_atlantico,9.9125593,-83.982667,195
cartago_atlantico,9.9125147,-83.9830433,196
cartago_atlantico,9.9123817,-83.9834759,197
cartago_atlantico,9.9121579,-83.9839577,198
cartago_atlantico,9.9121112,-83.984048,199
cartago_atlantico,9.9120629,-83.9841412,200
cartago_atlantico,9.9117494,-83.9845856,201
cartago_atlantico,9.9116173,-83.9847465,202
cartago_atlantico,9.911424,-83.9850303,203
cartago_atlantico,9.9112132,-83.9853218,204
cartago_atlantico,9.9110254,-83.9856559,205
cartago_atlantico,9.9107363,-83.986272,206
cartago_atlantico,9.9105927,-83.9867094,207
cartago_atlantico,9.9105927,-83.9867094,208
cartago_atlantico,9.9105739,-83.9868888,209
cartago_atlantico,9.9105077,-83.9869691,210
cartago_atlantico,9.9104425,-83.9872009,211
cartago_atlantico,9.9103557,-83.9875411,212
cartago_atlantico,9.9103088,-83.9878401,213
cartago_atlantico,9.910283,-83.9880941,214
cartago_atlantico,9.9102818,-83.9881061,215
cartago_atlantico,9.9102375,-83.9886537,216
cartago_atlantico,9.9101835,-83.9894734,217
cartago_atlantico,9.9103103,-83.9901085,218
cartago_atlantico,9.9104033,-83.9907008,219
cartago_atlantico,9.9106908,-83.9914389,220
cartago_atlantico,9.9112657,-83.9923573,221
cartago_atlantico,9.9114517,-83.9926921,222
cartago_atlantico,9.9115194,-83.9930611,223
cartago_atlantico,9.9114348,-83.9949236,224
cartago_atlantico,9.9114421,-83.9960366,225
cartago_atlantico,9.9114433,-83.9962283,226
cartago_atlantico,9.9118745,-83.9977217,227
cartago_atlantico,9.9120605,-83.998314,228
cartago_atlantico,9.9120351,-83.9990435,229
cartago_atlantico,9.9118914,-83.9995413,230
cartago_atlantico,9.911494,-84.0005026,231
cartago_atlantico,9.9113672,-84.0017472,232
cartago_atlantico,9.9113324,-84.0030914,233
cartago_atlantico,9.9112602,-84.0038849,234
cartago_atlantico,9.9112194,-84.0040823,235
cartago_atlantico,9.911135,-84.004366,236
cartago_atlantico,9.9110028,-84.0046627,237
cartago_atlantico,9.9105714,-84.005587,238
cartago_atlantico,9.9104173,-84.0059506,239
cartago_atlantico,9.9102815,-84.0063048,240
cartago_atlantico,9.9102227,-84.0066221,241
cartago_atlantico,9.9102115,-84.0068953,242
cartago_atlantico,9.9102187,-84.0071593,243
cartago_atlantico,9.9102602,-84.0075614,244
cartago_atlantico,9.9103313,-84.007886,245
cartago_atlantico,9.9104576,-84.0081755,246
cartago_atlantico,9.9106631,-84.0085133,247
cartago_atlantico,9.9108768,-84.0088368,248
cartago_atlantico,9.9116124,-84.0098582,249
cartago_atlantico,9.9124494,-84.0110083,250
cartago_atlantico,9.9128539,-84.0115461,251
cartago_atlantico,9.9132405,-84.0118843,252
cartago_atlantico,9.9136077,-84.0121654,253
cartago_atlantico,9.9142739,-84.0127051,254
cartago_atlantico,9.9144665,-84.0129186,255
cartago_atlantico,9.914611,-84.0131525,256
cartago_atlantico,9.9147103,-84.0133958,257
cartago_atlantico,9.9147876,-84.0136411,258
cartago_atlantico,9.9148197,-84.0138516,259
cartago_atlantico,9.9148337,-84.0141068,260
cartago_atlantico,9.9147936,-84.0147246,261
cartago_atlantico,9.9148455,-84.0151757,262
cartago_atlantico,9.9150049,-84.0156556,263
cartago_atlantico,9.9151089,-84.0158445,264
cartago_atlantico,9.9155505,-84.016374,265
cartago_atlantico,9.9156664,-84.0165045,266
cartago_atlantico,9.9160715,-84.0168981,267
cartago_atlantico,9.9164094,-84.0172445,268
cartago_atlantico,9.9165551,-84.017423,269
cartago_atlantico,9.9166796,-84.0175785,270
cartago_atlantico,9.9168377,-84.0177986,271
cartago_atlantico,9.9169387,-84.017991,272
cartago_atlantico,9.9169802,-84.0181155,273
cartago_atlantico,9.9170051,-84.0182617,274
cartago_atlantico,9.917013,-84.0184234,275
cartago_atlantico,9.9169981,-84.0185958,276
cartago_atlantico,9.9168544,-84.0190678,277
cartago_atlantico,9.9167783,-84.019497,278
cartago_atlantico,9.9168629,-84.0200463,279
cartago_atlantico,9.9170742,-84.0204325,280
cartago_atlantico,9.9174936,-84.0208473,281
cartago_atlantico,9.9177337,-84.0210848,282
cartago_atlantico,9.9182072,-84.0216427,283
cartago_atlantico,9.918427,-84.0220547,284
cartago_atlantico,9.9185538,-84.0223466,285
cartago_atlantico,9.9186834,-84.0228107,286
cartago_atlantico,9.9190639,-84.023492,287
cartago_atlantico,9.9192772,-84.0238499,288
cartago_atlantico,9.9192772,-84.0238499,289
cartago_atlantico,9.9193069,-84.0238997,290
cartago_atlantico,9.9196352,-84.0244604,291
cartago_atlantico,9.9197594,-84.0247733,292
cartago_atlantico,9.9198192,-84.0251423,293
cartago_atlantico,9.9198192,-84.0255766,294
cartago_atlantico,9.9197364,-84.0259735,295
cartago_atlantico,9.91958,-84.0268235,296
cartago_atlantico,9.9195248,-84.0272484,297
cartago_atlantico,9.9195202,-84.0275707,298
cartago_atlantico,9.919603,-84.0279349,299
cartago_atlantico,9.9197579,-84.0282919,300
cartago_atlantico,9.9200446,-84.0287662,301
cartago_atlantico,9.9208873,-84.0301829,302
cartago_atlantico,9.9212086,-84.030715,303
cartago_atlantico,9.9213888,-84.0311536,304
cartago_atlantico,9.9214384,-84.0314327,305
cartago_atlantico,9.9214568,-84.0316943,306
cartago_atlantico,9.9214558,-84.0323249,307
cartago_atlantico,9.921466,-84.0328431,308
cartago_atlantico,9.9215253,-84.0331908,309
cartago_atlantico,9.921769,-84.0336197,310
cartago_atlantico,9.9221199,-84.0340096,311
cartago_atlantico,9.9228788,-84.0348031,312
cartago_atlantico,9.9229399,-84.034867,313
cartago_atlantico,9.9231428,-84.0350499,314
cartago_atlantico,9.9234597,-84.0353344,315
cartago_atlantico,9.9252818,-84.0371297,316
cartago_atlantico,9.9252818,-84.0371297,317
cartago_atlantico,9.9273253,-84.0391439,318
cartago_atlantico,9.9276345,-84.0394379,319
cartago_atlantico,9.9300262,-84.0417014,320
cartago_atlantico,9.9304082,-84.0418368,321
cartago_atlantico,9.9309168,-84.0419831,322
cartago_atlantico,9.9312972,-84.0421986,323
cartago_atlantico,9.93169,-84.0424946,324
cartago_atlantico,9.9319024,-84.0426701,325
cartago_atlantico,9.9321414,-84.0429751,326
cartago_atlantico,9.9323369,-84.043285,327
cartago_atlantico,9.9324705,-84.0435545,328
cartago_atlantico,9.9324705,-84.0435545,329
cartago_atlantico,9.9325526,-84.0438187,330
cartago_atlantico,9.9326027,-84.0439976,331
cartago_atlantico,9.9326307,-84.0444387,332
cartago_atlantico,9.932641,-84.0448184,333
cartago_atlantico,9.9326429,-84.0448899,334
cartago_atlantico,9.9326469,-84.0450655,335
cartago_atlantico,9.9326892,-84.045777,336
cartago_atlantico,9.9327383,-84.0467622,337
cartago_atlantico,9.9327561,-84.0469136,338
cartago_atlantico,9.9328589,-84.0477108,339
cartago_atlantico,9.9329369,-84.0481679,340
cartago_atlantico,9.9332136,-84.0493276,341
cartago_atlantico,9.9332674,-84.0495966,342
cartago_atlantico,9.9334745,-84.0503073,343
cartago_atlantico,9.9336837,-84.051054,344
cartago_atlantico,9.9339859,-84.0521666,345
cartago_atlantico,9.9340324,-84.0523175,346
cartago_atlantico,9.9340346,-84.05241899,347
cartago_atlantico,9.9341796,-84.0528887,348
cartago_atlantico,9.9341796,-84.0528887,349
cartago_atlantico,9.9344104,-84.0536339,350
cartago_atlantico,9.9344573,-84.0537972,351
cartago_atlantico,9.9349123,-84.0553234,352
cartago_atlantico,9.9349514,-84.0554471,353
cartago_atlantico,9.9349716,-84.0555179,354
cartago_atlantico,9.935085,-84.0559143,355
cartago_atlantico,9.9351827,-84.056271,356
cartago_atlantico,9.9352778,-84.0566251,357
cartago_atlantico,9.9353809,-84.0570515,358
cartago_atlantico,9.9354263,-84.0573417,359
cartago_atlantico,9.9354447,-84.0576149,360
cartago_atlantico,9.9354472,-84.0577088,361
cartago_atlantico,9.935449,-84.0578346,362
cartago_atlantico,9.9354493,-84.0578951,363
cartago_atlantico,9.935424,-84.0582103,364
cartago_atlantico,9.9353703,-84.0585294,365
cartago_atlantico,9.934974,-84.0599349,366
cartago_atlantico,9.9347494,-84.0607128,367
cartago_atlantico,9.9346013,-84.0612067,368
cartago_atlantico,9.9345539,-84.0613648,369
cartago_atlantico,9.9343135,-84.0621665,370
cartago_atlantico,9.9339051,-84.0635476,371
cartago_atlantico,9.93386,-84.0637196,372
cartago_atlantico,9.9336919,-84.0643327,373
cartago_atlantico,9.9335883,-84.0648111,374
cartago_atlantico,9.9335683,-84.0649459,375
cartago_atlantico,9.9335552,-84.0650526,376
cartago_atlantico,9.9335423,-84.0653349,377
cartago_atlantico,9.9335718,-84.0656888,378
cartago_atlantico,9.9336275,-84.0661287,379
cartago_atlantico,9.9336442,-84.066215,380
cartago_atlantico,9.9336536,-84.0662543,381
cartago_atlantico,9.9337832,-84.0666193,382
cartago_atlantico,9.9340078,-84.0670711,383
cartago_atlantico,9.9340801,-84.0672424,384
cartago_atlantico,9.9341662,-84.0674254,385
cartago_atlantico,9.9343165,-84.0677596,386
cartago_atlantico,9.9343972,-84.067946,387
cartago_atlantico,9.9347342,-84.0686116,388
cartago_atlantico,9.9347298,-84.068614,389
cartago_atlantico,9.9347849,-84.0687269,390
cartago_atlantico,9.9348741,-84.0689369,391
angeles_atlantico,9.8642123,-83.9110459,0
angeles_atlantico,9.8643349,-83.9114518,1
angeles_atlantico,9.8644309,-83.9121174,2
angeles_atlantico,9.8644716,-83.9123632,3
angeles_atlantico,9.8645267,-83.9125853,4
angeles_atlantico,9.8645746,-83.9126928,5
angeles_atlantico,9.8646922,-83.9128804,6
angeles_atlantico,9.8649913,-83.9132446,7
angeles_atlantico,9.8652627,-83.9135677,8
angeles_atlantico,9.8654386,-83.9138491,9
angeles_atlantico,9.8655346,-83.9140254,10
angeles_atlantico,9.8655617,-83.9140955,11
angeles_atlantico,9.8655981,-83.9143687,12
angeles_atlantico,9.8657058,-83.9151578,13
angeles_atlantico,9.8658705,-83.916303,14
angeles_atlantico,9.8660269,-83.9174207,15
angeles_atlantico,9.8661524,-83.9182823,16
angeles_atlantico,9.8662708,-83.9191502,17
angeles_atlantico,9.866339,-83.9196759,18
angeles_atlantico,9.866417,-83.9202666,19
angeles_atlantico,9.866419,-83.9202814,20
angeles_atlantico,9.8664981,-83.9208598,21
angeles_atlantico,9.8665587,-83.9213116,22
angeles_atlantico,9.8666152,-83.9217123,23
angeles_atlantico,9.8664734,-83.9218706,24
angeles_atlantico,9.8665885,-83.9218547,25
angeles_atlantico,9.8666535,-83.9220109,26
angeles_atlantico,9.8666535,-83.9220109,27
angeles_atlantico,9.8665187,-83.9221963,28
angeles_atlantico,9.8666338,-83.9221821,29
angeles_atlantico,9.8667357,-83.9226176,30
angeles_atlantico,9.8667925,-83.9229151,31
angeles_atlantico,9.8668046,-83.9229519,32
angeles_atlantico,9.866821,-83.9229808,33
angeles_atlantico,9.8668423,-83.9230201,34
angeles_atlantico,9.8668837,-83.9230633,35
angeles_atlantico,9.8669114,-83.9230906,36
angeles_atlantico,9.8669703,-83.9231486,37
angeles_atlantico,9.8672316,-83.9234268,38
angeles_atlantico,9.8680098,-83.9241643,39
angeles_atlantico,9.8685145,-83.9246135,40
angeles_atlantico,9.8687844,-83.9248787,41
angeles_atlantico,9.8688608,-83.9249491,42
angeles_atlantico,9.8689621,-83.9250333,43
angeles_atlantico,9.8691459,-83.9251884,44
angeles_atlantico,9.8694095,-83.9253652,45
angeles_atlantico,9.869811,-83.925541,46
angeles_atlantico,9.8699221,-83.925582,47
angeles_atlantico,9.8714963,-83.9264436,48
angeles_atlantico,9.8719095,-83.9267115,49
angeles_atlantico,9.8725519,-83.9271173,50
angeles_atlantico,9.8729091,-83.9273636,51
angeles_atlantico,9.8738334,-83.9280007,52
angeles_atlantico,9.8742333,-83.9282554,53
angeles_atlantico,9.8743219,-83.928316,54
angeles_atlantico,9.8747936,-83.9286388,55
angeles_atlantico,9.8752853,-83.9289284,56
angeles_atlantico,9.8763641,-83.9295485,57
angeles_atlantico,9.8766736,-83.9297052,58
angeles_atlantico,9.8770594,-83.9298447,59
angeles_atlantico,9.87721,-83.9298844,60
angeles_atlantico,9.8774663,-83.929952,61
angeles_atlantico,9.8780054,-83.9300003,62
angeles_atlantico,9.8784703,-83.9300243,63
angeles_atlantico,9.8786728,-83.9300082,64
angeles_atlantico,9.8789573,-83.929986,65
angeles_atlantico,9.880995,-83.9298731,66
angeles_atlantico,9.8819637,-83.9298233,67
angeles_atlantico,9.8826772,-83.9297803,68
angeles_atlantico,9.8834857,-83.929716,69
angeles_atlantico,9.8836708,-83.929717,70
angeles_atlantico,9.8837919,-83.92972,71
angeles_atlantico,9.8855684,-83.9296,72
angeles_atlantico,9.8865816,-83.9295496,73
angeles_atlantico,9.8868363,-83.9295497,74
angeles_atlantico,9.8870637,-83.9295621,75
angeles_atlantico,9.887249,-83.9295706,76
angeles_atlantico,9.8873912,-83.9295734,77
angeles_atlantico,9.8877453,-83.9296033,78
angeles_atlantico,9.8879441,-83.9296118,79
angeles_atlantico,9.888501,-83.9299037,80
angeles_atlantico,9.8886768,-83.9300258,81
angeles_atlantico,9.8888604,-83.9301827,82
angeles_atlantico,9.8891048,-83.9305095,83
angeles_atlantico,9.889299,-83.9309283,84
angeles_atlantico,9.889387,-83.9311103,85
angeles_atlantico,9.8894628,-83.9314053,86
angeles_atlantico,9.8894839,-83.9318183,87
angeles_atlantico,9.8894469,-83.932226,88
angeles_atlantico,9.8894205,-83.9325908,89
angeles_atlantico,9.8893993,-83.932682,90
angeles_atlantico,9.8893945,-83.9328047,91
angeles_atlantico,9.8893888,-83.9329502,92
angeles_atlantico,9.8895209,-83.9333365,93
angeles_atlantico,9.889801,-83.9339748,94
angeles_atlantico,9.8899965,-83.9343128,95
angeles_atlantico,9.890265,-83.9345027,96
angeles_atlantico,9.8904352,-83.9345381,97
angeles_atlantico,9.8905461,-83.9345435,98
angeles_atlantico,9.8906994,-83.9345488,99
angeles_atlantico,9.8908421,-83.9345649,100
angeles_atlantico,9.8910376,-83.934581,101
angeles_atlantico,9.8911644,-83.9346186,102
angeles_atlantico,9.8912913,-83.9346668,103
angeles_atlantico,9.8914128,-83.9347259,104
angeles_atlantico,9.8915291,-83.9347902,105
angeles_atlantico,9.8916612,-83.9348975,106
angeles_atlantico,9.8917193,-83.9349994,107
angeles_atlantico,9.8918567,-83.9351604,108
angeles_atlantico,9.8919149,-83.935273,109
angeles_atlantico,9.8919888,-83.9354501,110
angeles_atlantico,9.8919941,-83.9355949,111
angeles_atlantico,9.8919783,-83.9357719,112
angeles_atlantico,9.8919466,-83.935965,113
angeles_atlantico,9.8919307,-83.9360509,114
angeles_atlantico,9.891899,-83.9362064,115
angeles_atlantico,9.891862,-83.9363781,116
angeles_atlantico,9.8918409,-83.9365498,117
angeles_atlantico,9.8917827,-83.9367643,118
angeles_atlantico,9.8917193,-83.936936,119
angeles_atlantico,9.8916823,-83.937113,120
angeles_atlantico,9.8916242,-83.9372525,121
angeles_atlantico,9.8915766,-83.9374027,122
angeles_atlantico,9.8915449,-83.9375529,123
angeles_atlantico,9.8915185,-83.9376709,124
angeles_atlantico,9.8914974,-83.9377836,125
angeles_atlantico,9.891434,-83.9379767,126
angeles_atlantico,9.8914181,-83.9381323,127
angeles_atlantico,9.8913864,-83.9384219,128
angeles_atlantico,9.8913917,-83.938658,129
angeles_atlantico,9.8914234,-83.9388618,130
angeles_atlantico,9.8915079,-83.9392051,131
angeles_atlantico,9.8916136,-83.9395109,132
angeles_atlantico,9.8917563,-83.9397899,133
angeles_atlantico,9.8919984,-83.9401783,134
angeles_atlantico,9.8923058,-83.9405906,135
angeles_atlantico,9.8927023,-83.9409861,136
angeles_atlantico,9.8931673,-83.9413509,137
angeles_atlantico,9.893458,-83.9415709,138
angeles_atlantico,9.894144,-83.9421506,139
angeles_atlantico,9.8944673,-83.9424238,140
angeles_atlantico,9.8950159,-83.9428336,141
angeles_atlantico,9.895297,-83.9429549,142
angeles_atlantico,9.8956771,-83.9430999,143
angeles_atlantico,9.8961998,-83.9432944,144
angeles_atlantico,9.8966975,-83.9435396,145
angeles_atlantico,9.8970969,-83.9437001,146
angeles_atlantico,9.8973096,-83.9437981,147
angeles_atlantico,9.8975684,-83.9439441,148
angeles_atlantico,9.8979552,-83.9441941,149
angeles_atlantico,9.8985946,-83.9446125,150
angeles_atlantico,9.8994296,-83.9451382,151
angeles_atlantico,9.9000109,-83.9454118,152
angeles_atlantico,9.9002804,-83.9455942,153
angeles_atlantico,9.9005552,-83.9458624,154
angeles_atlantico,9.9008723,-83.9462272,155
angeles_atlantico,9.9012105,-83.9466939,156
angeles_atlantico,9.9013584,-83.9470426,157
angeles_atlantico,9.9015032,-83.9475375,158
angeles_atlantico,9.9015634,-83.9477961,159
angeles_atlantico,9.9016539,-83.9490483,160
angeles_atlantico,9.901658,-83.9491052,161
angeles_atlantico,9.9017055,-83.9497632,162
angeles_atlantico,9.9017796,-83.9509529,163
angeles_atlantico,9.9018114,-83.9518453,164
angeles_atlantico,9.9018802,-83.9523534,165
angeles_atlantico,9.9020322,-83.9528499,166
angeles_atlantico,9.9024239,-83.9535909,167
angeles_atlantico,9.9029474,-83.9543088,168
angeles_atlantico,9.9029618,-83.9543334,169
angeles_atlantico,9.9031789,-83.9547239,170
angeles_atlantico,9.9033441,-83.9552775,171
angeles_atlantico,9.9036005,-83.955898,172
angeles_atlantico,9.9039804,-83.9565592,173
angeles_atlantico,9.9044655,-83.9570587,174
angeles_atlantico,9.9051114,-83.957465,175
angeles_atlantico,9.9056104,-83.9575944,176
angeles_atlantico,9.9060192,-83.9576818,177
angeles_atlantico,9.9064042,-83.9577942,178
angeles_atlantico,9.9068461,-83.9580941,179
angeles_atlantico,9.9072681,-83.9585498,180
angeles_atlantico,9.9075111,-83.9591067,181
angeles_atlantico,9.9079742,-83.9602888,182
angeles_atlantico,9.9084646,-83.9614304,183
angeles_atlantico,9.9089043,-83.9622286,184
angeles_atlantico,9.9093618,-83.9627998,185
angeles_atlantico,9.9095014,-83.962974,186
angeles_atlantico,9.9099355,-83.9636878,187
angeles_atlantico,9.9105146,-83.9643164,188
angeles_atlantico,9.9109849,-83.9647914,189
angeles_atlantico,9.9111746,-83.9653884,190
angeles_atlantico,9.9114408,-83.9664944,191
angeles_atlantico,9.9119486,-83.9680997,192
angeles_atlantico,9.9118917,-83.9690973,193
angeles_atlantico,9.9118892,-83.9695849,194
angeles_atlantico,9.911917,-83.9698783,195
angeles_atlantico,9.9119313,-83.9700454,196
angeles_atlantico,9.9120098,-83.9704276,197
angeles_atlantico,9.9126354,-83.9714833,198
angeles_atlantico,9.9129567,-83.9718867,199
angeles_atlantico,9.9132949,-83.9723158,200
angeles_atlantico,9.9134668,-83.972519,201
angeles_atlantico,9.9139882,-83.9733372,202
angeles_atlantico,9.9141742,-83.9738265,203
angeles_atlantico,9.9143314,-83.9743913,204
angeles_atlantico,9.9143552,-83.9745486,205
angeles_atlantico,9.9145129,-83.9752925,206
angeles_atlantico,9.9147533,-83.9763347,207
angeles_atlantico,9.914775,-83.9769586,208
angeles_atlantico,9.9147745,-83.9771309,209
angeles_atlantico,9.9146264,-83.9776051,210
angeles_atlantico,9.9146124,-83.97765,211
angeles_atlantico,9.9145547,-83.9778348,212
angeles_atlantico,9.9144615,-83.9780471,213
angeles_atlantico,9.9142724,-83.9784779,214
angeles_atlantico,9.9138555,-83.9794913,215
angeles_atlantico,9.9135416,-83.9800144,216
angeles_atlantico,9.9131404,-83.9804895,217
angeles_atlantico,9.9129918,-83.9807244,218
angeles_atlantico,9.9128358,-83.9811159,219
angeles_atlantico,9.9126733,-83.981799,220
angeles_atlantico,9.9126608,-83.9818516,221
angeles_atlantico,9.9125593,-83.982667,222
angeles_atlantico,9.9125147,-83.9830433,223
angeles_atlantico,9.9123817,-83.9834759,224
angeles_atlantico,9.9121579,-83.9839577,225
angeles_atlantico,9.9121112,-83.984048,226
angeles_atlantico,9.9120629,-83.9841412,227
angeles_atlantico,9.9117494,-83.9845856,228
angeles_atlantico,9.9116173,-83.9847465,229
angeles_atlantico,9.911424,-83.9850303,230
angeles_atlantico,9.9112132,-83.9853218,231
angeles_atlantico,9.9110254,-83.9856559,232
angeles_atlantico,9.9107363,-83.986272,233
angeles_atlantico,9.9105927,-83.9867094,234
angeles_atlantico,9.9105927,-83.9867094,235
angeles_atlantico,9.9105739,-83.9868888,236
angeles_atlantico,9.9105077,-83.9869691,237
angeles_atlantico,9.9104425,-83.9872009,238
angeles_atlantico,9.9103557,-83.9875411,239
angeles_atlantico,9.9103088,-83.9878401,240
angeles_atlantico,9.910283,-83.9880941,241
angeles_atlantico,9.9102818,-83.9881061,242
angeles_atlantico,9.9102375,-83.9886537,243
angeles_atlantico,9.9101835,-83.9894734,244
angeles_atlantico,9.9103103,-83.9901085,245
angeles_atlantico,9.9104033,-83.9907008,246
angeles_atlantico,9.9106908,-83.9914389,247
angeles_atlantico,9.9112657,-83.9923573,248
angeles_atlantico,9.9114517,-83.9926921,249
angeles_atlantico,9.9115194,-83.9930611,250
angeles_atlantico,9.9114348,-83.9949236,251
angeles_atlantico,9.9114421,-83.9960366,252
angeles_atlantico,9.9114433,-83.9962283,253
angeles_atlantico,9.9118745,-83.9977217,254
angeles_atlantico,9.9120605,-83.998314,255
angeles_atlantico,9.9120351,-83.9990435,256
angeles_atlantico,9.9118914,-83.9995413,257
angeles_atlantico,9.911494,-84.0005026,258
angeles_atlantico,9.9113672,-84.0017472,259
angeles_atlantico,9.9113324,-84.0030914,260
angeles_atlantico,9.9112602,-84.0038849,261
angeles_atlantico,9.9112194,-84.0040823,262
angeles_atlantico,9.911135,-84.004366,263
angeles_atlantico,9.9110028,-84.0046627,264
angeles_atlantico,9.9105714,-84.005587,265
angeles_atlantico,9.9104173,-84.0059506,266
angeles_atlantico,9.9102815,-84.0063048,267
angeles_atlantico,9.9102227,-84.0066221,268
angeles_atlantico,9.9102115,-84.0068953,269
angeles_atlantico,9.9102187,-84.0071593,270
angeles_atlantico,9.9102602,-84.0075614,271
angeles_atlantico,9.9103313,-84.007886,272
angeles_atlantico,9.9104576,-84.0081755,273
angeles_atlantico,9.9106631,-84.0085133,274
angeles_atlantico,9.9108768,-84.0088368,275
angeles_atlantico,9.9116124,-84.0098582,276
angeles_atlantico,9.9124494,-84.0110083,277
angeles_atlantico,9.9128539,-84.0115461,278
angeles_atlantico,9.9132405,-84.0118843,279
angeles_atlantico,9.9136077,-84.0121654,280
angeles_atlantico,9.9142739,-84.0127051,281
angeles_atlantico,9.9144665,-84.0129186,282
angeles_atlantico,9.914611,-84.0131525,283
angeles_atlantico,9.9147103,-84.0133958,284
angeles_atlantico,9.9147876,-84.0136411,285
angeles_atlantico,9.9148197,-84.0138516,286
angeles_atlantico,9.9148337,-84.0141068,287
angeles_atlantico,9.9147936,-84.0147246,288
angeles_atlantico,9.9148455,-84.0151757,289
angeles_atlantico,9.9150049,-84.0156556,290
angeles_atlantico,9.9151089,-84.0158445,291
angeles_atlantico,9.9155505,-84.016374,292
angeles_atlantico,9.9156664,-84.0165045,293
angeles_atlantico,9.9160715,-84.0168981,294
angeles_atlantico,9.9164094,-84.0172445,295
angeles_atlantico,9.9165551,-84.017423,296
angeles_atlantico,9.9166796,-84.0175785,297
angeles_atlantico,9.9168377,-84.0177986,298
angeles_atlantico,9.9169387,-84.017991,299
angeles_atlantico,9.9169802,-84.0181155,300
angeles_atlantico,9.9170051,-84.0182617,301
angeles_atlantico,9.917013,-84.0184234,302
angeles_atlantico,9.9169981,-84.0185958,303
angeles_atlantico,9.9168544,-84.0190678,304
angeles_atlantico,9.9167783,-84.019497,305
angeles_atlantico,9.9168629,-84.0200463,306
angeles_atlantico,9.9170742,-84.0204325,307
angeles_atlantico,9.9174936,-84.0208473,308
angeles_atlantico,9.9177337,-84.0210848,309
angeles_atlantico,9.9182072,-84.0216427,310
angeles_atlantico,9.918427,-84.0220547,311
angeles_atlantico,9.9185538,-84.0223466,312
angeles_atlantico,9.9186834,-84.0228107,313
angeles_atlantico,9.9190639,-84.023492,314
angeles_atlantico,9.9192772,-84.0238499,315
angeles_atlantico,9.9192772,-84.0238499,316
angeles_atlantico,9.9193069,-84.0238997,317
angeles_atlantico,9.9196352,-84.0244604,318
angeles_atlantico,9.9197594,-84.0247733,319
angeles_atlantico,9.9198192,-84.0251423,320
angeles_atlantico,9.9198192,-84.0255766,321
angeles_atlantico,9.9197364,-84.0259735,322
angeles_atlantico,9.91958,-84.0268235,323
angeles_atlantico,9.9195248,-84.0272484,324
angeles_atlantico,9.9195202,-84.0275707,325
angeles_atlantico,9.919603,-84.0279349,326
angeles_atlantico,9.9197579,-84.0282919,327
angeles_atlantico,9.9200446,-84.0287662,328
angeles_atlantico,9.9208873,-84.0301829,329
angeles_atlantico,9.9212086,-84.030715,330
angeles_atlantico,9.9213888,-84.0311536,331
angeles_atlantico,9.9214384,-84.0314327,332
angeles_atlantico,9.9214568,-84.0316943,333
angeles_atlantico,9.9214558,-84.0323249,334
angeles_atlantico,9.921466,-84.0328431,335
angeles_atlantico,9.9215253,-84.0331908,336
angeles_atlantico,9.921769,-84.0336197,337
angeles_atlantico,9.9221199,-84.0340096,338
angeles_atlantico,9.9228788,-84.0348031,339
angeles_atlantico,9.9229399,-84.034867,340
angeles_atlantico,9.9231428,-84.0350499,341
angeles_atlantico,9.9234597,-84.0353344,342
angeles_atlantico,9.9252818,-84.0371297,343
angeles_atlantico,9.9252818,-84.0371297,344
angeles_atlantico,9.9273253,-84.0391439,345
angeles_atlantico,9.9276345,-84.0394379,346
angeles_atlantico,9.9300262,-84.0417014,347
angeles_atlantico,9.9304082,-84.0418368,348
angeles_atlantico,9.9309168,-84.0419831,349
angeles_atlantico,9.9312972,-84.0421986,350
angeles_atlantico,9.93169,-84.0424946,351
angeles_atlantico,9.9319024,-84.0426701,352
angeles_atlantico,9.9321414,-84.0429751,353
angeles_atlantico,9.9323369,-84.043285,354
angeles_atlantico,9.9324705,-84.0435545,355
angeles_atlantico,9.9324705,-84.0435545,356
angeles_atlantico,9.9325526,-84.0438187,357
angeles_atlantico,9.9326027,-84.0439976,358
angeles_atlantico,9.9326307,-84.0444387,359
angeles_atlantico,9.932641,-84.0448184,360
angeles_atlantico,9.9326429,-84.0448899,361
angeles_atlantico,9.9326469,-84.0450655,362
angeles_atlantico,9.9326892,-84.045777,363
angeles_atlantico,9.9327383,-84.0467622,364
angeles_atlantico,9.9327561,-84.0469136,365
angeles_atlantico,9.9328589,-84.0477108,366
angeles_atlantico,9.9329369,-84.0481679,367
angeles_atlantico,9.9332136,-84.0493276,368
angeles_atlantico,9.9332674,-84.0495966,369
angeles_atlantico,9.9334745,-84.0503073,370
angeles_atlantico,9.9336837,-84.051054,371
angeles_atlantico,9.9339859,-84.0521666,372
angeles_atlantico,9.9340324,-84.0523175,373
angeles_atlantico,9.9340346,-84.05241899,374
angeles_atlantico,9.9341796,-84.0528887,375
angeles_atlantico,9.9341796,-84.0528887,376
angeles_atlantico,9.9344104,-84.0536339,377
angeles_atlantico,9.9344573,-84.0537972,378
angeles_atlantico,9.9349123,-84.0553234,379
angeles_atlantico,9.9349514,-84.0554471,380
angeles_atlantico,9.9349716,-84.0555179,381
angeles_atlantico,9.935085,-84.0559143,382
angeles_atlantico,9.9351827,-84.056271,383
angeles_atlantico,9.9352778,-84.0566251,384
angeles_atlantico,9.9353809,-84.0570515,385
angeles_atlantico,9.9354263,-84.0573417,386
angeles_atlantico,9.9354447,-84.0576149,387
angeles_atlantico,9.9354472,-84.0577088,388
angeles_atlantico,9.935449,-84.0578346,389
angeles_atlantico,9.9354493,-84.0578951,390
angeles_atlantico,9.935424,-84.0582103,391
angeles_atlantico,9.9353703,-84.0585294,392
angeles_atlantico,9.934974,-84.0599349,393
angeles_atlantico,9.9347494,-84.0607128,394
angeles_atlantico,9.9346013,-84.0612067,395
angeles_atlantico,9.9345539,-84.0613648,396
angeles_atlantico,9.9343135,-84.0621665,397
angeles_atlantico,9.9339051,-84.0635476,398
angeles_atlantico,9.93386,-84.0637196,399
angeles_atlantico,9.9336919,-84.0643327,400
angeles_atlantico,9.9335883,-84.0648111,401
angeles_atlantico,9.9335683,-84.0649459,402
angeles_atlantico,9.9335552,-84.0650526,403
angeles_atlantico,9.9335423,-84.0653349,404
angeles_atlantico,9.9335718,-84.0656888,405
angeles_atlantico,9.9336275,-84.0661287,406
angeles_atlantico,9.9336442,-84.066215,407
angeles_atlantico,9.9336536,-84.0662543,408
angeles_atlantico,9.9337832,-84.0666193,409
angeles_atlantico,9.9340078,-84.0670711,410
angeles_atlantico,9.9340801,-84.0672424,411
angeles_atlantico,9.9341662,-84.0674254,412
angeles_atlantico,9.9343165,-84.0677596,413
angeles_atlantico,9.9343972,-84.067946,414
angeles_atlantico,9.9347342,-84.0686116,415
angeles_atlantico,9.9347298,-84.068614,416
angeles_atlantico,9.9347849,-84.0687269,417
angeles_atlantico,9.9348741,-84.0689369,418
atlantico_alajuela,9.9348741,-84.0689369,0
atlantico_alajuela,9.9348801,-84.0689425,1
atlantico_alajuela,9.9348794,-84.0689488,2
atlantico_alajuela,9.934998,-84.0692169,3
atlantico_alajuela,9.9350004,-84.0692158,4
atlantico_alajuela,9.9350811,-84.0694177,5
atlantico_alajuela,9.9352055,-84.0697586,6
atlantico_alajuela,9.935412,-84.0702807,7
atlantico_alajuela,9.9355382,-84.0706013,8
atlantico_alajuela,9.9355726,-84.0706706,9
atlantico_alajuela,9.935657,-84.0708206,10
atlantico_alajuela,9.9357232,-84.0708946,11
atlantico_alajuela,9.9357955,-84.0709578,12
atlantico_alajuela,9.9359023,-84.0710408,13
atlantico_alajuela,9.9360274,-84.071121,14
atlantico_alajuela,9.9360964,-84.0711552,15
atlantico_alajuela,9.9361588,-84.0711793,16
atlantico_alajuela,9.9362484,-84.071214,17
atlantico_alajuela,9.9363145,-84.0712396,18
atlantico_alajuela,9.9364146,-84.0712741,19
atlantico_alajuela,9.9365213,-84.0713003,20
atlantico_alajuela,9.9365909,-84.0713123,21
atlantico_alajuela,9.9366569,-84.071319,22
atlantico_alajuela,9.9367661,-84.0713274,23
atlantico_alajuela,9.9368268,-84.0713281,24
atlantico_alajuela,9.9368683,-84.0713287,25
atlantico_alajuela,9.9369634,-84.0713229,26
atlantico_alajuela,9.9370595,-84.0713109,27
atlantico_alajuela,9.9371853,-84.0712699,28
atlantico_alajuela,9.9373571,-84.0712002,29
atlantico_alajuela,9.9375341,-84.0710849,30
atlantico_alajuela,9.9377861,-84.0709258,31
atlantico_alajuela,9.938185,-84.0706703,32
atlantico_alajuela,9.9385042,-84.0704572,33
atlantico_alajuela,9.939014,-84.0701113,34
atlantico_alajuela,9.9395146,-84.0697851,35
atlantico_alajuela,9.9400022,-84.0695967,36
atlantico_alajuela,9.9401405,-84.0695643,37
atlantico_alajuela,9.9402789,-84.069542,38
atlantico_alajuela,9.9403506,-84.0695387,39
atlantico_alajuela,9.9406373,-84.0695178,40
atlantico_alajuela,9.9409149,-84.0695186,41
atlantico_alajuela,9.9413881,-84.0695257,42
atlantico_alajuela,9.9416846,-84.0695319,43
atlantico_alajuela,9.942091,-84.069535,44
atlantico_alajuela,9.9423986,-84.0695514,45
atlantico_alajuela,9.9425046,-84.0695582,46
atlantico_alajuela,9.9426301,-84.0695793,47
atlantico_alajuela,9.9428555,-84.0696171,48
atlantico_alajuela,9.9430029,-84.0696418,49
atlantico_alajuela,9.9431503,-84.0696688,50
atlantico_alajuela,9.9432935,-84.0697142,51
atlantico_alajuela,9.9434626,-84.0698001,52
atlantico_alajuela,9.9436517,-84.0699144,53
atlantico_alajuela,9.9437767,-84.0700177,54
atlantico_alajuela,9.9439989,-84.070299,55
atlantico_alajuela,9.9442499,-84.0706101,56
atlantico_alajuela,9.9444673,-84.0708875,57
atlantico_alajuela,9.9447226,-84.0711887,58
atlantico_alajuela,9.9449365,-84.0714596,59
atlantico_alajuela,9.9451772,-84.0717715,60
atlantico_alajuela,9.9453678,-84.0719915,61
atlantico_alajuela,9.9455116,-84.0721975,62
atlantico_alajuela,9.9456862,-84.0724065,63
atlantico_alajuela,9.945944,-84.072759,64
atlantico_alajuela,9.9459928,-84.0728221,65
atlantico_alajuela,9.9459928,-84.0728221,66
atlantico_alajuela,9.9460112,-84.0728059,67
atlantico_alajuela,9.9465374,-84.0735536,68
atlantico_alajuela,9.9469376,-84.0740713,69
atlantico_alajuela,9.9471308,-84.0743562,70
atlantico_alajuela,9.9473125,-84.0746527,71
atlantico_alajuela,9.9475056,-84.0751151,72
atlantico_alajuela,9.9476091,-84.075484,73
atlantico_alajuela,9.9477517,-84.0759043,74
atlantico_alajuela,9.9479147,-84.0762948,75
atlantico_alajuela,9.948016,-84.0764298,76
atlantico_alajuela,9.9481266,-84.0765604,77
atlantico_alajuela,9.9482876,-84.0766702,78
atlantico_alajuela,9.9486625,-84.0768523,79
atlantico_alajuela,9.9488465,-84.076948,80
atlantico_alajuela,9.9489592,-84.0770344,81
atlantico_alajuela,9.949042,-84.0771185,82
atlantico_alajuela,9.9491087,-84.0772049,83
atlantico_alajuela,9.9491962,-84.0773625,84
atlantico_alajuela,9.9492732,-84.0776168,85
atlantico_alajuela,9.9493594,-84.0784004,86
atlantico_alajuela,9.9494077,-84.0787086,87
atlantico_alajuela,9.9494813,-84.0789725,88
atlantico_alajuela,9.9496468,-84.0792807,89
atlantico_alajuela,9.9497871,-84.0794932,90
atlantico_alajuela,9.9499343,-84.0797337,91
atlantico_alajuela,9.9500746,-84.0799088,92
atlantico_alajuela,9.950185,-84.0800979,93
atlantico_alajuela,9.9502425,-84.0803011,94
atlantico_alajuela,9.9502586,-84.0804832,95
atlantico_alajuela,9.9502494,-84.080682,96
atlantico_alajuela,9.9502149,-84.0809782,97
atlantico_alajuela,9.9501022,-84.0817511,98
atlantico_alajuela,9.95007,-84.0820547,99
atlantico_alajuela,9.9500654,-84.0823582,100
atlantico_alajuela,9.9501321,-84.0827365,101
atlantico_alajuela,9.9502724,-84.0830634,102
atlantico_alajuela,9.9503989,-84.0832502,103
atlantico_alajuela,9.9505538,-84.0834022,104
atlantico_alajuela,9.9541497,-84.0857663,105
atlantico_alajuela,9.9547059,-84.0861228,106
atlantico_alajuela,9.9548351,-84.0861835,107
atlantico_alajuela,9.9549392,-84.0862465,108
atlantico_alajuela,9.9551575,-84.086401,109
atlantico_alajuela,9.9554726,-84.0866106,110
atlantico_alajuela,9.9554726,-84.0866106,111
atlantico_alajuela,9.9555752,-84.0866788,112
atlantico_alajuela,9.9578283,-84.0881389,113
atlantico_alajuela,9.958879,-84.0887993,114
atlantico_alajuela,9.9599741,-84.0895209,115
atlantico_alajuela,9.9616526,-84.0906076,116
atlantico_alajuela,9.9621067,-84.0909123,117
atlantico_alajuela,9.9624647,-84.0910739,118
atlantico_alajuela,9.9625563,-84.0910861,119
atlantico_alajuela,9.9628906,-84.0910748,120
atlantico_alajuela,9.963219,-84.090977,121
atlantico_alajuela,9.9634493,-84.0907677,122
atlantico_alajuela,9.963636,-84.0902862,123
atlantico_alajuela,9.9638669,-84.0899511,124
atlantico_alajuela,9.964202,-84.0897501,125
atlantico_alajuela,9.9646934,-84.0897352,126
atlantico_alajuela,9.9651328,-84.0898096,127
atlantico_alajuela,9.9655498,-84.0899586,128
atlantico_alajuela,9.9663838,-84.0902639,129
atlantico_alajuela,9.9666795,-84.0904702,130
atlantico_alajuela,9.9668201,-84.0907639,131
atlantico_alajuela,9.9668381,-84.0911277,132
atlantico_alajuela,9.9667371,-84.0915702,133
atlantico_alajuela,9.9667561,-84.0920585,134
atlantico_alajuela,9.9669361,-84.092532,135
atlantico_alajuela,9.967195,-84.0928496,136
atlantico_alajuela,9.9689718,-84.0947839,137
atlantico_alajuela,9.9693772,-84.0952306,138
atlantico_alajuela,9.9696621,-84.095552,139
atlantico_alajuela,9.9709037,-84.0968391,140
atlantico_alajuela,9.971351,-84.0973432,141
atlantico_alajuela,9.9719462,-84.098023,142
atlantico_alajuela,9.9721402,-84.0982397,143
atlantico_alajuela,9.9721402,-84.0982397,144
atlantico_alajuela,9.9724809,-84.0986159,145
atlantico_alajuela,9.9729738,-84.0991475,146
atlantico_alajuela,9.9734728,-84.099624,147
atlantico_alajuela,9.974061,-84.0999219,148
atlantico_alajuela,9.9743317,-84.1000102,149
atlantico_alajuela,9.974934,-84.100166,150
atlantico_alajuela,9.9752706,-84.1002575,151
atlantico_alajuela,9.9759971,-84.1004506,152
atlantico_alajuela,9.9764662,-84.1006516,153
atlantico_alajuela,9.9768907,-84.1009346,154
atlantico_alajuela,9.9773002,-84.1013367,155
atlantico_alajuela,9.9779544,-84.1020166,156
atlantico_alajuela,9.9781417,-84.1021781,157
atlantico_alajuela,9.9798045,-84.1034064,158
atlantico_alajuela,9.9827004,-84.1055626,159
atlantico_alajuela,9.9828911,-84.1057018,160
atlantico_alajuela,9.9843436,-84.1067613,161
atlantico_alajuela,9.9857048,-84.1077508,162
atlantico_alajuela,9.9869738,-84.108677,163
atlantico_alajuela,9.9874515,-84.1090156,164
atlantico_alajuela,9.9874515,-84.1090156,165
atlantico_alajuela,9.98963,-84.1106426,166
atlantico_alajuela,9.9900494,-84.1109143,167
atlantico_alajuela,9.9905784,-84.1111621,168
atlantico_alajuela,9.9908846,-84.1112698,169
atlantico_alajuela,9.9910999,-84.1113456,170
atlantico_alajuela,9.9916039,-84.1115498,171
atlantico_alajuela,9.991744,-84.1116007,172
atlantico_alajuela,9.9919342,-84.1116738,173
atlantico_alajuela,9.9934746,-84.1122267,174
atlantico_alajuela,9.9937622,-84.1123789,175
atlantico_alajuela,9.9938449,-84.1124476,176
atlantico_alajuela,9.9939337,-84.1125424,177
atlantico_alajuela,9.9940166,-84.1126614,178
atlantico_alajuela,9.994133,-84.1128775,179
atlantico_alajuela,9.9941595,-84.112975,180
atlantico_alajuela,9.9941796,-84.1132916,181
atlantico_alajuela,9.9941433,-84.1134865,182
atlantico_alajuela,9.9940545,-84.1137678,183
atlantico_alajuela,9.993987,-84.1140367,184
atlantico_alajuela,9.9939685,-84.1142225,185
atlantico_alajuela,9.9939789,-84.114399,186
atlantico_alajuela,9.9940138,-84.1145987,187
atlantico_alajuela,9.99407,-84.1147968,188
atlantico_alajuela,9.9941559,-84.1150124,189
atlantico_alajuela,9.9944768,-84.115744,190
atlantico_alajuela,9.9945003,-84.1158126,191
atlantico_alajuela,9.9945191,-84.1158752,192
atlantico_alajuela,9.9945473,-84.1159633,193
atlantico_alajuela,9.9945773,-84.1161345,194
atlantico_alajuela,9.9946381,-84.1166941,195
atlantico_alajuela,9.9946617,-84.1166939,196
atlantico_alajuela,9.9946758,-84.1170597,197
atlantico_alajuela,9.9947002,-84.1170613,198
atlantico_alajuela,9.9947002,-84.1170613,199
atlantico_alajuela,9.9947243,-84.11753,200
atlantico_alajuela,9.9947416,-84.11753,201
atlantico_alajuela,9.9947539,-84.1176211,202
atlantico_alajuela,9.9947672,-84.1179222,203
atlantico_alajuela,9.9948131,-84.1184294,204
atlantico_alajuela,9.9949,-84.1192648,205
atlantico_alajuela,9.994932,-84.1195995,206
atlantico_alajuela,9.9949856,-84.1201028,207
atlantico_alajuela,9.9950636,-84.1209372,208
atlantico_alajuela,9.9951274,-84.1217827,209
atlantico_alajuela,9.9952092,-84.1226357,210
atlantico_alajuela,9.9952614,-84.1235146,211
atlantico_alajuela,9.995248,-84.1235857,212
atlantico_alajuela,9.9952002,-84.1238297,213
atlantico_alajuela,9.9951376,-84.1241333,214
atlantico_alajuela,9.9950929,-84.1243538,215
atlantico_alajuela,9.9950252,-84.1245912,216
atlantico_alajuela,9.9949665,-84.1247819,217
atlantico_alajuela,9.9949037,-84.1250978,218
atlantico_alajuela,9.9949059,-84.1251508,219
atlantico_alajuela,9.9949482,-84.1255241,220
atlantico_alajuela,9.9949873,-84.1262198,221
atlantico_alajuela,9.9950004,-84.1265129,222
atlantico_alajuela,9.9950057,-84.1267504,223
atlantico_alajuela,9.9950029,-84.1270043,224
atlantico_alajuela,9.9949934,-84.1271401,225
atlantico_alajuela,9.9949506,-84.1273669,226
atlantico_alajuela,9.9948657,-84.1276759,227
atlantico_alajuela,9.9948187,-84.1278713,228
atlantico_alajuela,9.994768,-84.1280626,229
atlantico_alajuela,9.9947268,-84.1282765,230
atlantico_alajuela,9.9947131,-84.1284793,231
atlantico_alajuela,9.9947182,-84.1286435,232
atlantico_alajuela,9.9947417,-84.1288291,233
atlantico_alajuela,9.9947569,-84.1290284,234
atlantico_alajuela,9.9947844,-84.1292036,235
atlantico_alajuela,9.9947844,-84.1292036,236
atlantico_alajuela,9.9947939,-84.1292685,237
atlantico_alajuela,9.9948665,-84.1295394,238
atlantico_alajuela,9.9949669,-84.1299149,239
atlantico_alajuela,9.9950171,-84.1300878,240
atlantico_alajuela,9.995136,-84.1303964,241
atlantico_alajuela,9.9952879,-84.1307262,242
atlantico_alajuela,9.9954046,-84.1309419,243
atlantico_alajuela,9.995556,-84.1312224,244
atlantico_alajuela,9.9957462,-84.1315577,245
atlantico_alajuela,9.9960183,-84.1320297,246
atlantico_alajuela,9.9961543,-84.1322605,247
atlantico_alajuela,9.9962644,-84.1324673,248
atlantico_alajuela,9.9964184,-84.1327647,249
atlantico_alajuela,9.9970355,-84.1338166,250
atlantico_alajuela,9.9984126,-84.1362476,251
atlantico_alajuela,9.9986136,-84.1366644,252
atlantico_alajuela,9.998694,-84.136872,253
atlantico_alajuela,9.9987902,-84.1371953,254
atlantico_alajuela,9.998888,-84.1375588,255
atlantico_alajuela,9.9989643,-84.1378557,256
atlantico_alajuela,9.9990398,-84.1383784,257
atlantico_alajuela,9.9991247,-84.138896,258
atlantico_alajuela,9.9991793,-84.1392103,259
atlantico_alajuela,9.9992704,-84.1397094,260
atlantico_alajuela,9.9993796,-84.1404858,261
atlantico_alajuela,9.9994706,-84.1411205,262
atlantico_alajuela,9.9995462,-84.141674,263
atlantico_alajuela,9.9995687,-84.1418645,264
atlantico_alajuela,9.9996476,-84.142265,265
atlantico_alajuela,9.9997265,-84.1426471,266
atlantico_alajuela,9.999863,-84.1430568,267
atlantico_alajuela,10.0000057,-84.1433711,268
atlantico_alajuela,10.0002363,-84.143787,269
atlantico_alajuela,10.0004365,-84.1440797,270
atlantico_alajuela,10.0007763,-84.1444464,271
atlantico_alajuela,10.0010828,-84.1447514,272
atlantico_alajuela,10.0013104,-84.1449794,273
atlantico_alajuela,10.0014348,-84.1450934,274
atlantico_alajuela,10.0016138,-84.1452814,275
atlantico_alajuela,10.001805,-84.1455309,276
atlantico_alajuela,10.0018929,-84.1457065,277
atlantico_alajuela,10.0019688,-84.1458883,278
atlantico_alajuela,10.0020606,-84.1462938,279
atlantico_alajuela,10.0021382,-84.1466689,280
atlantico_alajuela,10.0022071,-84.1469611,281
atlantico_alajuela,10.0022706,-84.1472918,282
atlantico_alajuela,10.0023264,-84.1475891,283
atlantico_alajuela,10.0024715,-84.1483988,284
atlantico_alajuela,10.0027659,-84.1501601,285
atlantico_alajuela,10.0029147,-84.1510496,286
atlantico_alajuela,10.0030793,-84.1519319,287
atlantico_alajuela,10.0031446,-84.1522019,288
atlantico_alajuela,10.0031863,-84.1521938,289
atlantico_alajuela,10.0031651,-84.1524174,290
atlantico_alajuela,10.0031651,-84.1524174,291
atlantico_alajuela,10.0032136,-84.1526106,292
atlantico_alajuela,10.0032568,-84.1526009,293
atlantico_alajuela,10.0032359,-84.1528184,294
atlantico_alajuela,10.0033999,-84.1537087,295
atlantico_alajuela,10.0035223,-84.1543675,296
atlantico_alajuela,10.0036298,-84.1549649,297
atlantico_alajuela,10.0037476,-84.1556153,298
atlantico_alajuela,10.0038606,-84.1561303,299
atlantico_alajuela,10.0043205,-84.1588902,300
atlantico_alajuela,10.0044999,-84.160025,301
atlantico_alajuela,10.0045847,-84.1608458,302
atlantico_alajuela,10.0046815,-84.1617476,303
atlantico_alajuela,10.0047859,-84.1626638,304
atlantico_alajuela,10.004854,-84.1633265,305
atlantico_alajuela,10.004906,-84.1638835,306
atlantico_alajuela,10.0049281,-84.1643957,307
atlantico_alajuela,10.0049509,-84.1648502,308
atlantico_alajuela,10.0050803,-84.1661725,309
atlantico_alajuela,10.0051569,-84.166894,310
atlantico_alajuela,10.0051992,-84.167342,311
atlantico_alajuela,10.0052457,-84.1679224,312
atlantico_alajuela,10.0052624,-84.1681757,313
atlantico_alajuela,10.0052705,-84.1683612,314
atlantico_alajuela,10.0052507,-84.1685293,315
atlantico_alajuela,10.0051564,-84.168766,316
atlantico_alajuela,10.0049744,-84.1689996,317
atlantico_alajuela,10.0048448,-84.1691034,318
atlantico_alajuela,10.0046793,-84.1691922,319
atlantico_alajuela,10.0045196,-84.1692484,320
atlantico_alajuela,10.0043798,-84.1692744,321
atlantico_alajuela,10.0040523,-84.1693173,322
atlantico_alajuela,10.0036285,-84.1693637,323
atlantico_alajuela,10.0035588,-84.1693801,324
atlantico_alajuela,10.0034546,-84.1694148,325
atlantico_alajuela,10.0033669,-84.1694736,326
atlantico_alajuela,10.0032038,-84.1696473,327
atlantico_alajuela,10.0030526,-84.1698762,328
atlantico_alajuela,10.0028811,-84.1702651,329
atlantico_alajuela,10.0026649,-84.1708127,330
atlantico_alajuela,10.00232,-84.1717747,331
atlantico_alajuela,10.0020578,-84.1725639,332
atlantico_alajuela,10.0018141,-84.1732924,333
atlantico_alajuela,10.0018095,-84.1735399,334
atlantico_alajuela,10.0018693,-84.1738622,335
atlantico_alajuela,10.0019428,-84.174091,336
atlantico_alajuela,10.0021682,-84.1744926,337
atlantico_alajuela,10.0023175,-84.1747393,338
atlantico_alajuela,10.0023933,-84.1748491,339
atlantico_alajuela,10.0025552,-84.1750558,340
atlantico_alajuela,10.0027296,-84.1753401,341
atlantico_alajuela,10.0029743,-84.1759737,342
atlantico_alajuela,10.0030638,-84.1763083,343
atlantico_alajuela,10.0031028,-84.1764834,344
atlantico_alajuela,10.0031364,-84.1766168,345
atlantico_alajuela,10.003158,-84.1768056,346
atlantico_alajuela,10.0031718,-84.1769924,347
atlantico_alajuela,10.0032063,-84.1773894,348
atlantico_alajuela,10.003181,-84.177791,349
atlantico_alajuela,10.0031465,-84.1780105,350
atlantico_alajuela,10.0030891,-84.178237,351
atlantico_alajuela,10.0029028,-84.1788628,352
atlantico_alajuela,10.0026728,-84.1796356,353
atlantico_alajuela,10.0024383,-84.1805089,354
atlantico_alajuela,10.0023003,-84.181123,355
atlantico_alajuela,10.0022474,-84.1814499,356
atlantico_alajuela,10.0022083,-84.1818749,357
atlantico_alajuela,10.0021876,-84.1821971,358
atlantico_alajuela,10.0022083,-84.1824984,359
atlantico_alajuela,10.0022543,-84.1827692,360
atlantico_alajuela,10.0023008,-84.1829903,361
atlantico_alajuela,10.0024659,-84.1834627,362
atlantico_alajuela,10.0025422,-84.1836739,363
atlantico_alajuela,10.0025422,-84.1836739,364
atlantico_alajuela,10.0025188,-84.1836869,365
atlantico_alajuela,10.0026085,-84.1838573,366
atlantico_alajuela,10.0028264,-84.184487,367
atlantico_alajuela,10.0030624,-84.1851463,368
atlantico_alajuela,10.0031693,-84.1854229,369
atlantico_alajuela,10.0032608,-84.1856133,370
atlantico_alajuela,10.003368,-84.1858548,371
atlantico_alajuela,10.0034596,-84.1861214,372
atlantico_alajuela,10.0035703,-84.1864087,373
atlantico_alajuela,10.0036899,-84.186745,374
atlantico_alajuela,10.0037313,-84.1869364,375
atlantico_alajuela,10.0037221,-84.1871139,376
atlantico_alajuela,10.0036991,-84.18731,377
atlantico_alajuela,10.0035754,-84.1877416,378
atlantico_alajuela,10.0034876,-84.1879732,379
atlantico_alajuela,10.003322,-84.1884355,380
atlantico_alajuela,10.0030506,-84.1891407,381
atlantico_alajuela,10.0028292,-84.1897018,382
atlantico_alajuela,10.0024206,-84.1907378,383
atlantico_alajuela,10.0017682,-84.1925342,384
atlantico_alajuela,10.001602,-84.1929374,385
atlantico_alajuela,10.0015208,-84.19323,386
atlantico_alajuela,10.0014686,-84.1935024,387
atlantico_alajuela,10.001441,-84.1939508,388
atlantico_alajuela,10.0014529,-84.1942797,389
atlantico_alajuela,10.0015166,-84.1947451,390
atlantico_alajuela,10.0015934,-84.1952532,391
atlantico_alajuela,10.0015666,-84.1952571,392
atlantico_alajuela,10.00858815,-84.20928014,393
atlantico_heredia,9.9348741,-84.0689369,0
atlantico_heredia,9.9348801,-84.0689425,1
atlantico_heredia,9.9348794,-84.0689488,2
atlantico_heredia,9.934998,-84.0692169,3
atlantico_heredia,9.9350004,-84.0692158,4
atlantico_heredia,9.9350811,-84.0694177,5
atlantico_heredia,9.9352055,-84.0697586,6
atlantico_heredia,9.935412,-84.0702807,7
atlantico_heredia,9.9355382,-84.0706013,8
atlantico_heredia,9.9355726,-84.0706706,9
atlantico_heredia,9.935657,-84.0708206,10
atlantico_heredia,9.9357232,-84.0708946,11
atlantico_heredia,9.9357955,-84.0709578,12
atlantico_heredia,9.9359023,-84.0710408,13
atlantico_heredia,9.9360274,-84.071121,14
atlantico_heredia,9.9360964,-84.0711552,15
atlantico_heredia,9.9361588,-84.0711793,16
atlantico_heredia,9.9362484,-84.071214,17
atlantico_heredia,9.9363145,-84.0712396,18
atlantico_heredia,9.9364146,-84.0712741,19
atlantico_heredia,9.9365213,-84.0713003,20
atlantico_heredia,9.9365909,-84.0713123,21
atlantico_heredia,9.9366569,-84.071319,22
atlantico_heredia,9.9367661,-84.0713274,23
atlantico_heredia,9.9368268,-84.0713281,24
atlantico_heredia,9.9368683,-84.0713287,25
atlantico_heredia,9.9369634,-84.0713229,26
atlantico_heredia,9.9370595,-84.0713109,27
atlantico_heredia,9.9371853,-84.0712699,28
atlantico_heredia,9.9373571,-84.0712002,29
atlantico_heredia,9.9375341,-84.0710849,30
atlantico_heredia,9.9377861,-84.0709258,31
atlantico_heredia,9.938185,-84.0706703,32
atlantico_heredia,9.9385042,-84.0704572,33
atlantico_heredia,9.939014,-84.0701113,34
atlantico_heredia,9.9395146,-84.0697851,35
atlantico_heredia,9.9400022,-84.0695967,36
atlantico_heredia,9.9401405,-84.0695643,37
atlantico_heredia,9.9402789,-84.069542,38
atlantico_heredia,9.9403506,-84.0695387,39
atlantico_heredia,9.9406373,-84.0695178,40
atlantico_heredia,9.9409149,-84.0695186,41
atlantico_heredia,9.9413881,-84.0695257,42
atlantico_heredia,9.9416846,-84.0695319,43
atlantico_heredia,9.942091,-84.069535,44
atlantico_heredia,9.9423986,-84.0695514,45
atlantico_heredia,9.9425046,-84.0695582,46
atlantico_heredia,9.9426301,-84.0695793,47
atlantico_heredia,9.9428555,-84.0696171,48
atlantico_heredia,9.9430029,-84.0696418,49
atlantico_heredia,9.9431503,-84.0696688,50
atlantico_heredia,9.9432935,-84.0697142,51
atlantico_heredia,9.9434626,-84.0698001,52
atlantico_heredia,9.9436517,-84.0699144,53
atlantico_heredia,9.9437767,-84.0700177,54
atlantico_heredia,9.9439989,-84.070299,55
atlantico_heredia,9.9442499,-84.0706101,56
atlantico_heredia,9.9444673,-84.0708875,57
atlantico_heredia,9.9447226,-84.0711887,58
atlantico_heredia,9.9449365,-84.0714596,59
atlantico_heredia,9.9451772,-84.0717715,60
atlantico_heredia,9.9453678,-84.0719915,61
atlantico_heredia,9.9455116,-84.0721975,62
atlantico_heredia,9.9456862,-84.0724065,63
atlantico_heredia,9.945944,-84.072759,64
atlantico_heredia,9.9459928,-84.0728221,65
atlantico_heredia,9.9459928,-84.0728221,66
atlantico_heredia,9.9460112,-84.0728059,67
atlantico_heredia,9.9465374,-84.0735536,68
atlantico_heredia,9.9469376,-84.0740713,69
atlantico_heredia,9.9471308,-84.0743562,70
atlantico_heredia,9.9473125,-84.0746527,71
atlantico_heredia,9.9475056,-84.0751151,72
atlantico_heredia,9.9476091,-84.075484,73
atlantico_heredia,9.9477517,-84.0759043,74
atlantico_heredia,9.9479147,-84.0762948,75
atlantico_heredia,9.948016,-84.0764298,76
atlantico_heredia,9.9481266,-84.0765604,77
atlantico_heredia,9.9482876,-84.0766702,78
atlantico_heredia,9.9486625,-84.0768523,79
atlantico_heredia,9.9488465,-84.076948,80
atlantico_heredia,9.9489592,-84.0770344,81
atlantico_heredia,9.949042,-84.0771185,82
atlantico_heredia,9.9491087,-84.0772049,83
atlantico_heredia,9.9491962,-84.0773625,84
atlantico_heredia,9.9492732,-84.0776168,85
atlantico_heredia,9.9493594,-84.0784004,86
atlantico_heredia,9.9494077,-84.0787086,87
atlantico_heredia,9.9494813,-84.0789725,88
atlantico_heredia,9.9496468,-84.0792807,89
atlantico_heredia,9.9497871,-84.0794932,90
atlantico_heredia,9.9499343,-84.0797337,91
atlantico_heredia,9.9500746,-84.0799088,92
atlantico_heredia,9.950185,-84.0800979,93
atlantico_heredia,9.9502425,-84.0803011,94
atlantico_heredia,9.9502586,-84.0804832,95
atlantico_heredia,9.9502494,-84.080682,96
atlantico_heredia,9.9502149,-84.0809782,97
atlantico_heredia,9.9501022,-84.0817511,98
atlantico_heredia,9.95007,-84.0820547,99
atlantico_heredia,9.9500654,-84.0823582,100
atlantico_heredia,9.9501321,-84.0827365,101
atlantico_heredia,9.9502724,-84.0830634,102
atlantico_heredia,9.9503989,-84.0832502,103
atlantico_heredia,9.9505538,-84.0834022,104
atlantico_heredia,9.9541497,-84.0857663,105
atlantico_heredia,9.9547059,-84.0861228,106
atlantico_heredia,9.9548351,-84.0861835,107
atlantico_heredia,9.9549392,-84.0862465,108
atlantico_heredia,9.9551575,-84.086401,109
atlantico_heredia,9.9554726,-84.0866106,110
atlantico_heredia,9.9554726,-84.0866106,111
atlantico_heredia,9.9555752,-84.0866788,112
atlantico_heredia,9.9578283,-84.0881389,113
atlantico_heredia,9.958879,-84.0887993,114
atlantico_heredia,9.9599741,-84.0895209,115
atlantico_heredia,9.9616526,-84.0906076,116
atlantico_heredia,9.9621067,-84.0909123,117
atlantico_heredia,9.9624647,-84.0910739,118
atlantico_heredia,9.9625563,-84.0910861,119
atlantico_heredia,9.9628906,-84.0910748,120
atlantico_heredia,9.963219,-84.090977,121
atlantico_heredia,9.9634493,-84.0907677,122
atlantico_heredia,9.963636,-84.0902862,123
atlantico_heredia,9.9638669,-84.0899511,124
atlantico_heredia,9.964202,-84.0897501,125
atlantico_heredia,9.9646934,-84.0897352,126
atlantico_heredia,9.9651328,-84.0898096,127
atlantico_heredia,9.9655498,-84.0899586,128
atlantico_heredia,9.9663838,-84.0902639,129
atlantico_heredia,9.9666795,-84.0904702,130
atlantico_heredia,9.9668201,-84.0907639,131
atlantico_heredia,9.9668381,-84.0911277,132
atlantico_heredia,9.9667371,-84.0915702,133
atlantico_heredia,9.9667561,-84.0920585,134
atlantico_heredia,9.9669361,-84.092532,135
atlantico_heredia,9.967195,-84.0928496,136
atlantico_heredia,9.9689718,-84.0947839,137
atlantico_heredia,9.9693772,-84.0952306,138
atlantico_heredia,9.9696621,-84.095552,139
atlantico_heredia,9.9709037,-84.0968391,140
atlantico_heredia,9.971351,-84.0973432,141
atlantico_heredia,9.9719462,-84.098023,142
atlantico_heredia,9.9721402,-84.0982397,143
atlantico_heredia,9.9721402,-84.0982397,144
atlantico_heredia,9.9724809,-84.0986159,145
atlantico_heredia,9.9729738,-84.0991475,146
atlantico_heredia,9.9734728,-84.099624,147
atlantico_heredia,9.974061,-84.0999219,148
atlantico_heredia,9.9743317,-84.1000102,149
atlantico_heredia,9.974934,-84.100166,150
atlantico_heredia,9.9752706,-84.1002575,151
atlantico_heredia,9.9759971,-84.1004506,152
atlantico_heredia,9.9764662,-84.1006516,153
atlantico_heredia,9.9768907,-84.1009346,154
atlantico_heredia,9.9773002,-84.1013367,155
atlantico_heredia,9.9779544,-84.1020166,156
atlantico_heredia,9.9781417,-84.1021781,157
atlantico_heredia,9.9798045,-84.1034064,158
atlantico_heredia,9.9827004,-84.1055626,159
atlantico_heredia,9.9828911,-84.1057018,160
atlantico_heredia,9.9843436,-84.1067613,161
atlantico_heredia,9.9857048,-84.1077508,162
atlantico_heredia,9.9869738,-84.108677,163
atlantico_heredia,9.9874515,-84.1090156,164
atlantico_heredia,9.9874515,-84.1090156,165
atlantico_heredia,9.98963,-84.1106426,166
atlantico_heredia,9.9900494,-84.1109143,167
atlantico_heredia,9.9905784,-84.1111621,168
atlantico_heredia,9.9908846,-84.1112698,169
atlantico_heredia,9.9910999,-84.1113456,170
atlantico_heredia,9.9916039,-84.1115498,171
atlantico_heredia,9.991744,-84.1116007,172
atlantico_heredia,9.9919342,-84.1116738,173
atlantico_heredia,9.9934746,-84.1122267,174
atlantico_heredia,9.9937622,-84.1123789,175
atlantico_heredia,9.9938449,-84.1124476,176
atlantico_heredia,9.9939337,-84.1125424,177
atlantico_heredia,9.9940166,-84.1126614,178
atlantico_heredia,9.994133,-84.1128775,179
atlantico_heredia,9.9941595,-84.112975,180
atlantico_heredia,9.9941796,-84.1132916,181
atlantico_heredia,9.9941433,-84.1134865,182
atlantico_heredia,9.9940545,-84.1137678,183
atlantico_heredia,9.993987,-84.1140367,184
atlantico_heredia,9.9939685,-84.1142225,185
atlantico_heredia,9.9939789,-84.114399,186
atlantico_heredia,9.9940138,-84.1145987,187
atlantico_heredia,9.99407,-84.1147968,188
atlantico_heredia,9.9941559,-84.1150124,189
atlantico_heredia,9.9944768,-84.115744,190
atlantico_heredia,9.9945003,-84.1158126,191
atlantico_heredia,9.9945191,-84.1158752,192
atlantico_heredia,9.9945473,-84.1159633,193
atlantico_heredia,9.9945773,-84.1161345,194
atlantico_heredia,9.9946381,-84.1166941,195
atlantico_heredia,9.9946617,-84.1166939,196
atlantico_heredia,9.9946758,-84.1170597,197
atlantico_heredia,9.9947002,-84.1170613,198
heredia_atlantico,9.9947002,-84.1170613,0
heredia_atlantico,9.9946758,-84.1170597,1
heredia_atlantico,9.9946617,-84.1166939,2
heredia_atlantico,9.9946381,-84.1166941,3
heredia_atlantico,9.9945773,-84.1161345,4
heredia_atlantico,9.9945473,-84.1159633,5
heredia_atlantico,9.9945191,-84.1158752,6
heredia_atlantico,9.9945003,-84.1158126,7
heredia_atlantico,9.9944768,-84.115744,8
heredia_atlantico,9.9941559,-84.1150124,9
heredia_atlantico,9.99407,-84.1147968,10
heredia_atlantico,9.9940138,-84.1145987,11
heredia_atlantico,9.9939789,-84.114399,12
heredia_atlantico,9.9939685,-84.1142225,13
heredia_atlantico,9.993987,-84.1140367,14
heredia_atlantico,9.9940545,-84.1137678,15
heredia_atlantico,9.9941433,-84.1134865,16
heredia_atlantico,9.9941796,-84.1132916,17
heredia_atlantico,9.9941595,-84.112975,18
heredia_atlantico,9.994133,-84.1128775,19
heredia_atlantico,9.9940166,-84.1126614,20
heredia_atlantico,9.9939337,-84.1125424,21
heredia_atlantico,9.9938449,-84.1124476,22
heredia_atlantico,9.9937622,-84.1123789,23
heredia_atlantico,9.9934746,-84.1122267,24
heredia_atlantico,9.9919342,-84.1116738,25
heredia_atlantico,9.991744,-84.1116007,26
heredia_atlantico,9.9916039,-84.1115498,27
heredia_atlantico,9.9910999,-84.1113456,28
heredia_atlantico,9.9908846,-84.1112698,29
heredia_atlantico,9.9905784,-84.1111621,30
heredia_atlantico,9.9900494,-84.1109143,31
heredia_atlantico,9.98963,-84.1106426,32
heredia_atlantico,9.9874515,-84.1090156,33
heredia_atlantico,9.9874515,-84.1090156,34
heredia_atlantico,9.9869738,-84.108677,35
heredia_atlantico,9.9857048,-84.1077508,36
heredia_atlantico,9.9843436,-84.1067613,37
heredia_atlantico,9.9828911,-84.1057018,38
heredia_atlantico,9.9827004,-84.1055626,39
heredia_atlantico,9.9798045,-84.1034064,40
heredia_atlantico,9.9781417,-84.1021781,41
heredia_atlantico,9.9779544,-84.1020166,42
heredia_atlantico,9.9773002,-84.1013367,43
heredia_atlantico,9.9768907,-84.1009346,44
heredia_atlantico,9.9764662,-84.1006516,45
heredia_atlantico,9.9759971,-84.1004506,46
heredia_atlantico,9.9752706,-84.1002575,47
heredia_atlantico,9.974934,-84.100166,48
heredia_atlantico,9.9743317,-84.1000102,49
heredia_atlantico,9.974061,-84.0999219,50
heredia_atlantico,9.9734728,-84.099624,51
heredia_atlantico,9.9729738,-84.0991475,52
heredia_atlantico,9.9724809,-84.0986159,53
heredia_atlantico,9.9721402,-84.0982397,54
heredia_atlantico,9.9721402,-84.0982397,55
heredia_atlantico,9.9719462,-84.098023,56
heredia_atlantico,9.971351,-84.0973432,57
heredia_atlantico,9.9709037,-84.0968391,58
heredia_atlantico,9.9696621,-84.095552,59
heredia_atlantico,9.9693772,-84.0952306,60
heredia_atlantico,9.9689718,-84.0947839,61
heredia_atlantico,9.967195,-84.0928496,62
heredia_atlantico,9.9669361,-84.092532,63
heredia_atlantico,9.9667561,-84.0920585,64
heredia_atlantico,9.9667371,-84.0915702,65
heredia_atlantico,9.9668381,-84.0911277,66
heredia_atlantico,9.9668201,-84.0907639,67
heredia_atlantico,9.9666795,-84.0904702,68
heredia_atlantico,9.9663838,-84.0902639,69
heredia_atlantico,9.9655498,-84.0899586,70
heredia_atlantico,9.9651328,-84.0898096,71
heredia_atlantico,9.9646934,-84.0897352,72
heredia_atlantico,9.964202,-84.0897501,73
heredia_atlantico,9.9638669,-84.0899511,74
heredia_atlantico,9.963636,-84.0902862,75
heredia_atlantico,9.9634493,-84.0907677,76
heredia_atlantico,9.963219,-84.090977,77
heredia_atlantico,9.9628906,-84.0910748,78
heredia_atlantico,9.9625563,-84.0910861,79
heredia_atlantico,9.9624647,-84.0910739,80
heredia_atlantico,9.9621067,-84.0909123,81
heredia_atlantico,9.9616526,-84.0906076,82
heredia_atlantico,9.9599741,-84.0895209,83
heredia_atlantico,9.958879,-84.0887993,84
heredia_atlantico,9.9578283,-84.0881389,85
heredia_atlantico,9.9555752,-84.0866788,86
heredia_atlantico,9.9554726,-84.0866106,87
heredia_atlantico,9.9554726,-84.0866106,88
heredia_atlantico,9.9551575,-84.086401,89
heredia_atlantico,9.9549392,-84.0862465,90
heredia_atlantico,9.9548351,-84.0861835,91
heredia_atlantico,9.9547059,-84.0861228,92
heredia_atlantico,9.9541497,-84.0857663,93
heredia_atlantico,9.9505538,-84.0834022,94
heredia_atlantico,9.9503989,-84.0832502,95
heredia_atlantico,9.9502724,-84.0830634,96
heredia_atlantico,9.9501321,-84.0827365,97
heredia_atlantico,9.9500654,-84.0823582,98
heredia_atlantico,9.95007,-84.0820547,99
heredia_atlantico,9.9501022,-84.0817511,100
heredia_atlantico,9.9502149,-84.0809782,101
heredia_atlantico,9.9502494,-84.080682,102
heredia_atlantico,9.9502586,-84.0804832,103
heredia_atlantico,9.9502425,-84.0803011,104
heredia_atlantico,9.950185,-84.0800979,105
heredia_atlantico,9.9500746,-84.0799088,106
heredia_atlantico,9.9499343,-84.0797337,107
heredia_atlantico,9.9497871,-84.0794932,108
heredia_atlantico,9.9496468,-84.0792807,109
heredia_atlantico,9.9494813,-84.0789725,110
heredia_atlantico,9.9494077,-84.0787086,111
heredia_atlantico,9.9493594,-84.0784004,112
heredia_atlantico,9.9492732,-84.0776168,113
heredia_atlantico,9.9491962,-84.0773625,114
heredia_atlantico,9.9491087,-84.0772049,115
heredia_atlantico,9.949042,-84.0771185,116
heredia_atlantico,9.9489592,-84.0770344,117
heredia_atlantico,9.9488465,-84.076948,118
heredia_atlantico,9.9486625,-84.0768523,119
heredia_atlantico,9.9482876,-84.0766702,120
heredia_atlantico,9.9481266,-84.0765604,121
heredia_atlantico,9.948016,-84.0764298,122
heredia_atlantico,9.9479147,-84.0762948,123
heredia_atlantico,9.9477517,-84.0759043,124
heredia_atlantico,9.9476091,-84.075484,125
heredia_atlantico,9.9475056,-84.0751151,126
heredia_atlantico,9.9473125,-84.0746527,127
heredia_atlantico,9.9471308,-84.0743562,128
heredia_atlantico,9.9469376,-84.0740713,129
heredia_atlantico,9.9465374,-84.0735536,130
heredia_atlantico,9.9460112,-84.0728059,131
heredia_atlantico,9.9459928,-84.0728221,132
heredia_atlantico,9.9459928,-84.0728221,133
heredia_atlantico,9.945944,-84.072759,134
heredia_atlantico,9.9456862,-84.0724065,135
heredia_atlantico,9.9455116,-84.0721975,136
heredia_atlantico,9.9453678,-84.0719915,137
heredia_atlantico,9.9451772,-84.0717715,138
heredia_atlantico,9.9449365,-84.0714596,139
heredia_atlantico,9.9447226,-84.0711887,140
heredia_atlantico,9.9444673,-84.0708875,141
heredia_atlantico,9.9442499,-84.0706101,142
heredia_atlantico,9.9439989,-84.070299,143
heredia_atlantico,9.9437767,-84.0700177,144
heredia_atlantico,9.9436517,-84.0699144,145
heredia_atlantico,9.9434626,-84.0698001,146
heredia_atlantico,9.9432935,-84.0697142,147
heredia_atlantico,9.9431503,-84.0696688,148
heredia_atlantico,9.9430029,-84.0696418,149
heredia_atlantico,9.9428555,-84.0696171,150
heredia_atlantico,9.9426301,-84.0695793,151
heredia_atlantico,9.9425046,-84.0695582,152
heredia_atlantico,9.9423986,-84.0695514,153
heredia_atlantico,9.942091,-84.069535,154
heredia_atlantico,9.9416846,-84.0695319,155
heredia_atlantico,9.9413881,-84.0695257,156
heredia_atlantico,9.9409149,-84.0695186,157
heredia_atlantico,9.9406373,-84.0695178,158
heredia_atlantico,9.9403506,-84.0695387,159
heredia_atlantico,9.9402789,-84.069542,160
heredia_atlantico,9.9401405,-84.0695643,161
heredia_atlantico,9.9400022,-84.0695967,162
heredia_atlantico,9.9395146,-84.0697851,163
heredia_atlantico,9.939014,-84.0701113,164
heredia_atlantico,9.9385042,-84.0704572,165
heredia_atlantico,9.938185,-84.0706703,166
heredia_atlantico,9.9377861,-84.0709258,167
heredia_atlantico,9.9375341,-84.0710849,168
heredia_atlantico,9.9373571,-84.0712002,169
heredia_atlantico,9.9371853,-84.0712699,170
heredia_atlantico,9.9370595,-84.0713109,171
heredia_atlantico,9.9369634,-84.0713229,172
heredia_atlantico,9.9368683,-84.0713287,173
heredia_atlantico,9.9368268,-84.0713281,174
heredia_atlantico,9.9367661,-84.0713274,175
heredia_atlantico,9.9366569,-84.071319,176
heredia_atlantico,9.9365909,-84.0713123,177
heredia_atlantico,9.9365213,-84.0713003,178
heredia_atlantico,9.9364146,-84.0712741,179
heredia_atlantico,9.9363145,-84.0712396,180
heredia_atlantico,9.9362484,-84.071214,181
heredia_atlantico,9.9361588,-84.0711793,182
heredia_atlantico,9.9360964,-84.0711552,183
heredia_atlantico,9.9360274,-84.071121,184
heredia_atlantico,9.9359023,-84.0710408,185
heredia_atlantico,9.9357955,-84.0709578,186
heredia_atlantico,9.9357232,-84.0708946,187
heredia_atlantico,9.935657,-84.0708206,188
heredia_atlantico,9.9355726,-84.0706706,189
heredia_atlantico,9.9355382,-84.0706013,190
heredia_atlantico,9.935412,-84.0702807,191
heredia_atlantico,9.9352055,-84.0697586,192
heredia_atlantico,9.9350811,-84.0694177,193
heredia_atlantico,9.9350004,-84.0692158,194
heredia_atlantico,9.934998,-84.0692169,195
heredia_atlantico,9.9348794,-84.0689488,196
heredia_atlantico,9.9348801,-84.0689425,197
heredia_atlantico,9.9348741,-84.0689369,198
heredia_ulatina,9.9947002,-84.1170613,0
heredia_ulatina,9.9946758,-84.1170597,1
heredia_ulatina,9.9946617,-84.1166939,2
heredia_ulatina,9.9946381,-84.1166941,3
heredia_ulatina,9.9945773,-84.1161345,4
heredia_ulatina,9.9945473,-84.1159633,5
heredia_ulatina,9.9945191,-84.1158752,6
heredia_ulatina,9.9945003,-84.1158126,7
heredia_ulatina,9.9944768,-84.115744,8
heredia_ulatina,9.9941559,-84.1150124,9
heredia_ulatina,9.99407,-84.1147968,10
heredia_ulatina,9.9940138,-84.1145987,11
heredia_ulatina,9.9939789,-84.114399,12
heredia_ulatina,9.9939685,-84.1142225,13
heredia_ulatina,9.993987,-84.1140367,14
heredia_ulatina,9.9940545,-84.1137678,15
heredia_ulatina,9.9941433,-84.1134865,16
heredia_ulatina,9.9941796,-84.1132916,17
heredia_ulatina,9.9941595,-84.112975,18
heredia_ulatina,9.994133,-84.1128775,19
heredia_ulatina,9.9940166,-84.1126614,20
heredia_ulatina,9.9939337,-84.1125424,21
heredia_ulatina,9.9938449,-84.1124476,22
heredia_ulatina,9.9937622,-84.1123789,23
heredia_ulatina,9.9934746,-84.1122267,24
heredia_ulatina,9.9919342,-84.1116738,25
heredia_ulatina,9.991744,-84.1116007,26
heredia_ulatina,9.9916039,-84.1115498,27
heredia_ulatina,9.9910999,-84.1113456,28
heredia_ulatina,9.9908846,-84.1112698,29
heredia_ulatina,9.9905784,-84.1111621,30
heredia_ulatina,9.9900494,-84.1109143,31
heredia_ulatina,9.98963,-84.1106426,32
heredia_ulatina,9.9874515,-84.1090156,33
heredia_ulatina,9.9874515,-84.1090156,34
heredia_ulatina,9.9869738,-84.108677,35
heredia_ulatina,9.9857048,-84.1077508,36
heredia_ulatina,9.9843436,-84.1067613,37
heredia_ulatina,9.9828911,-84.1057018,38
heredia_ulatina,9.9827004,-84.1055626,39
heredia_ulatina,9.9798045,-84.1034064,40
heredia_ulatina,9.9781417,-84.1021781,41
heredia_ulatina,9.9779544,-84.1020166,42
heredia_ulatina,9.9773002,-84.1013367,43
heredia_ulatina,9.9768907,-84.1009346,44
heredia_ulatina,9.9764662,-84.1006516,45
heredia_ulatina,9.9759971,-84.1004506,46
heredia_ulatina,9.9752706,-84.1002575,47
heredia_ulatina,9.974934,-84.100166,48
heredia_ulatina,9.9743317,-84.1000102,49
heredia_ulatina,9.974061,-84.0999219,50
heredia_ulatina,9.9734728,-84.099624,51
heredia_ulatina,9.9729738,-84.0991475,52
heredia_ulatina,9.9724809,-84.0986159,53
heredia_ulatina,9.9721402,-84.0982397,54
heredia_ulatina,9.9721402,-84.0982397,55
heredia_ulatina,9.9719462,-84.098023,56
heredia_ulatina,9.971351,-84.0973432,57
heredia_ulatina,9.9709037,-84.0968391,58
heredia_ulatina,9.9696621,-84.095552,59
heredia_ulatina,9.9693772,-84.0952306,60
heredia_ulatina,9.9689718,-84.0947839,61
heredia_ulatina,9.967195,-84.0928496,62
heredia_ulatina,9.9669361,-84.092532,63
heredia_ulatina,9.9667561,-84.0920585,64
heredia_ulatina,9.9667371,-84.0915702,65
heredia_ulatina,9.9668381,-84.0911277,66
heredia_ulatina,9.9668201,-84.0907639,67
heredia_ulatina,9.9666795,-84.0904702,68
heredia_ulatina,9.9663838,-84.0902639,69
heredia_ulatina,9.9655498,-84.0899586,70
heredia_ulatina,9.9651328,-84.0898096,71
heredia_ulatina,9.9646934,-84.0897352,72
heredia_ulatina,9.964202,-84.0897501,73
heredia_ulatina,9.9638669,-84.0899511,74
heredia_ulatina,9.963636,-84.0902862,75
heredia_ulatina,9.9634493,-84.0907677,76
heredia_ulatina,9.963219,-84.090977,77
heredia_ulatina,9.9628906,-84.0910748,78
heredia_ulatina,9.9625563,-84.0910861,79
heredia_ulatina,9.9624647,-84.0910739,80
heredia_ulatina,9.9621067,-84.0909123,81
heredia_ulatina,9.9616526,-84.0906076,82
heredia_ulatina,9.9599741,-84.0895209,83
heredia_ulatina,9.958879,-84.0887993,84
heredia_ulatina,9.9578283,-84.0881389,85
heredia_ulatina,9.9555752,-84.0866788,86
heredia_ulatina,9.9554726,-84.0866106,87
heredia_ulatina,9.9554726,-84.0866106,88
heredia_ulatina,9.9551575,-84.086401,89
heredia_ulatina,9.9549392,-84.0862465,90
heredia_ulatina,9.9548351,-84.0861835,91
heredia_ulatina,9.9547059,-84.0861228,92
heredia_ulatina,9.9541497,-84.0857663,93
heredia_ulatina,9.9505538,-84.0834022,94
heredia_ulatina,9.9503989,-84.0832502,95
heredia_ulatina,9.9502724,-84.0830634,96
heredia_ulatina,9.9501321,-84.0827365,97
heredia_ulatina,9.9500654,-84.0823582,98
heredia_ulatina,9.95007,-84.0820547,99
heredia_ulatina,9.9501022,-84.0817511,100
heredia_ulatina,9.9502149,-84.0809782,101
heredia_ulatina,9.9502494,-84.080682,102
heredia_ulatina,9.9502586,-84.0804832,103
heredia_ulatina,9.9502425,-84.0803011,104
heredia_ulatina,9.950185,-84.0800979,105
heredia_ulatina,9.9500746,-84.0799088,106
heredia_ulatina,9.9499343,-84.0797337,107
heredia_ulatina,9.9497871,-84.0794932,108
heredia_ulatina,9.9496468,-84.0792807,109
heredia_ulatina,9.9494813,-84.0789725,110
heredia_ulatina,9.9494077,-84.0787086,111
heredia_ulatina,9.9493594,-84.0784004,112
heredia_ulatina,9.9492732,-84.0776168,113
heredia_ulatina,9.9491962,-84.0773625,114
heredia_ulatina,9.9491087,-84.0772049,115
heredia_ulatina,9.949042,-84.0771185,116
heredia_ulatina,9.9489592,-84.0770344,117
heredia_ulatina,9.9488465,-84.076948,118
heredia_ulatina,9.9486625,-84.0768523,119
heredia_ulatina,9.9482876,-84.0766702,120
heredia_ulatina,9.9481266,-84.0765604,121
heredia_ulatina,9.948016,-84.0764298,122
heredia_ulatina,9.9479147,-84.0762948,123
heredia_ulatina,9.9477517,-84.0759043,124
heredia_ulatina,9.9476091,-84.075484,125
heredia_ulatina,9.9475056,-84.0751151,126
heredia_ulatina,9.9473125,-84.0746527,127
heredia_ulatina,9.9471308,-84.0743562,128
heredia_ulatina,9.9469376,-84.0740713,129
heredia_ulatina,9.9465374,-84.0735536,130
heredia_ulatina,9.9460112,-84.0728059,131
heredia_ulatina,9.9459928,-84.0728221,132
heredia_ulatina,9.9459928,-84.0728221,133
heredia_ulatina,9.945944,-84.072759,134
heredia_ulatina,9.9456862,-84.0724065,135
heredia_ulatina,9.9455116,-84.0721975,136
heredia_ulatina,9.9453678,-84.0719915,137
heredia_ulatina,9.9451772,-84.0717715,138
heredia_ulatina,9.9449365,-84.0714596,139
heredia_ulatina,9.9447226,-84.0711887,140
heredia_ulatina,9.9444673,-84.0708875,141
heredia_ulatina,9.9442499,-84.0706101,142
heredia_ulatina,9.9439989,-84.070299,143
heredia_ulatina,9.9437767,-84.0700177,144
heredia_ulatina,9.9436517,-84.0699144,145
heredia_ulatina,9.9434626,-84.0698001,146
heredia_ulatina,9.9432935,-84.0697142,147
heredia_ulatina,9.9431503,-84.0696688,148
heredia_ulatina,9.9430029,-84.0696418,149
heredia_ulatina,9.9428555,-84.0696171,150
heredia_ulatina,9.9426301,-84.0695793,151
heredia_ulatina,9.9425046,-84.0695582,152
heredia_ulatina,9.9423986,-84.0695514,153
heredia_ulatina,9.942091,-84.069535,154
heredia_ulatina,9.9416846,-84.0695319,155
heredia_ulatina,9.9413881,-84.0695257,156
heredia_ulatina,9.9409149,-84.0695186,157
heredia_ulatina,9.9406373,-84.0695178,158
heredia_ulatina,9.9403506,-84.0695387,159
heredia_ulatina,9.9402789,-84.069542,160
heredia_ulatina,9.9401405,-84.0695643,161
heredia_ulatina,9.9400022,-84.0695967,162
heredia_ulatina,9.9395146,-84.0697851,163
heredia_ulatina,9.939014,-84.0701113,164
heredia_ulatina,9.9385042,-84.0704572,165
heredia_ulatina,9.938185,-84.0706703,166
heredia_ulatina,9.9377861,-84.0709258,167
heredia_ulatina,9.9375341,-84.0710849,168
heredia_ulatina,9.9373571,-84.0712002,169
heredia_ulatina,9.9371853,-84.0712699,170
heredia_ulatina,9.9370595,-84.0713109,171
heredia_ulatina,9.9369634,-84.0713229,172
heredia_ulatina,9.9368683,-84.0713287,173
heredia_ulatina,9.9368268,-84.0713281,174
heredia_ulatina,9.9367661,-84.0713274,175
heredia_ulatina,9.9366569,-84.071319,176
heredia_ulatina,9.9365909,-84.0713123,177
heredia_ulatina,9.9365213,-84.0713003,178
heredia_ulatina,9.9364146,-84.0712741,179
heredia_ulatina,9.9363145,-84.0712396,180
heredia_ulatina,9.9362484,-84.071214,181
heredia_ulatina,9.9361588,-84.0711793,182
heredia_ulatina,9.9360964,-84.0711552,183
heredia_ulatina,9.9360274,-84.071121,184
heredia_ulatina,9.9359023,-84.0710408,185
heredia_ulatina,9.9357955,-84.0709578,186
heredia_ulatina,9.9357232,-84.0708946,187
heredia_ulatina,9.935657,-84.0708206,188
heredia_ulatina,9.9355726,-84.0706706,189
heredia_ulatina,9.9355382,-84.0706013,190
heredia_ulatina,9.935412,-84.0702807,191
heredia_ulatina,9.9352055,-84.0697586,192
heredia_ulatina,9.9350811,-84.0694177,193
heredia_ulatina,9.9350004,-84.0692158,194
heredia_ulatina,9.934998,-84.0692169,195
heredia_ulatina,9.9348794,-84.0689488,196
heredia_ulatina,9.9348801,-84.0689425,197
heredia_ulatina,9.9348741,-84.0689369,198
heredia_ulatina,9.9348741,-84.0689369,199
heredia_ulatina,9.9347849,-84.0687269,200
heredia_ulatina,9.9347298,-84.068614,201
heredia_ulatina,9.9347342,-84.0686116,202
heredia_ulatina,9.9343972,-84.067946,203
heredia_ulatina,9.9343165,-84.0677596,204
heredia_ulatina,9.9341662,-84.0674254,205
heredia_ulatina,9.9340801,-84.0672424,206
heredia_ulatina,9.9340078,-84.0670711,207
heredia_ulatina,9.9337832,-84.0666193,208
heredia_ulatina,9.9336536,-84.0662543,209
heredia_ulatina,9.9336442,-84.066215,210
heredia_ulatina,9.9336275,-84.0661287,211
heredia_ulatina,9.9335718,-84.0656888,212
heredia_ulatina,9.9335423,-84.0653349,213
heredia_ulatina,9.9335552,-84.0650526,214
heredia_ulatina,9.9335683,-84.0649459,215
heredia_ulatina,9.9335883,-84.0648111,216
heredia_ulatina,9.9336919,-84.0643327,217
heredia_ulatina,9.93386,-84.0637196,218
heredia_ulatina,9.9339051,-84.0635476,219
heredia_ulatina,9.9343135,-84.0621665,220
heredia_ulatina,9.9345539,-84.0613648,221
heredia_ulatina,9.9346013,-84.0612067,222
heredia_ulatina,9.9347494,-84.0607128,223
heredia_ulatina,9.934974,-84.0599349,224
heredia_ulatina,9.9353703,-84.0585294,225
heredia_ulatina,9.935424,-84.0582103,226
heredia_ulatina,9.9354493,-84.0578951,227
heredia_ulatina,9.935449,-84.0578346,228
heredia_ulatina,9.9354472,-84.0577088,229
heredia_ulatina,9.9354447,-84.0576149,230
heredia_ulatina,9.9354263,-84.0573417,231
heredia_ulatina,9.9353809,-84.0570515,232
heredia_ulatina,9.9352778,-84.0566251,233
heredia_ulatina,9.9351827,-84.056271,234
heredia_ulatina,9.935085,-84.0559143,235
heredia_ulatina,9.9349716,-84.0555179,236
heredia_ulatina,9.9349514,-84.0554471,237
heredia_ulatina,9.9349123,-84.0553234,238
heredia_ulatina,9.9344573,-84.0537972,239
heredia_ulatina,9.9344104,-84.0536339,240
heredia_ulatina,9.9341796,-84.0528887,241
heredia_ulatina,9.9341796,-84.0528887,242
heredia_ulatina,9.9340346,-84.05241899,243
heredia_ulatina,9.9340324,-84.0523175,244
heredia_ulatina,9.9339859,-84.0521666,245
heredia_ulatina,9.9336837,-84.051054,246
heredia_ulatina,9.9334745,-84.0503073,247
heredia_ulatina,9.9332674,-84.0495966,248
heredia_ulatina,9.9332136,-84.0493276,249
heredia_ulatina,9.9329369,-84.0481679,250
heredia_ulatina,9.9328589,-84.0477108,251
heredia_ulatina,9.9327561,-84.0469136,252
heredia_ulatina,9.9327383,-84.0467622,253
heredia_ulatina,9.9326892,-84.045777,254
heredia_ulatina,9.9326469,-84.0450655,255
heredia_ulatina,9.9326429,-84.0448899,256
heredia_ulatina,9.932641,-84.0448184,257
heredia_ulatina,9.9326307,-84.0444387,258
heredia_ulatina,9.9326027,-84.0439976,259
heredia_ulatina,9.9325526,-84.0438187,260
heredia_ulatina,9.9324705,-84.0435545,261
alajuela_atlantico,10.00858815,-84.20928014,0
alajuela_atlantico,10.0015666,-84.1952571,1
alajuela_atlantico,10.0015934,-84.1952532,2
alajuela_atlantico,10.0015166,-84.1947451,3
alajuela_atlantico,10.0014529,-84.1942797,4
alajuela_atlantico,10.001441,-84.1939508,5
alajuela_atlantico,10.0014686,-84.1935024,6
alajuela_atlantico,10.0015208,-84.19323,7
alajuela_atlantico,10.001602,-84.1929374,8
alajuela_atlantico,10.0017682,-84.1925342,9
alajuela_atlantico,10.0024206,-84.1907378,10
alajuela_atlantico,10.0028292,-84.1897018,11
alajuela_atlantico,10.0030506,-84.1891407,12
alajuela_atlantico,10.003322,-84.1884355,13
alajuela_atlantico,10.0034876,-84.1879732,14
alajuela_atlantico,10.0035754,-84.1877416,15
alajuela_atlantico,10.0036991,-84.18731,16
alajuela_atlantico,10.0037221,-84.1871139,17
alajuela_atlantico,10.0037313,-84.1869364,18
alajuela_atlantico,10.0036899,-84.186745,19
alajuela_atlantico,10.0035703,-84.1864087,20
alajuela_atlantico,10.0034596,-84.1861214,21
alajuela_atlantico,10.003368,-84.1858548,22
alajuela_atlantico,10.0032608,-84.1856133,23
alajuela_atlantico,10.0031693,-84.1854229,24
alajuela_atlantico,10.0030624,-84.1851463,25
alajuela_atlantico,10.0028264,-84.184487,26
alajuela_atlantico,10.0026085,-84.1838573,27
alajuela_atlantico,10.0025188,-84.1836869,28
alajuela_atlantico,10.0025422,-84.1836739,29
alajuela_atlantico,10.0025422,-84.1836739,30
alajuela_atlantico,10.0024659,-84.1834627,31
alajuela_atlantico,10.0023008,-84.1829903,32
alajuela_atlantico,10.0022543,-84.1827692,33
alajuela_atlantico,10.0022083,-84.1824984,34
alajuela_atlantico,10.0021876,-84.1821971,35
alajuela_atlantico,10.0022083,-84.1818749,36
alajuela_atlantico,10.0022474,-84.1814499,37
alajuela_atlantico,10.0023003,-84.181123,38
alajuela_atlantico,10.0024383,-84.1805089,39
alajuela_atlantico,10.0026728,-84.1796356,40
alajuela_atlantico,10.0029028,-84.1788628,41
alajuela_atlantico,10.0030891,-84.178237,42
alajuela_atlantico,10.0031465,-84.1780105,43
alajuela_atlantico,10.003181,-84.177791,44
alajuela_atlantico,10.0032063,-84.1773894,45
alajuela_atlantico,10.0031718,-84.1769924,46
alajuela_atlantico,10.003158,-84.1768056,47
alajuela_atlantico,10.0031364,-84.1766168,48
alajuela_atlantico,10.0031028,-84.1764834,49
alajuela_atlantico,10.0030638,-84.1763083,50
alajuela_atlantico,10.0029743,-84.1759737,51
alajuela_atlantico,10.0027296,-84.1753401,52
alajuela_atlantico,10.0025552,-84.1750558,53
alajuela_atlantico,10.0023933,-84.1748491,54
alajuela_atlantico,10.0023175,-84.1747393,55
alajuela_atlantico,10.0021682,-84.1744926,56
alajuela_atlantico,10.0019428,-84.174091,57
alajuela_atlantico,10.0018693,-84.1738622,58
alajuela_atlantico,10.0018095,-84.1735399,59
alajuela_atlantico,10.0018141,-84.1732924,60
alajuela_atlantico,10.0020578,-84.1725639,61
alajuela_atlantico,10.00232,-84.1717747,62
alajuela_atlantico,10.0026649,-84.1708127,63
alajuela_atlantico,10.0028811,-84.1702651,64
alajuela_atlantico,10.0030526,-84.1698762,65
alajuela_atlantico,10.0032038,-84.1696473,66
alajuela_atlantico,10.0033669,-84.1694736,67
alajuela_atlantico,10.0034546,-84.1694148,68
alajuela_atlantico,10.0035588,-84.1693801,69
alajuela_atlantico,10.0036285,-84.1693637,70
alajuela_atlantico,10.0040523,-84.1693173,71
alajuela_atlantico,10.0043798,-84.1692744,72
alajuela_atlantico,10.0045196,-84.1692484,73
alajuela_atlantico,10.0046793,-84.1691922,74
alajuela_atlantico,10.0048448,-84.1691034,75
alajuela_atlantico,10.0049744,-84.1689996,76
alajuela_atlantico,10.0051564,-84.168766,77
alajuela_atlantico,10.0052507,-84.1685293,78
alajuela_atlantico,10.0052705,-84.1683612,79
alajuela_atlantico,10.0052624,-84.1681757,80
alajuela_atlantico,10.0052457,-84.1679224,81
alajuela_atlantico,10.0051992,-84.167342,82
alajuela_atlantico,10.0051569,-84.166894,83
alajuela_atlantico,10.0050803,-84.1661725,84
alajuela_atlantico,10.0049509,-84.1648502,85
alajuela_atlantico,10.0049281,-84.1643957,86
alajuela_atlantico,10.004906,-84.1638835,87
alajuela_atlantico,10.004854,-84.1633265,88
alajuela_atlantico,10.0047859,-84.1626638,89
alajuela_atlantico,10.0046815,-84.1617476,90
alajuela_atlantico,10.0045847,-84.1608458,91
alajuela_atlantico,10.0044999,-84.160025,92
alajuela_atlantico,10.0043205,-84.1588902,93
alajuela_atlantico,10.0038606,-84.1561303,94
alajuela_atlantico,10.0037476,-84.1556153,95
alajuela_atlantico,10.0036298,-84.1549649,96
alajuela_atlantico,10.0035223,-84.1543675,97
alajuela_atlantico,10.0033999,-84.1537087,98
alajuela_atlantico,10.0032359,-84.1528184,99
alajuela_atlantico,10.0032568,-84.1526009,100
alajuela_atlantico,10.0032136,-84.1526106,101
alajuela_atlantico,10.0031651,-84.1524174,102
alajuela_atlantico,10.0031651,-84.1524174,103
alajuela_atlantico,10.0031863,-84.1521938,104
alajuela_atlantico,10.0031446,-84.1522019,105
alajuela_atlantico,10.0030793,-84.1519319,106
alajuela_atlantico,10.0029147,-84.1510496,107
alajuela_atlantico,10.0027659,-84.1501601,108
alajuela_atlantico,10.0024715,-84.1483988,109
alajuela_atlantico,10.0023264,-84.1475891,110
alajuela_atlantico,10.0022706,-84.1472918,111
alajuela_atlantico,10.0022071,-84.1469611,112
alajuela_atlantico,10.0021382,-84.1466689,113
alajuela_atlantico,10.0020606,-84.1462938,114
alajuela_atlantico,10.0019688,-84.1458883,115
alajuela_atlantico,10.0018929,-84.1457065,116
alajuela_atlantico,10.001805,-84.1455309,117
alajuela_atlantico,10.0016138,-84.1452814,118
alajuela_atlantico,10.0014348,-84.1450934,119
alajuela_atlantico,10.0013104,-84.1449794,120
alajuela_atlantico,10.0010828,-84.1447514,121
alajuela_atlantico,10.0007763,-84.1444464,122
alajuela_atlantico,10.0004365,-84.1440797,123
alajuela_atlantico,10.0002363,-84.143787,124
alajuela_atlantico,10.0000057,-84.1433711,125
alajuela_atlantico,9.999863,-84.1430568,126
alajuela_atlantico,9.9997265,-84.1426471,127
alajuela_atlantico,9.9996476,-84.142265,128
alajuela_atlantico,9.9995687,-84.1418645,129
alajuela_atlantico,9.9995462,-84.141674,130
alajuela_atlantico,9.9994706,-84.1411205,131
alajuela_atlantico,9.9993796,-84.1404858,132
alajuela_atlantico,9.9992704,-84.1397094,133
alajuela_atlantico,9.9991793,-84.1392103,134
alajuela_atlantico,9.9991247,-84.138896,135
alajuela_atlantico,9.9990398,-84.1383784,136
alajuela_atlantico,9.9989643,-84.1378557,137
alajuela_atlantico,9.998888,-84.1375588,138
alajuela_atlantico,9.9987902,-84.1371953,139
alajuela_atlantico,9.998694,-84.136872,140
alajuela_atlantico,9.9986136,-84.1366644,141
alajuela_atlantico,9.9984126,-84.1362476,142
alajuela_atlantico,9.9970355,-84.1338166,143
alajuela_atlantico,9.9964184,-84.1327647,144
alajuela_atlantico,9.9962644,-84.1324673,145
alajuela_atlantico,9.9961543,-84.1322605,146
alajuela_atlantico,9.9960183,-84.1320297,147
alajuela_atlantico,9.9957462,-84.1315577,148
alajuela_atlantico,9.995556,-84.1312224,149
alajuela_atlantico,9.9954046,-84.1309419,150
alajuela_atlantico,9.9952879,-84.1307262,151
alajuela_atlantico,9.995136,-84.1303964,152
alajuela_atlantico,9.9950171,-84.1300878,153
alajuela_atlantico,9.9949669,-84.1299149,154
alajuela_atlantico,9.9948665,-84.1295394,155
alajuela_atlantico,9.9947939,-84.1292685,156
alajuela_atlantico,9.9947844,-84.1292036,157
alajuela_atlantico,9.9947844,-84.1292036,158
alajuela_atlantico,9.9947569,-84.1290284,159
alajuela_atlantico,9.9947417,-84.1288291,160
alajuela_atlantico,9.9947182,-84.1286435,161
alajuela_atlantico,9.9947131,-84.1284793,162
alajuela_atlantico,9.9947268,-84.1282765,163
alajuela_atlantico,9.994768,-84.1280626,164
alajuela_atlantico,9.9948187,-84.1278713,165
alajuela_atlantico,9.9948657,-84.1276759,166
alajuela_atlantico,9.9949506,-84.1273669,167
alajuela_atlantico,9.9949934,-84.1271401,168
alajuela_atlantico,9.9950029,-84.1270043,169
alajuela_atlantico,9.9950057,-84.1267504,170
alajuela_atlantico,9.9950004,-84.1265129,171
alajuela_atlantico,9.9949873,-84.1262198,172
alajuela_atlantico,9.9949482,-84.1255241,173
alajuela_atlantico,9.9949059,-84.1251508,174
alajuela_atlantico,9.9949037,-84.1250978,175
alajuela_atlantico,9.9949665,-84.1247819,176
alajuela_atlantico,9.9950252,-84.1245912,177
alajuela_atlantico,9.9950929,-84.1243538,178
alajuela_atlantico,9.9951376,-84.1241333,179
alajuela_atlantico,9.9952002,-84.1238297,180
alajuela_atlantico,9.995248,-84.1235857,181
alajuela_atlantico,9.9952614,-84.1235146,182
alajuela_atlantico,9.9952092,-84.1226357,183
alajuela_atlantico,9.9951274,-84.1217827,184
alajuela_atlantico,9.9950636,-84.1209372,185
alajuela_atlantico,9.9949856,-84.1201028,186
alajuela_atlantico,9.994932,-84.1195995,187
alajuela_atlantico,9.9949,-84.1192648,188
alajuela_atlantico,9.9948131,-84.1184294,189
alajuela_atlantico,9.9947672,-84.1179222,190
alajuela_atlantico,9.9947539,-84.1176211,191
alajuela_atlantico,9.9947416,-84.11753,192
alajuela_atlantico,9.9947243,-84.11753,193
alajuela_atlantico,9.9947002,-84.1170613,194
alajuela_atlantico,9.9947002,-84.1170613,195
alajuela_atlantico,9.9946758,-84.1170597,196
alajuela_atlantico,9.9946617,-84.1166939,197
alajuela_atlantico,9.9946381,-84.1166941,198
alajuela_atlantico,9.9945773,-84.1161345,199
alajuela_atlantico,9.9945473,-84.1159633,200
alajuela_atlantico,9.9945191,-84.1158752,201
alajuela_atlantico,9.9945003,-84.1158126,202
alajuela_atlantico,9.9944768,-84.115744,203
alajuela_atlantico,9.9941559,-84.1150124,204
alajuela_atlantico,9.99407,-84.1147968,205
alajuela_atlantico,9.9940138,-84.1145987,206
alajuela_atlantico,9.9939789,-84.114399,207
alajuela_atlantico,9.9939685,-84.1142225,208
alajuela_atlantico,9.993987,-84.1140367,209
alajuela_atlantico,9.9940545,-84.1137678,210
alajuela_atlantico,9.9941433,-84.1134865,211
alajuela_atlantico,9.9941796,-84.1132916,212
alajuela_atlantico,9.9941595,-84.112975,213
alajuela_atlantico,9.994133,-84.1128775,214
alajuela_atlantico,9.9940166,-84.1126614,215
alajuela_atlantico,9.9939337,-84.1125424,216
alajuela_atlantico,9.9938449,-84.1124476,217
alajuela_atlantico,9.9937622,-84.1123789,218
alajuela_atlantico,9.9934746,-84.1122267,219
alajuela_atlantico,9.9919342,-84.1116738,220
alajuela_atlantico,9.991744,-84.1116007,221
alajuela_atlantico,9.9916039,-84.1115498,222
alajuela_atlantico,9.9910999,-84.1113456,223
alajuela_atlantico,9.9908846,-84.1112698,224
alajuela_atlantico,9.9905784,-84.1111621,225
alajuela_atlantico,9.9900494,-84.1109143,226
alajuela_atlantico,9.98963,-84.1106426,227
alajuela_atlantico,9.9874515,-84.1090156,228
alajuela_atlantico,9.9874515,-84.1090156,229
alajuela_atlantico,9.9869738,-84.108677,230
alajuela_atlantico,9.9857048,-84.1077508,231
alajuela_atlantico,9.9843436,-84.1067613,232
alajuela_atlantico,9.9828911,-84.1057018,233
alajuela_atlantico,9.9827004,-84.1055626,234
alajuela_atlantico,9.9798045,-84.1034064,235
alajuela_atlantico,9.9781417,-84.1021781,236
alajuela_atlantico,9.9779544,-84.1020166,237
alajuela_atlantico,9.9773002,-84.1013367,238
alajuela_atlantico,9.9768907,-84.1009346,239
alajuela_atlantico,9.9764662,-84.1006516,240
alajuela_atlantico,9.9759971,-84.1004506,241
alajuela_atlantico,9.9752706,-84.1002575,242
alajuela_atlantico,9.974934,-84.100166,243
alajuela_atlantico,9.9743317,-84.1000102,244
alajuela_atlantico,9.974061,-84.0999219,245
alajuela_atlantico,9.9734728,-84.099624,246
alajuela_atlantico,9.9729738,-84.0991475,247
alajuela_atlantico,9.9724809,-84.0986159,248
alajuela_atlantico,9.9721402,-84.0982397,249
alajuela_atlantico,9.9721402,-84.0982397,250
alajuela_atlantico,9.9719462,-84.098023,251
alajuela_atlantico,9.971351,-84.0973432,252
alajuela_atlantico,9.9709037,-84.0968391,253
alajuela_atlantico,9.9696621,-84.095552,254
alajuela_atlantico,9.9693772,-84.0952306,255
alajuela_atlantico,9.9689718,-84.0947839,256
alajuela_atlantico,9.967195,-84.0928496,257
alajuela_atlantico,9.9669361,-84.092532,258
alajuela_atlantico,9.9667561,-84.0920585,259
alajuela_atlantico,9.9667371,-84.0915702,260
alajuela_atlantico,9.9668381,-84.0911277,261
alajuela_atlantico,9.9668201,-84.0907639,262
alajuela_atlantico,9.9666795,-84.0904702,263
alajuela_atlantico,9.9663838,-84.0902639,264
alajuela_atlantico,9.9655498,-84.0899586,265
alajuela_atlantico,9.9651328,-84.0898096,266
alajuela_atlantico,9.9646934,-84.0897352,267
alajuela_atlantico,9.964202,-84.0897501,268
alajuela_atlantico,9.9638669,-84.0899511,269
alajuela_atlantico,9.963636,-84.0902862,270
alajuela_atlantico,9.9634493,-84.0907677,271
alajuela_atlantico,9.963219,-84.090977,272
alajuela_atlantico,9.9628906,-84.0910748,273
alajuela_atlantico,9.9625563,-84.0910861,274
alajuela_atlantico,9.9624647,-84.0910739,275
alajuela_atlantico,9.9621067,-84.0909123,276
alajuela_atlantico,9.9616526,-84.0906076,277
alajuela_atlantico,9.9599741,-84.0895209,278
alajuela_atlantico,9.958879,-84.0887993,279
alajuela_atlantico,9.9578283,-84.0881389,280
alajuela_atlantico,9.9555752,-84.0866788,281
alajuela_atlantico,9.9554726,-84.0866106,282
alajuela_atlantico,9.9554726,-84.0866106,283
alajuela_atlantico,9.9551575,-84.086401,284
alajuela_atlantico,9.9549392,-84.0862465,285
alajuela_atlantico,9.9548351,-84.0861835,286
alajuela_atlantico,9.9547059,-84.0861228,287
alajuela_atlantico,9.9541497,-84.0857663,288
alajuela_atlantico,9.9505538,-84.0834022,289
alajuela_atlantico,9.9503989,-84.0832502,290
alajuela_atlantico,9.9502724,-84.0830634,291
alajuela_atlantico,9.9501321,-84.0827365,292
alajuela_atlantico,9.9500654,-84.0823582,293
alajuela_atlantico,9.95007,-84.0820547,294
alajuela_atlantico,9.9501022,-84.0817511,295
alajuela_atlantico,9.9502149,-84.0809782,296
alajuela_atlantico,9.9502494,-84.080682,297
alajuela_atlantico,9.9502586,-84.0804832,298
alajuela_atlantico,9.9502425,-84.0803011,299
alajuela_atlantico,9.950185,-84.0800979,300
alajuela_atlantico,9.9500746,-84.0799088,301
alajuela_atlantico,9.9499343,-84.0797337,302
alajuela_atlantico,9.9497871,-84.0794932,303
alajuela_atlantico,9.9496468,-84.0792807,304
alajuela_atlantico,9.9494813,-84.0789725,305
alajuela_atlantico,9.9494077,-84.0787086,306
alajuela_atlantico,9.9493594,-84.0784004,307
alajuela_atlantico,9.9492732,-84.0776168,308
alajuela_atlantico,9.9491962,-84.0773625,309
alajuela_atlantico,9.9491087,-84.0772049,310
alajuela_atlantico,9.949042,-84.0771185,311
alajuela_atlantico,9.9489592,-84.0770344,312
alajuela_atlantico,9.9488465,-84.076948,313
alajuela_atlantico,9.9486625,-84.0768523,314
alajuela_atlantico,9.9482876,-84.0766702,315
alajuela_atlantico,9.9481266,-84.0765604,316
alajuela_atlantico,9.948016,-84.0764298,317
alajuela_atlantico,9.9479147,-84.0762948,318
alajuela_atlantico,9.9477517,-84.0759043,319
alajuela_atlantico,9.9476091,-84.075484,320
alajuela_atlantico,9.9475056,-84.0751151,321
alajuela_atlantico,9.9473125,-84.0746527,322
alajuela_atlantico,9.9471308,-84.0743562,323
alajuela_atlantico,9.9469376,-84.0740713,324
alajuela_atlantico,9.9465374,-84.0735536,325
alajuela_atlantico,9.9460112,-84.0728059,326
alajuela_atlantico,9.9459928,-84.0728221,327
alajuela_atlantico,9.9459928,-84.0728221,328
alajuela_atlantico,9.945944,-84.072759,329
alajuela_atlantico,9.9456862,-84.0724065,330
alajuela_atlantico,9.9455116,-84.0721975,331
alajuela_atlantico,9.9453678,-84.0719915,332
alajuela_atlantico,9.9451772,-84.0717715,333
alajuela_atlantico,9.9449365,-84.0714596,334
alajuela_atlantico,9.9447226,-84.0711887,335
alajuela_atlantico,9.9444673,-84.0708875,336
alajuela_atlantico,9.9442499,-84.0706101,337
alajuela_atlantico,9.9439989,-84.070299,338
alajuela_atlantico,9.9437767,-84.0700177,339
alajuela_atlantico,9.9436517,-84.0699144,340
alajuela_atlantico,9.9434626,-84.0698001,341
alajuela_atlantico,9.9432935,-84.0697142,342
alajuela_atlantico,9.9431503,-84.0696688,343
alajuela_atlantico,9.9430029,-84.0696418,344
alajuela_atlantico,9.9428555,-84.0696171,345
alajuela_atlantico,9.9426301,-84.0695793,346
alajuela_atlantico,9.9425046,-84.0695582,347
alajuela_atlantico,9.9423986,-84.0695514,348
alajuela_atlantico,9.942091,-84.069535,349
alajuela_atlantico,9.9416846,-84.0695319,350
alajuela_atlantico,9.9413881,-84.0695257,351
alajuela_atlantico,9.9409149,-84.0695186,352
alajuela_atlantico,9.9406373,-84.0695178,353
alajuela_atlantico,9.9403506,-84.0695387,354
alajuela_atlantico,9.9402789,-84.069542,355
alajuela_atlantico,9.9401405,-84.0695643,356
alajuela_atlantico,9.9400022,-84.0695967,357
alajuela_atlantico,9.9395146,-84.0697851,358
alajuela_atlantico,9.939014,-84.0701113,359
alajuela_atlantico,9.9385042,-84.0704572,360
alajuela_atlantico,9.938185,-84.0706703,361
alajuela_atlantico,9.9377861,-84.0709258,362
alajuela_atlantico,9.9375341,-84.0710849,363
alajuela_atlantico,9.9373571,-84.0712002,364
alajuela_atlantico,9.9371853,-84.0712699,365
alajuela_atlantico,9.9370595,-84.0713109,366
alajuela_atlantico,9.9369634,-84.0713229,367
alajuela_atlantico,9.9368683,-84.0713287,368
alajuela_atlantico,9.9368268,-84.0713281,369
alajuela_atlantico,9.9367661,-84.0713274,370
alajuela_atlantico,9.9366569,-84.071319,371
alajuela_atlantico,9.9365909,-84.0713123,372
alajuela_atlantico,9.9365213,-84.0713003,373
alajuela_atlantico,9.9364146,-84.0712741,374
alajuela_atlantico,9.9363145,-84.0712396,375
alajuela_atlantico,9.9362484,-84.071214,376
alajuela_atlantico,9.9361588,-84.0711793,377
alajuela_atlantico,9.9360964,-84.0711552,378
alajuela_atlantico,9.9360274,-84.071121,379
alajuela_atlantico,9.9359023,-84.0710408,380
alajuela_atlantico,9.9357955,-84.0709578,381
alajuela_atlantico,9.9357232,-84.0708946,382
alajuela_atlantico,9.935657,-84.0708206,383
alajuela_atlantico,9.9355726,-84.0706706,384
alajuela_atlantico,9.9355382,-84.0706013,385
alajuela_atlantico,9.935412,-84.0702807,386
alajuela_atlantico,9.9352055,-84.0697586,387
alajuela_atlantico,9.9350811,-84.0694177,388
alajuela_atlantico,9.9350004,-84.0692158,389
alajuela_atlantico,9.934998,-84.0692169,390
alajuela_atlantico,9.9348794,-84.0689488,391
alajuela_atlantico,9.9348801,-84.0689425,392
alajuela_atlantico,9.9348741,-84.0689369,393
ulatina_heredia,9.9325526,-84.0438187,0
ulatina_heredia,9.9326027,-84.0439976,1
ulatina_heredia,9.9326307,-84.0444387,2
ulatina_heredia,9.932641,-84.0448184,3
ulatina_heredia,9.9326429,-84.0448899,4
ulatina_heredia,9.9326469,-84.0450655,5
ulatina_heredia,9.9326892,-84.045777,6
ulatina_heredia,9.9327383,-84.0467622,7
ulatina_heredia,9.9327561,-84.0469136,8
ulatina_heredia,9.9328589,-84.0477108,9
ulatina_heredia,9.9329369,-84.0481679,10
ulatina_heredia,9.9332136,-84.0493276,11
ulatina_heredia,9.9332674,-84.0495966,12
ulatina_heredia,9.9334745,-84.0503073,13
ulatina_heredia,9.9336837,-84.051054,14
ulatina_heredia,9.9339859,-84.0521666,15
ulatina_heredia,9.9340324,-84.0523175,16
ulatina_heredia,9.9340346,-84.05241899,17
ulatina_heredia,9.9341796,-84.0528887,18
ulatina_heredia,9.9341796,-84.0528887,19
ulatina_heredia,9.9344104,-84.0536339,20
ulatina_heredia,9.9344573,-84.0537972,21
ulatina_heredia,9.9349123,-84.0553234,22
ulatina_heredia,9.9349514,-84.0554471,23
ulatina_heredia,9.9349716,-84.0555179,24
ulatina_heredia,9.935085,-84.0559143,25
ulatina_heredia,9.9351827,-84.056271,26
ulatina_heredia,9.9352778,-84.0566251,27
ulatina_heredia,9.9353809,-84.0570515,28
ulatina_heredia,9.9354263,-84.0573417,29
ulatina_heredia,9.9354447,-84.0576149,30
ulatina_heredia,9.9354472,-84.0577088,31
ulatina_heredia,9.935449,-84.0578346,32
ulatina_heredia,9.9354493,-84.0578951,33
ulatina_heredia,9.935424,-84.0582103,34
ulatina_heredia,9.9353703,-84.0585294,35
ulatina_heredia,9.934974,-84.0599349,36
ulatina_heredia,9.9347494,-84.0607128,37
ulatina_heredia,9.9346013,-84.0612067,38
ulatina_heredia,9.9345539,-84.0613648,39
ulatina_heredia,9.9343135,-84.0621665,40
ulatina_heredia,9.9339051,-84.0635476,41
ulatina_heredia,9.93386,-84.0637196,42
ulatina_heredia,9.9336919,-84.0643327,43
ulatina_heredia,9.9335883,-84.0648111,44
ulatina_heredia,9.9335683,-84.0649459,45
ulatina_heredia,9.9335552,-84.0650526,46
ulatina_heredia,9.9335423,-84.0653349,47
ulatina_heredia,9.9335718,-84.0656888,48
ulatina_heredia,9.9336275,-84.0661287,49
ulatina_heredia,9.9336442,-84.066215,50
ulatina_heredia,9.9336536,-84.0662543,51
ulatina_heredia,9.9337832,-84.0666193,52
ulatina_heredia,9.9340078,-84.0670711,53
ulatina_heredia,9.9340801,-84.0672424,54
ulatina_heredia,9.9341662,-84.0674254,55
ulatina_heredia,9.9343165,-84.0677596,56
ulatina_heredia,9.9343972,-84.067946,57
ulatina_heredia,9.9347342,-84.0686116,58
ulatina_heredia,9.9347298,-84.068614,59
ulatina_heredia,9.9347849,-84.0687269,60
ulatina_heredia,9.9348741,-84.0689369,61
ulatina_heredia,9.9348741,-84.0689369,62
ulatina_heredia,9.9348801,-84.0689425,63
ulatina_heredia,9.9348794,-84.0689488,64
ulatina_heredia,9.934998,-84.0692169,65
ulatina_heredia,9.9350004,-84.0692158,66
ulatina_heredia,9.9350811,-84.0694177,67
ulatina_heredia,9.9352055,-84.0697586,68
ulatina_heredia,9.935412,-84.0702807,69
ulatina_heredia,9.9355382,-84.0706013,70
ulatina_heredia,9.9355726,-84.0706706,71
ulatina_heredia,9.935657,-84.0708206,72
ulatina_heredia,9.9357232,-84.0708946,73
ulatina_heredia,9.9357955,-84.0709578,74
ulatina_heredia,9.9359023,-84.0710408,75
ulatina_heredia,9.9360274,-84.071121,76
ulatina_heredia,9.9360964,-84.0711552,77
ulatina_heredia,9.9361588,-84.0711793,78
ulatina_heredia,9.9362484,-84.071214,79
ulatina_heredia,9.9363145,-84.0712396,80
ulatina_heredia,9.9364146,-84.0712741,81
ulatina_heredia,9.9365213,-84.0713003,82
ulatina_heredia,9.9365909,-84.0713123,83
ulatina_heredia,9.9366569,-84.071319,84
ulatina_heredia,9.9367661,-84.0713274,85
ulatina_heredia,9.9368268,-84.0713281,86
ulatina_heredia,9.9368683,-84.0713287,87
ulatina_heredia,9.9369634,-84.0713229,88
ulatina_heredia,9.9370595,-84.0713109,89
ulatina_heredia,9.9371853,-84.0712699,90
ulatina_heredia,9.9373571,-84.0712002,91
ulatina_heredia,9.9375341,-84.0710849,92
ulatina_heredia,9.9377861,-84.0709258,93
ulatina_heredia,9.938185,-84.0706703,94
ulatina_heredia,9.9385042,-84.0704572,95
ulatina_heredia,9.939014,-84.0701113,96
ulatina_heredia,9.9395146,-84.0697851,97
ulatina_heredia,9.9400022,-84.0695967,98
ulatina_heredia,9.9401405,-84.0695643,99
ulatina_heredia,9.9402789,-84.069542,100
ulatina_heredia,9.9403506,-84.0695387,101
ulatina_heredia,9.9406373,-84.0695178,102
ulatina_heredia,9.9409149,-84.0695186,103
ulatina_heredia,9.9413881,-84.0695257,104
ulatina_heredia,9.9416846,-84.0695319,105
ulatina_heredia,9.942091,-84.069535,106
ulatina_heredia,9.9423986,-84.0695514,107
ulatina_heredia,9.9425046,-84.0695582,108
ulatina_heredia,9.9426301,-84.0695793,109
ulatina_heredia,9.9428555,-84.0696171,110
ulatina_heredia,9.9430029,-84.0696418,111
ulatina_heredia,9.9431503,-84.0696688,112
ulatina_heredia,9.9432935,-84.0697142,113
ulatina_heredia,9.9434626,-84.0698001,114
ulatina_heredia,9.9436517,-84.0699144,115
ulatina_heredia,9.9437767,-84.0700177,116
ulatina_heredia,9.9439989,-84.070299,117
ulatina_heredia,9.9442499,-84.0706101,118
ulatina_heredia,9.9444673,-84.0708875,119
ulatina_heredia,9.9447226,-84.0711887,120
ulatina_heredia,9.9449365,-84.0714596,121
ulatina_heredia,9.9451772,-84.0717715,122
ulatina_heredia,9.9453678,-84.0719915,123
ulatina_heredia,9.9455116,-84.0721975,124
ulatina_heredia,9.9456862,-84.0724065,125
ulatina_heredia,9.945944,-84.072759,126
ulatina_heredia,9.9459928,-84.0728221,127
ulatina_heredia,9.9459928,-84.0728221,128
ulatina_heredia,9.9460112,-84.0728059,129
ulatina_heredia,9.9465374,-84.0735536,130
ulatina_heredia,9.9469376,-84.0740713,131
ulatina_heredia,9.9471308,-84.0743562,132
ulatina_heredia,9.9473125,-84.0746527,133
ulatina_heredia,9.9475056,-84.0751151,134
ulatina_heredia,9.9476091,-84.075484,135
ulatina_heredia,9.9477517,-84.0759043,136
ulatina_heredia,9.9479147,-84.0762948,137
ulatina_heredia,9.948016,-84.0764298,138
ulatina_heredia,9.9481266,-84.0765604,139
ulatina_heredia,9.9482876,-84.0766702,140
ulatina_heredia,9.9486625,-84.0768523,141
ulatina_heredia,9.9488465,-84.076948,142
ulatina_heredia,9.9489592,-84.0770344,143
ulatina_heredia,9.949042,-84.0771185,144
ulatina_heredia,9.9491087,-84.0772049,145
ulatina_heredia,9.9491962,-84.0773625,146
ulatina_heredia,9.9492732,-84.0776168,147
ulatina_heredia,9.9493594,-84.0784004,148
ulatina_heredia,9.9494077,-84.0787086,149
ulatina_heredia,9.9494813,-84.0789725,150
ulatina_heredia,9.9496468,-84.0792807,151
ulatina_heredia,9.9497871,-84.0794932,152
ulatina_heredia,9.9499343,-84.0797337,153
ulatina_heredia,9.9500746,-84.0799088,154
ulatina_heredia,9.950185,-84.0800979,155
ulatina_heredia,9.9502425,-84.0803011,156
ulatina_heredia,9.9502586,-84.0804832,157
ulatina_heredia,9.9502494,-84.080682,158
ulatina_heredia,9.9502149,-84.0809782,159
ulatina_heredia,9.9501022,-84.0817511,160
ulatina_heredia,9.95007,-84.0820547,161
ulatina_heredia,9.9500654,-84.0823582,162
ulatina_heredia,9.9501321,-84.0827365,163
ulatina_heredia,9.9502724,-84.0830634,164
ulatina_heredia,9.9503989,-84.0832502,165
ulatina_heredia,9.9505538,-84.0834022,166
ulatina_heredia,9.9541497,-84.0857663,167
ulatina_heredia,9.9547059,-84.0861228,168
ulatina_heredia,9.9548351,-84.0861835,169
ulatina_heredia,9.9549392,-84.0862465,170
ulatina_heredia,9.9551575,-84.086401,171
ulatina_heredia,9.9554726,-84.0866106,172
ulatina_heredia,9.9554726,-84.0866106,173
ulatina_heredia,9.9555752,-84.0866788,174
ulatina_heredia,9.9578283,-84.0881389,175
ulatina_heredia,9.958879,-84.0887993,176
ulatina_heredia,9.9599741,-84.0895209,177
ulatina_heredia,9.9616526,-84.0906076,178
ulatina_heredia,9.9621067,-84.0909123,179
ulatina_heredia,9.9624647,-84.0910739,180
ulatina_heredia,9.9625563,-84.0910861,181
ulatina_heredia,9.9628906,-84.0910748,182
ulatina_heredia,9.963219,-84.090977,183
ulatina_heredia,9.9634493,-84.0907677,184
ulatina_heredia,9.963636,-84.0902862,185
ulatina_heredia,9.9638669,-84.0899511,186
ulatina_heredia,9.964202,-84.0897501,187
ulatina_heredia,9.9646934,-84.0897352,188
ulatina_heredia,9.9651328,-84.0898096,189
ulatina_heredia,9.9655498,-84.0899586,190
ulatina_heredia,9.9663838,-84.0902639,191
ulatina_heredia,9.9666795,-84.0904702,192
ulatina_heredia,9.9668201,-84.0907639,193
ulatina_heredia,9.9668381,-84.0911277,194
ulatina_heredia,9.9667371,-84.0915702,195
ulatina_heredia,9.9667561,-84.0920585,196
ulatina_heredia,9.9669361,-84.092532,197
ulatina_heredia,9.967195,-84.0928496,198
ulatina_heredia,9.9689718,-84.0947839,199
ulatina_heredia,9.9693772,-84.0952306,200
ulatina_heredia,9.9696621,-84.095552,201
ulatina_heredia,9.9709037,-84.0968391,202
ulatina_heredia,9.971351,-84.0973432,203
ulatina_heredia,9.9719462,-84.098023,204
ulatina_heredia,9.9721402,-84.0982397,205
ulatina_heredia,9.9721402,-84.0982397,206
ulatina_heredia,9.9724809,-84.0986159,207
ulatina_heredia,9.9729738,-84.0991475,208
ulatina_heredia,9.9734728,-84.099624,209
ulatina_heredia,9.974061,-84.0999219,210
ulatina_heredia,9.9743317,-84.1000102,211
ulatina_heredia,9.974934,-84.100166,212
ulatina_heredia,9.9752706,-84.1002575,213
ulatina_heredia,9.9759971,-84.1004506,214
ulatina_heredia,9.9764662,-84.1006516,215
ulatina_heredia,9.9768907,-84.1009346,216
ulatina_heredia,9.9773002,-84.1013367,217
ulatina_heredia,9.9779544,-84.1020166,218
ulatina_heredia,9.9781417,-84.1021781,219
ulatina_heredia,9.9798045,-84.1034064,220
ulatina_heredia,9.9827004,-84.1055626,221
ulatina_heredia,9.9828911,-84.1057018,222
ulatina_heredia,9.9843436,-84.1067613,223
ulatina_heredia,9.9857048,-84.1077508,224
ulatina_heredia,9.9869738,-84.108677,225
ulatina_heredia,9.9874515,-84.1090156,226
ulatina_heredia,9.9874515,-84.1090156,227
ulatina_heredia,9.98963,-84.1106426,228
ulatina_heredia,9.9900494,-84.1109143,229
ulatina_heredia,9.9905784,-84.1111621,230
ulatina_heredia,9.9908846,-84.1112698,231
ulatina_heredia,9.9910999,-84.1113456,232
ulatina_heredia,9.9916039,-84.1115498,233
ulatina_heredia,9.991744,-84.1116007,234
ulatina_heredia,9.9919342,-84.1116738,235
ulatina_heredia,9.9934746,-84.1122267,236
ulatina_heredia,9.9937622,-84.1123789,237
ulatina_heredia,9.9938449,-84.1124476,238
ulatina_heredia,9.9939337,-84.1125424,239
ulatina_heredia,9.9940166,-84.1126614,240
ulatina_heredia,9.994133,-84.1128775,241
ulatina_heredia,9.9941595,-84.112975,242
ulatina_heredia,9.9941796,-84.1132916,243
ulatina_heredia,9.9941433,-84.1134865,244
ulatina_heredia,9.9940545,-84.1137678,245
ulatina_heredia,9.993987,-84.1140367,246
ulatina_heredia,9.9939685,-84.1142225,247
ulatina_heredia,9.9939789,-84.114399,248
ulatina_heredia,9.9940138,-84.1145987,249
ulatina_heredia,9.99407,-84.1147968,250
ulatina_heredia,9.9941559,-84.1150124,251
ulatina_heredia,9.9944768,-84.115744,252
ulatina_heredia,9.9945003,-84.1158126,253
ulatina_heredia,9.9945191,-84.1158752,254
ulatina_heredia,9.9945473,-84.1159633,255
ulatina_heredia,9.9945773,-84.1161345,256
ulatina_heredia,9.9946381,-84.1166941,257
ulatina_heredia,9.9946617,-84.1166939,258
ulatina_heredia,9.9946758,-84.1170597,259
ulatina_heredia,9.9947002,-84.1170613,260
atlantico_oreamuno,9.934874,-84.0689,0
atlantico_oreamuno,9.934785,-84.0687,1
atlantico_oreamuno,9.93473,-84.0686,2
atlantico_oreamuno,9.934734,-84.0686,3
atlantico_oreamuno,9.934397,-84.0679,4
atlantico_oreamuno,9.934317,-84.0678,5
atlantico_oreamuno,9.934166,-84.0674,6
atlantico_oreamuno,9.93408,-84.0672,7
atlantico_oreamuno,9.934008,-84.0671,8
atlantico_oreamuno,9.933783,-84.0666,9
atlantico_oreamuno,9.933654,-84.0663,10
atlantico_oreamuno,9.933644,-84.0662,11
atlantico_oreamuno,9.933628,-84.0661,12
atlantico_oreamuno,9.933572,-84.0657,13
atlantico_oreamuno,9.933542,-84.0653,14
atlantico_oreamuno,9.933555,-84.0651,15
atlantico_oreamuno,9.933568,-84.0649,16
atlantico_oreamuno,9.933588,-84.0648,17
atlantico_oreamuno,9.933692,-84.0643,18
atlantico_oreamuno,9.93386,-84.0637,19
atlantico_oreamuno,9.933905,-84.0635,20
atlantico_oreamuno,9.934314,-84.0622,21
atlantico_oreamuno,9.934554,-84.0614,22
atlantico_oreamuno,9.934601,-84.0612,23
atlantico_oreamuno,9.934749,-84.0607,24
atlantico_oreamuno,9.934974,-84.0599,25
atlantico_oreamuno,9.93537,-84.0585,26
atlantico_oreamuno,9.935424,-84.0582,27
atlantico_oreamuno,9.935449,-84.0579,28
atlantico_oreamuno,9.935449,-84.0578,29
atlantico_oreamuno,9.935447,-84.0577,30
atlantico_oreamuno,9.935445,-84.0576,31
atlantico_oreamuno,9.935426,-84.0573,32
atlantico_oreamuno,9.935381,-84.0571,33
atlantico_oreamuno,9.935278,-84.0566,34
atlantico_oreamuno,9.935183,-84.0563,35
atlantico_oreamuno,9.935085,-84.0559,36
atlantico_oreamuno,9.934972,-84.0555,37
atlantico_oreamuno,9.934951,-84.0554,38
atlantico_oreamuno,9.934912,-84.0553,39
atlantico_oreamuno,9.934457,-84.0538,40
atlantico_oreamuno,9.93441,-84.0536,41
atlantico_oreamuno,9.93418,-84.0529,42
atlantico_oreamuno,9.93418,-84.0529,43
atlantico_oreamuno,9.934035,-84.0524,44
atlantico_oreamuno,9.934032,-84.0523,45
atlantico_oreamuno,9.933986,-84.0522,46
atlantico_oreamuno,9.933684,-84.0511,47
atlantico_oreamuno,9.933475,-84.0503,48
atlantico_oreamuno,9.933267,-84.0496,49
atlantico_oreamuno,9.933214,-84.0493,50
atlantico_oreamuno,9.932937,-84.0482,51
atlantico_oreamuno,9.932859,-84.0477,52
atlantico_oreamuno,9.932756,-84.0469,53
atlantico_oreamuno,9.932738,-84.0468,54
atlantico_oreamuno,9.932689,-84.0458,55
atlantico_oreamuno,9.932647,-84.0451,56
atlantico_oreamuno,9.932643,-84.0449,57
atlantico_oreamuno,9.932641,-84.0448,58
atlantico_oreamuno,9.932631,-84.0444,59
atlantico_oreamuno,9.932603,-84.044,60
atlantico_oreamuno,9.932553,-84.0438,61
atlantico_oreamuno,9.932471,-84.0436,62
atlantico_oreamuno,9.932471,-84.0436,63
atlantico_oreamuno,9.932337,-84.0433,64
atlantico_oreamuno,9.932141,-84.043,65
atlantico_oreamuno,9.931902,-84.0427,66
atlantico_oreamuno,9.93169,-84.0425,67
atlantico_oreamuno,9.931297,-84.0422,68
atlantico_oreamuno,9.930917,-84.042,69
atlantico_oreamuno,9.930408,-84.0418,70
atlantico_oreamuno,9.930026,-84.0417,71
atlantico_oreamuno,9.927635,-84.0394,72
atlantico_oreamuno,9.927325,-84.0391,73
atlantico_oreamuno,9.925282,-84.0371,74
atlantico_oreamuno,9.925282,-84.0371,75
atlantico_oreamuno,9.92346,-84.0353,76
atlantico_oreamuno,9.923143,-84.035,77
atlantico_oreamuno,9.92294,-84.0349,78
atlantico_oreamuno,9.922879,-84.0348,79
atlantico_oreamuno,9.92212,-84.034,80
atlantico_oreamuno,9.921769,-84.0336,81
atlantico_oreamuno,9.921525,-84.0332,82
atlantico_oreamuno,9.921466,-84.0328,83
atlantico_oreamuno,9.921456,-84.0323,84
atlantico_oreamuno,9.921457,-84.0317,85
atlantico_oreamuno,9.921438,-84.0314,86
atlantico_oreamuno,9.921389,-84.0312,87
atlantico_oreamuno,9.921209,-84.0307,88
atlantico_oreamuno,9.920887,-84.0302,89
atlantico_oreamuno,9.920045,-84.0288,90
atlantico_oreamuno,9.919758,-84.0283,91
atlantico_oreamuno,9.919603,-84.0279,92
atlantico_oreamuno,9.91952,-84.0276,93
atlantico_oreamuno,9.919525,-84.0272,94
atlantico_oreamuno,9.91958,-84.0268,95
atlantico_oreamuno,9.919736,-84.026,96
atlantico_oreamuno,9.919819,-84.0256,97
atlantico_oreamuno,9.919819,-84.0251,98
atlantico_oreamuno,9.919759,-84.0248,99
atlantico_oreamuno,9.919635,-84.0245,100
atlantico_oreamuno,9.919307,-84.0239,101
atlantico_oreamuno,9.919277,-84.0238,102
atlantico_oreamuno,9.919277,-84.0238,103
atlantico_oreamuno,9.919064,-84.0235,104
atlantico_oreamuno,9.918683,-84.0228,105
atlantico_oreamuno,9.918554,-84.0223,106
atlantico_oreamuno,9.918427,-84.0221,107
atlantico_oreamuno,9.918207,-84.0216,108
atlantico_oreamuno,9.917734,-84.0211,109
atlantico_oreamuno,9.917494,-84.0208,110
atlantico_oreamuno,9.917074,-84.0204,111
atlantico_oreamuno,9.916863,-84.02,112
atlantico_oreamuno,9.916778,-84.0195,113
atlantico_oreamuno,9.916854,-84.0191,114
atlantico_oreamuno,9.916998,-84.0186,115
atlantico_oreamuno,9.917013,-84.0184,116
atlantico_oreamuno,9.917005,-84.0183,117
atlantico_oreamuno,9.91698,-84.0181,118
atlantico_oreamuno,9.916939,-84.018,119
atlantico_oreamuno,9.916838,-84.0178,120
atlantico_oreamuno,9.91668,-84.0176,121
atlantico_oreamuno,9.916555,-84.0174,122
atlantico_oreamuno,9.916409,-84.0172,123
atlantico_oreamuno,9.916072,-84.0169,124
atlantico_oreamuno,9.915666,-84.0165,125
atlantico_oreamuno,9.915551,-84.0164,126
atlantico_oreamuno,9.915109,-84.0158,127
atlantico_oreamuno,9.915005,-84.0157,128
atlantico_oreamuno,9.914846,-84.0152,129
atlantico_oreamuno,9.914794,-84.0147,130
atlantico_oreamuno,9.914834,-84.0141,131
atlantico_oreamuno,9.91482,-84.0139,132
atlantico_oreamuno,9.914788,-84.0136,133
atlantico_oreamuno,9.91471,-84.0134,134
atlantico_oreamuno,9.914611,-84.0132,135
atlantico_oreamuno,9.914467,-84.0129,136
atlantico_oreamuno,9.914274,-84.0127,137
atlantico_oreamuno,9.913608,-84.0122,138
atlantico_oreamuno,9.913241,-84.0119,139
atlantico_oreamuno,9.912854,-84.0115,140
atlantico_oreamuno,9.912449,-84.011,141
atlantico_oreamuno,9.911612,-84.0099,142
atlantico_oreamuno,9.910877,-84.0088,143
atlantico_oreamuno,9.910663,-84.0085,144
atlantico_oreamuno,9.910458,-84.0082,145
atlantico_oreamuno,9.910331,-84.0079,146
atlantico_oreamuno,9.91026,-84.0076,147
atlantico_oreamuno,9.910219,-84.0072,148
atlantico_oreamuno,9.910212,-84.0069,149
atlantico_oreamuno,9.910223,-84.0066,150
atlantico_oreamuno,9.910282,-84.0063,151
atlantico_oreamuno,9.910417,-84.006,152
atlantico_oreamuno,9.910571,-84.0056,153
atlantico_oreamuno,9.911003,-84.0047,154
atlantico_oreamuno,9.911135,-84.0044,155
atlantico_oreamuno,9.911219,-84.0041,156
atlantico_oreamuno,9.91126,-84.0039,157
atlantico_oreamuno,9.911332,-84.0031,158
atlantico_oreamuno,9.911367,-84.0017,159
atlantico_oreamuno,9.911494,-84.0005,160
atlantico_oreamuno,9.911891,-83.9995,161
atlantico_oreamuno,9.912035,-83.999,162
atlantico_oreamuno,9.912061,-83.9983,163
atlantico_oreamuno,9.911875,-83.9977,164
atlantico_oreamuno,9.911443,-83.9962,165
atlantico_oreamuno,9.911442,-83.996,166
atlantico_oreamuno,9.911435,-83.9949,167
atlantico_oreamuno,9.911519,-83.9931,168
atlantico_oreamuno,9.911452,-83.9927,169
atlantico_oreamuno,9.911266,-83.9924,170
atlantico_oreamuno,9.910691,-83.9914,171
atlantico_oreamuno,9.910403,-83.9907,172
atlantico_oreamuno,9.91031,-83.9901,173
atlantico_oreamuno,9.910184,-83.9895,174
atlantico_oreamuno,9.910238,-83.9887,175
atlantico_oreamuno,9.910282,-83.9881,176
atlantico_oreamuno,9.910283,-83.9881,177
atlantico_oreamuno,9.910309,-83.9878,178
atlantico_oreamuno,9.910356,-83.9875,179
atlantico_oreamuno,9.910443,-83.9872,180
atlantico_oreamuno,9.910508,-83.987,181
atlantico_oreamuno,9.910574,-83.9869,182
atlantico_oreamuno,9.910593,-83.9867,183
atlantico_oreamuno,9.910593,-83.9867,184
atlantico_oreamuno,9.910736,-83.9863,185
atlantico_oreamuno,9.911025,-83.9857,186
atlantico_oreamuno,9.911213,-83.9853,187
atlantico_oreamuno,9.911424,-83.985,188
atlantico_oreamuno,9.911617,-83.9847,189
atlantico_oreamuno,9.911749,-83.9846,190
atlantico_oreamuno,9.912063,-83.9841,191
atlantico_oreamuno,9.912111,-83.984,192
atlantico_oreamuno,9.912158,-83.984,193
atlantico_oreamuno,9.912382,-83.9835,194
atlantico_oreamuno,9.912515,-83.983,195
atlantico_oreamuno,9.912559,-83.9827,196
atlantico_oreamuno,9.912661,-83.9819,197
atlantico_oreamuno,9.912673,-83.9818,198
atlantico_oreamuno,9.912836,-83.9811,199
atlantico_oreamuno,9.912992,-83.9807,200
atlantico_oreamuno,9.91314,-83.9805,201
atlantico_oreamuno,9.913542,-83.98,202
atlantico_oreamuno,9.913856,-83.9795,203
atlantico_oreamuno,9.914272,-83.9785,204
atlantico_oreamuno,9.914462,-83.978,205
atlantico_oreamuno,9.914555,-83.9778,206
atlantico_oreamuno,9.914612,-83.9777,207
atlantico_oreamuno,9.914626,-83.9776,208
atlantico_oreamuno,9.914775,-83.9771,209
atlantico_oreamuno,9.914775,-83.977,210
atlantico_oreamuno,9.914753,-83.9763,211
atlantico_oreamuno,9.914513,-83.9753,212
atlantico_oreamuno,9.914355,-83.9745,213
atlantico_oreamuno,9.914331,-83.9744,214
atlantico_oreamuno,9.914174,-83.9738,215
atlantico_oreamuno,9.913988,-83.9733,216
atlantico_oreamuno,9.913467,-83.9725,217
atlantico_oreamuno,9.913295,-83.9723,218
atlantico_oreamuno,9.912957,-83.9719,219
atlantico_oreamuno,9.912635,-83.9715,220
atlantico_oreamuno,9.91201,-83.9704,221
atlantico_oreamuno,9.911931,-83.97,222
atlantico_oreamuno,9.911917,-83.9699,223
atlantico_oreamuno,9.911889,-83.9696,224
atlantico_oreamuno,9.911892,-83.9691,225
atlantico_oreamuno,9.911949,-83.9681,226
atlantico_oreamuno,9.911441,-83.9665,227
atlantico_oreamuno,9.911175,-83.9654,228
atlantico_oreamuno,9.910985,-83.9648,229
atlantico_oreamuno,9.910515,-83.9643,230
atlantico_oreamuno,9.909936,-83.9637,231
atlantico_oreamuno,9.909501,-83.963,232
atlantico_oreamuno,9.909362,-83.9628,233
atlantico_oreamuno,9.908904,-83.9622,234
atlantico_oreamuno,9.908465,-83.9614,235
atlantico_oreamuno,9.907974,-83.9603,236
atlantico_oreamuno,9.907511,-83.9591,237
atlantico_oreamuno,9.907268,-83.9585,238
atlantico_oreamuno,9.906846,-83.9581,239
atlantico_oreamuno,9.906404,-83.9578,240
atlantico_oreamuno,9.906019,-83.9577,241
atlantico_oreamuno,9.90561,-83.9576,242
atlantico_oreamuno,9.905111,-83.9575,243
atlantico_oreamuno,9.904466,-83.9571,244
atlantico_oreamuno,9.90398,-83.9566,245
atlantico_oreamuno,9.903601,-83.9559,246
atlantico_oreamuno,9.903344,-83.9553,247
atlantico_oreamuno,9.903179,-83.9547,248
atlantico_oreamuno,9.902962,-83.9543,249
atlantico_oreamuno,9.902947,-83.9543,250
atlantico_oreamuno,9.902424,-83.9536,251
atlantico_oreamuno,9.902032,-83.9528,252
atlantico_oreamuno,9.90188,-83.9524,253
atlantico_oreamuno,9.901811,-83.9518,254
atlantico_oreamuno,9.90178,-83.951,255
atlantico_oreamuno,9.901706,-83.9498,256
atlantico_oreamuno,9.901658,-83.9491,257
atlantico_oreamuno,9.901654,-83.949,258
atlantico_oreamuno,9.901563,-83.9478,259
atlantico_oreamuno,9.901503,-83.9475,260
atlantico_oreamuno,9.901358,-83.947,261
atlantico_oreamuno,9.901211,-83.9467,262
atlantico_oreamuno,9.900872,-83.9462,263
atlantico_oreamuno,9.900555,-83.9459,264
atlantico_oreamuno,9.90028,-83.9456,265
atlantico_oreamuno,9.900011,-83.9454,266
atlantico_oreamuno,9.89943,-83.9451,267
atlantico_oreamuno,9.898595,-83.9446,268
atlantico_oreamuno,9.897955,-83.9442,269
atlantico_oreamuno,9.897568,-83.9439,270
atlantico_oreamuno,9.89731,-83.9438,271
atlantico_oreamuno,9.897097,-83.9437,272
atlantico_oreamuno,9.896698,-83.9435,273
atlantico_oreamuno,9.8962,-83.9433,274
atlantico_oreamuno,9.895677,-83.9431,275
atlantico_oreamuno,9.895297,-83.943,276
atlantico_oreamuno,9.895016,-83.9428,277
atlantico_oreamuno,9.894467,-83.9424,278
atlantico_oreamuno,9.894144,-83.9422,279
atlantico_oreamuno,9.893458,-83.9416,280
atlantico_oreamuno,9.893167,-83.9414,281
atlantico_oreamuno,9.892702,-83.941,282
atlantico_oreamuno,9.892306,-83.9406,283
atlantico_oreamuno,9.891998,-83.9402,284
atlantico_oreamuno,9.891756,-83.9398,285
atlantico_oreamuno,9.891614,-83.9395,286
atlantico_oreamuno,9.891508,-83.9392,287
atlantico_oreamuno,9.891423,-83.9389,288
atlantico_oreamuno,9.891392,-83.9387,289
atlantico_oreamuno,9.891386,-83.9384,290
atlantico_oreamuno,9.891418,-83.9381,291
atlantico_oreamuno,9.891434,-83.938,292
atlantico_oreamuno,9.891497,-83.9378,293
atlantico_oreamuno,9.891519,-83.9377,294
atlantico_oreamuno,9.891545,-83.9376,295
atlantico_oreamuno,9.891577,-83.9374,296
atlantico_oreamuno,9.891624,-83.9373,297
atlantico_oreamuno,9.891682,-83.9371,298
atlantico_oreamuno,9.891719,-83.9369,299
atlantico_oreamuno,9.891783,-83.9368,300
atlantico_oreamuno,9.891841,-83.9365,301
atlantico_oreamuno,9.891862,-83.9364,302
atlantico_oreamuno,9.891899,-83.9362,303
atlantico_oreamuno,9.891931,-83.9361,304
atlantico_oreamuno,9.891947,-83.936,305
atlantico_oreamuno,9.891978,-83.9358,306
atlantico_oreamuno,9.891994,-83.9356,307
atlantico_oreamuno,9.891989,-83.9355,308
atlantico_oreamuno,9.891915,-83.9353,309
atlantico_oreamuno,9.891857,-83.9352,310
atlantico_oreamuno,9.891719,-83.935,311
atlantico_oreamuno,9.891661,-83.9349,312
atlantico_oreamuno,9.891529,-83.9348,313
atlantico_oreamuno,9.891413,-83.9347,314
atlantico_oreamuno,9.891291,-83.9347,315
atlantico_oreamuno,9.891164,-83.9346,316
atlantico_oreamuno,9.891038,-83.9346,317
atlantico_oreamuno,9.890842,-83.9346,318
atlantico_oreamuno,9.890699,-83.9345,319
atlantico_oreamuno,9.890546,-83.9345,320
atlantico_oreamuno,9.890435,-83.9345,321
atlantico_oreamuno,9.890265,-83.9345,322
atlantico_oreamuno,9.889997,-83.9343,323
atlantico_oreamuno,9.889801,-83.934,324
atlantico_oreamuno,9.889521,-83.9333,325
atlantico_oreamuno,9.889389,-83.933,326
atlantico_oreamuno,9.889395,-83.9328,327
atlantico_oreamuno,9.889399,-83.9327,328
atlantico_oreamuno,9.889421,-83.9326,329
atlantico_oreamuno,9.889447,-83.9322,330
atlantico_oreamuno,9.889484,-83.9318,331
atlantico_oreamuno,9.889463,-83.9314,332
atlantico_oreamuno,9.889387,-83.9311,333
atlantico_oreamuno,9.889299,-83.9309,334
atlantico_oreamuno,9.889105,-83.9305,335
atlantico_oreamuno,9.88886,-83.9302,336
atlantico_oreamuno,9.888677,-83.93,337
atlantico_oreamuno,9.888501,-83.9299,338
atlantico_oreamuno,9.887944,-83.9296,339
atlantico_oreamuno,9.887745,-83.9296,340
atlantico_oreamuno,9.887391,-83.9296,341
atlantico_oreamuno,9.887249,-83.9296,342
atlantico_oreamuno,9.887064,-83.9296,343
atlantico_oreamuno,9.886836,-83.9295,344
atlantico_oreamuno,9.886582,-83.9295,345
atlantico_oreamuno,9.885568,-83.9296,346
atlantico_oreamuno,9.883792,-83.9297,347
atlantico_oreamuno,9.883671,-83.9297,348
atlantico_oreamuno,9.883486,-83.9297,349
atlantico_oreamuno,9.882677,-83.9298,350
atlantico_oreamuno,9.881964,-83.9298,351
atlantico_oreamuno,9.880995,-83.9299,352
atlantico_oreamuno,9.878957,-83.93,353
atlantico_oreamuno,9.878673,-83.93,354
atlantico_oreamuno,9.87847,-83.93,355
atlantico_oreamuno,9.878005,-83.93,356
atlantico_oreamuno,9.877466,-83.93,357
atlantico_oreamuno,9.87721,-83.9299,358
atlantico_oreamuno,9.877059,-83.9298,359
atlantico_oreamuno,9.876674,-83.9297,360
atlantico_oreamuno,9.876364,-83.9295,361
atlantico_oreamuno,9.875285,-83.9289,362
atlantico_oreamuno,9.874794,-83.9286,363
atlantico_oreamuno,9.874322,-83.9283,364
atlantico_oreamuno,9.874233,-83.9283,365
atlantico_oreamuno,9.873833,-83.928,366
atlantico_oreamuno,9.872909,-83.9274,367
atlantico_oreamuno,9.872552,-83.9271,368
atlantico_oreamuno,9.87191,-83.9267,369
atlantico_oreamuno,9.871496,-83.9264,370
atlantico_oreamuno,9.869922,-83.9256,371
atlantico_oreamuno,9.869811,-83.9255,372
atlantico_oreamuno,9.86941,-83.9254,373
atlantico_oreamuno,9.869146,-83.9252,374
atlantico_oreamuno,9.868962,-83.925,375
atlantico_oreamuno,9.868861,-83.9249,376
atlantico_oreamuno,9.868784,-83.9249,377
atlantico_oreamuno,9.868515,-83.9246,378
atlantico_oreamuno,9.86801,-83.9242,379
atlantico_oreamuno,9.867232,-83.9234,380
atlantico_oreamuno,9.86697,-83.9231,381
atlantico_oreamuno,9.866911,-83.9231,382
atlantico_oreamuno,9.866884,-83.9231,383
atlantico_oreamuno,9.866842,-83.923,384
atlantico_oreamuno,9.866821,-83.923,385
atlantico_oreamuno,9.866805,-83.923,386
atlantico_oreamuno,9.866793,-83.9229,387
atlantico_oreamuno,9.866736,-83.9226,388
atlantico_oreamuno,9.866634,-83.9222,389
atlantico_oreamuno,9.866519,-83.9222,390
atlantico_oreamuno,9.866654,-83.922,391
atlantico_oreamuno,9.866654,-83.922,392
atlantico_oreamuno,9.866589,-83.9219,393
atlantico_oreamuno,9.866473,-83.9219,394
atlantico_oreamuno,9.866615,-83.9217,395
atlantico_oreamuno,9.866559,-83.9213,396
atlantico_oreamuno,9.866498,-83.9209,397
atlantico_oreamuno,9.866419,-83.9203,398
atlantico_oreamuno,9.866417,-83.9203,399
atlantico_oreamuno,9.866339,-83.9197,400
atlantico_oreamuno,9.866271,-83.9192,401
atlantico_oreamuno,9.866152,-83.9183,402
atlantico_oreamuno,9.866027,-83.9174,403
atlantico_oreamuno,9.865871,-83.9163,404
atlantico_oreamuno,9.865706,-83.9152,405
atlantico_oreamuno,9.865598,-83.9144,406
atlantico_oreamuno,9.865562,-83.9141,407
atlantico_oreamuno,9.865535,-83.914,408
atlantico_oreamuno,9.865439,-83.9138,409
atlantico_oreamuno,9.865263,-83.9136,410
atlantico_oreamuno,9.864991,-83.9132,411
atlantico_oreamuno,9.864692,-83.9129,412
atlantico_oreamuno,9.864575,-83.9127,413
atlantico_oreamuno,9.864527,-83.9126,414
atlantico_oreamuno,9.864472,-83.9124,415
atlantico_oreamuno,9.864431,-83.9121,416
atlantico_oreamuno,9.864335,-83.9115,417
atlantico_oreamuno,9.864212,-83.911,418
atlantico_oreamuno,9.861238,-83.9053,419
atlantico_paraiso,9.934874,-84.0689,0
atlantico_paraiso,9.934785,-84.0687,1
atlantico_paraiso,9.93473,-84.0686,2
atlantico_paraiso,9.934734,-84.0686,3
atlantico_paraiso,9.934397,-84.0679,4
atlantico_paraiso,9.934317,-84.0678,5
atlantico_paraiso,9.934166,-84.0674,6
atlantico_paraiso,9.93408,-84.0672,7
atlantico_paraiso,9.934008,-84.0671,8
atlantico_paraiso,9.933783,-84.0666,9
atlantico_paraiso,9.933654,-84.0663,10
atlantico_paraiso,9.933644,-84.0662,11
atlantico_paraiso,9.933628,-84.0661,12
atlantico_paraiso,9.933572,-84.0657,13
atlantico_paraiso,9.933542,-84.0653,14
atlantico_paraiso,9.933555,-84.0651,15
atlantico_paraiso,9.933568,-84.0649,16
atlantico_paraiso,9.933588,-84.0648,17
atlantico_paraiso,9.933692,-84.0643,18
atlantico_paraiso,9.93386,-84.0637,19
atlantico_paraiso,9.933905,-84.0635,20
atlantico_paraiso,9.934314,-84.0622,21
atlantico_paraiso,9.934554,-84.0614,22
atlantico_paraiso,9.934601,-84.0612,23
atlantico_paraiso,9.934749,-84.0607,24
atlantico_paraiso,9.934974,-84.0599,25
atlantico_paraiso,9.93537,-84.0585,26
atlantico_paraiso,9.935424,-84.0582,27
atlantico_paraiso,9.935449,-84.0579,28
atlantico_paraiso,9.935449,-84.0578,29
atlantico_paraiso,9.935447,-84.0577,30
atlantico_paraiso,9.935445,-84.0576,31
atlantico_paraiso,9.935426,-84.0573,32
atlantico_paraiso,9.935381,-84.0571,33
atlantico_paraiso,9.935278,-84.0566,34
atlantico_paraiso,9.935183,-84.0563,35
atlantico_paraiso,9.935085,-84.0559,36
atlantico_paraiso,9.934972,-84.0555,37
atlantico_paraiso,9.934951,-84.0554,38
atlantico_paraiso,9.934912,-84.0553,39
atlantico_paraiso,9.934457,-84.0538,40
atlantico_paraiso,9.93441,-84.0536,41
atlantico_paraiso,9.93418,-84.0529,42
atlantico_paraiso,9.93418,-84.0529,43
atlantico_paraiso,9.934035,-84.0524,44
atlantico_paraiso,9.934032,-84.0523,45
atlantico_paraiso,9.933986,-84.0522,46
atlantico_paraiso,9.933684,-84.0511,47
atlantico_paraiso,9.933475,-84.0503,48
atlantico_paraiso,9.933267,-84.0496,49
atlantico_paraiso,9.933214,-84.0493,50
atlantico_paraiso,9.932937,-84.0482,51
atlantico_paraiso,9.932859,-84.0477,52
atlantico_paraiso,9.932756,-84.0469,53
atlantico_paraiso,9.932738,-84.0468,54
atlantico_paraiso,9.932689,-84.0458,55
atlantico_paraiso,9.932647,-84.0451,56
atlantico_paraiso,9.932643,-84.0449,57
atlantico_paraiso,9.932641,-84.0448,58
atlantico_paraiso,9.932631,-84.0444,59
atlantico_paraiso,9.932603,-84.044,60
atlantico_paraiso,9.932553,-84.0438,61
atlantico_paraiso,9.932471,-84.0436,62
atlantico_paraiso,9.932471,-84.0436,63
atlantico_paraiso,9.932337,-84.0433,64
atlantico_paraiso,9.932141,-84.043,65
atlantico_paraiso,9.931902,-84.0427,66
atlantico_paraiso,9.93169,-84.0425,67
atlantico_paraiso,9.931297,-84.0422,68
atlantico_paraiso,9.930917,-84.042,69
atlantico_paraiso,9.930408,-84.0418,70
atlantico_paraiso,9.930026,-84.0417,71
atlantico_paraiso,9.927635,-84.0394,72
atlantico_paraiso,9.927325,-84.0391,73
atlantico_paraiso,9.925282,-84.0371,74
atlantico_paraiso,9.925282,-84.0371,75
atlantico_paraiso,9.92346,-84.0353,76
atlantico_paraiso,9.923143,-84.035,77
atlantico_paraiso,9.92294,-84.0349,78
atlantico_paraiso,9.922879,-84.0348,79
atlantico_paraiso,9.92212,-84.034,80
atlantico_paraiso,9.921769,-84.0336,81
atlantico_paraiso,9.921525,-84.0332,82
atlantico_paraiso,9.921466,-84.0328,83
atlantico_paraiso,9.921456,-84.0323,84
atlantico_paraiso,9.921457,-84.0317,85
atlantico_paraiso,9.921438,-84.0314,86
atlantico_paraiso,9.921389,-84.0312,87
atlantico_paraiso,9.921209,-84.0307,88
atlantico_paraiso,9.920887,-84.0302,89
atlantico_paraiso,9.920045,-84.0288,90
atlantico_paraiso,9.919758,-84.0283,91
atlantico_paraiso,9.919603,-84.0279,92
atlantico_paraiso,9.91952,-84.0276,93
atlantico_paraiso,9.919525,-84.0272,94
atlantico_paraiso,9.91958,-84.0268,95
atlantico_paraiso,9.919736,-84.026,96
atlantico_paraiso,9.919819,-84.0256,97
atlantico_paraiso,9.919819,-84.0251,98
atlantico_paraiso,9.919759,-84.0248,99
atlantico_paraiso,9.919635,-84.0245,100
atlantico_paraiso,9.919307,-84.0239,101
atlantico_paraiso,9.919277,-84.0238,102
atlantico_paraiso,9.919277,-84.0238,103
atlantico_paraiso,9.919064,-84.0235,104
atlantico_paraiso,9.918683,-84.0228,105
atlantico_paraiso,9.918554,-84.0223,106
atlantico_paraiso,9.918427,-84.0221,107
atlantico_paraiso,9.918207,-84.0216,108
atlantico_paraiso,9.917734,-84.0211,109
atlantico_paraiso,9.917494,-84.0208,110
atlantico_paraiso,9.917074,-84.0204,111
atlantico_paraiso,9.916863,-84.02,112
atlantico_paraiso,9.916778,-84.0195,113
atlantico_paraiso,9.916854,-84.0191,114
atlantico_paraiso,9.916998,-84.0186,115
atlantico_paraiso,9.917013,-84.0184,116
atlantico_paraiso,9.917005,-84.0183,117
atlantico_paraiso,9.91698,-84.0181,118
atlantico_paraiso,9.916939,-84.018,119
atlantico_paraiso,9.916838,-84.0178,120
atlantico_paraiso,9.91668,-84.0176,121
atlantico_paraiso,9.916555,-84.0174,122
atlantico_paraiso,9.916409,-84.0172,123
atlantico_paraiso,9.916072,-84.0169,124
atlantico_paraiso,9.915666,-84.0165,125
atlantico_paraiso,9.915551,-84.0164,126
atlantico_paraiso,9.915109,-84.0158,127
atlantico_paraiso,9.915005,-84.0157,128
atlantico_paraiso,9.914846,-84.0152,129
atlantico_paraiso,9.914794,-84.0147,130
atlantico_paraiso,9.914834,-84.0141,131
atlantico_paraiso,9.91482,-84.0139,132
atlantico_paraiso,9.914788,-84.0136,133
atlantico_paraiso,9.91471,-84.0134,134
atlantico_paraiso,9.914611,-84.0132,135
atlantico_paraiso,9.914467,-84.0129,136
atlantico_paraiso,9.914274,-84.0127,137
atlantico_paraiso,9.913608,-84.0122,138
atlantico_paraiso,9.913241,-84.0119,139
atlantico_paraiso,9.912854,-84.0115,140
atlantico_paraiso,9.912449,-84.011,141
atlantico_paraiso,9.911612,-84.0099,142
atlantico_paraiso,9.910877,-84.0088,143
atlantico_paraiso,9.910663,-84.0085,144
atlantico_paraiso,9.910458,-84.0082,145
atlantico_paraiso,9.910331,-84.0079,146
atlantico_paraiso,9.91026,-84.0076,147
atlantico_paraiso,9.910219,-84.0072,148
atlantico_paraiso,9.910212,-84.0069,149
atlantico_paraiso,9.910223,-84.0066,150
atlantico_paraiso,9.910282,-84.0063,151
atlantico_paraiso,9.910417,-84.006,152
atlantico_paraiso,9.910571,-84.0056,153
atlantico_paraiso,9.911003,-84.0047,154
atlantico_paraiso,9.911135,-84.0044,155
atlantico_paraiso,9.911219,-84.0041,156
atlantico_paraiso,9.91126,-84.0039,157
atlantico_paraiso,9.911332,-84.0031,158
atlantico_paraiso,9.911367,-84.0017,159
atlantico_paraiso,9.911494,-84.0005,160
atlantico_paraiso,9.911891,-83.9995,161
atlantico_paraiso,9.912035,-83.999,162
atlantico_paraiso,9.912061,-83.9983,163
atlantico_paraiso,9.911875,-83.9977,164
atlantico_paraiso,9.911443,-83.9962,165
atlantico_paraiso,9.911442,-83.996,166
atlantico_paraiso,9.911435,-83.9949,167
atlantico_paraiso,9.911519,-83.9931,168
atlantico_paraiso,9.911452,-83.9927,169
atlantico_paraiso,9.911266,-83.9924,170
atlantico_paraiso,9.910691,-83.9914,171
atlantico_paraiso,9.910403,-83.9907,172
atlantico_paraiso,9.91031,-83.9901,173
atlantico_paraiso,9.910184,-83.9895,174
atlantico_paraiso,9.910238,-83.9887,175
atlantico_paraiso,9.910282,-83.9881,176
atlantico_paraiso,9.910283,-83.9881,177
atlantico_paraiso,9.910309,-83.9878,178
atlantico_paraiso,9.910356,-83.9875,179
atlantico_paraiso,9.910443,-83.9872,180
atlantico_paraiso,9.910508,-83.987,181
atlantico_paraiso,9.910574,-83.9869,182
atlantico_paraiso,9.910593,-83.9867,183
atlantico_paraiso,9.910593,-83.9867,184
atlantico_paraiso,9.910736,-83.9863,185
atlantico_paraiso,9.911025,-83.9857,186
atlantico_paraiso,9.911213,-83.9853,187
atlantico_paraiso,9.911424,-83.985,188
atlantico_paraiso,9.911617,-83.9847,189
atlantico_paraiso,9.911749,-83.9846,190
atlantico_paraiso,9.912063,-83.9841,191
atlantico_paraiso,9.912111,-83.984,192
atlantico_paraiso,9.912158,-83.984,193
atlantico_paraiso,9.912382,-83.9835,194
atlantico_paraiso,9.912515,-83.983,195
atlantico_paraiso,9.912559,-83.9827,196
atlantico_paraiso,9.912661,-83.9819,197
atlantico_paraiso,9.912673,-83.9818,198
atlantico_paraiso,9.912836,-83.9811,199
atlantico_paraiso,9.912992,-83.9807,200
atlantico_paraiso,9.91314,-83.9805,201
atlantico_paraiso,9.913542,-83.98,202
atlantico_paraiso,9.913856,-83.9795,203
atlantico_paraiso,9.914272,-83.9785,204
atlantico_paraiso,9.914462,-83.978,205
atlantico_paraiso,9.914555,-83.9778,206
atlantico_paraiso,9.914612,-83.9777,207
atlantico_paraiso,9.914626,-83.9776,208
atlantico_paraiso,9.914775,-83.9771,209
atlantico_paraiso,9.914775,-83.977,210
atlantico_paraiso,9.914753,-83.9763,211
atlantico_paraiso,9.914513,-83.9753,212
atlantico_paraiso,9.914355,-83.9745,213
atlantico_paraiso,9.914331,-83.9744,214
atlantico_paraiso,9.914174,-83.9738,215
atlantico_paraiso,9.913988,-83.9733,216
atlantico_paraiso,9.913467,-83.9725,217
atlantico_paraiso,9.913295,-83.9723,218
atlantico_paraiso,9.912957,-83.9719,219
atlantico_paraiso,9.912635,-83.9715,220
atlantico_paraiso,9.91201,-83.9704,221
atlantico_paraiso,9.911931,-83.97,222
atlantico_paraiso,9.911917,-83.9699,223
atlantico_paraiso,9.911889,-83.9696,224
atlantico_paraiso,9.911892,-83.9691,225
atlantico_paraiso,9.911949,-83.9681,226
atlantico_paraiso,9.911441,-83.9665,227
atlantico_paraiso,9.911175,-83.9654,228
atlantico_paraiso,9.910985,-83.9648,229
atlantico_paraiso,9.910515,-83.9643,230
atlantico_paraiso,9.909936,-83.9637,231
atlantico_paraiso,9.909501,-83.963,232
atlantico_paraiso,9.909362,-83.9628,233
atlantico_paraiso,9.908904,-83.9622,234
atlantico_paraiso,9.908465,-83.9614,235
atlantico_paraiso,9.907974,-83.9603,236
atlantico_paraiso,9.907511,-83.9591,237
atlantico_paraiso,9.907268,-83.9585,238
atlantico_paraiso,9.906846,-83.9581,239
atlantico_paraiso,9.906404,-83.9578,240
atlantico_paraiso,9.906019,-83.9577,241
atlantico_paraiso,9.90561,-83.9576,242
atlantico_paraiso,9.905111,-83.9575,243
atlantico_paraiso,9.904466,-83.9571,244
atlantico_paraiso,9.90398,-83.9566,245
atlantico_paraiso,9.903601,-83.9559,246
atlantico_paraiso,9.903344,-83.9553,247
atlantico_paraiso,9.903179,-83.9547,248
atlantico_paraiso,9.902962,-83.9543,249
atlantico_paraiso,9.902947,-83.9543,250
atlantico_paraiso,9.902424,-83.9536,251
atlantico_paraiso,9.902032,-83.9528,252
atlantico_paraiso,9.90188,-83.9524,253
atlantico_paraiso,9.901811,-83.9518,254
atlantico_paraiso,9.90178,-83.951,255
atlantico_paraiso,9.901706,-83.9498,256
atlantico_paraiso,9.901658,-83.9491,257
atlantico_paraiso,9.901654,-83.949,258
atlantico_paraiso,9.901563,-83.9478,259
atlantico_paraiso,9.901503,-83.9475,260
atlantico_paraiso,9.901358,-83.947,261
atlantico_paraiso,9.901211,-83.9467,262
atlantico_paraiso,9.900872,-83.9462,263
atlantico_paraiso,9.900555,-83.9459,264
atlantico_paraiso,9.90028,-83.9456,265
atlantico_paraiso,9.900011,-83.9454,266
atlantico_paraiso,9.89943,-83.9451,267
atlantico_paraiso,9.898595,-83.9446,268
atlantico_paraiso,9.897955,-83.9442,269
atlantico_paraiso,9.897568,-83.9439,270
atlantico_paraiso,9.89731,-83.9438,271
atlantico_paraiso,9.897097,-83.9437,272
atlantico_paraiso,9.896698,-83.9435,273
atlantico_paraiso,9.8962,-83.9433,274
atlantico_paraiso,9.895677,-83.9431,275
atlantico_paraiso,9.895297,-83.943,276
atlantico_paraiso,9.895016,-83.9428,277
atlantico_paraiso,9.894467,-83.9424,278
atlantico_paraiso,9.894144,-83.9422,279
atlantico_paraiso,9.893458,-83.9416,280
atlantico_paraiso,9.893167,-83.9414,281
atlantico_paraiso,9.892702,-83.941,282
atlantico_paraiso,9.892306,-83.9406,283
atlantico_paraiso,9.891998,-83.9402,284
atlantico_paraiso,9.891756,-83.9398,285
atlantico_paraiso,9.891614,-83.9395,286
atlantico_paraiso,9.891508,-83.9392,287
atlantico_paraiso,9.891423,-83.9389,288
atlantico_paraiso,9.891392,-83.9387,289
atlantico_paraiso,9.891386,-83.9384,290
atlantico_paraiso,9.891418,-83.9381,291
atlantico_paraiso,9.891434,-83.938,292
atlantico_paraiso,9.891497,-83.9378,293
atlantico_paraiso,9.891519,-83.9377,294
atlantico_paraiso,9.891545,-83.9376,295
atlantico_paraiso,9.891577,-83.9374,296
atlantico_paraiso,9.891624,-83.9373,297
atlantico_paraiso,9.891682,-83.9371,298
atlantico_paraiso,9.891719,-83.9369,299
atlantico_paraiso,9.891783,-83.9368,300
atlantico_paraiso,9.891841,-83.9365,301
atlantico_paraiso,9.891862,-83.9364,302
atlantico_paraiso,9.891899,-83.9362,303
atlantico_paraiso,9.891931,-83.9361,304
atlantico_paraiso,9.891947,-83.936,305
atlantico_paraiso,9.891978,-83.9358,306
atlantico_paraiso,9.891994,-83.9356,307
atlantico_paraiso,9.891989,-83.9355,308
atlantico_paraiso,9.891915,-83.9353,309
atlantico_paraiso,9.891857,-83.9352,310
atlantico_paraiso,9.891719,-83.935,311
atlantico_paraiso,9.891661,-83.9349,312
atlantico_paraiso,9.891529,-83.9348,313
atlantico_paraiso,9.891413,-83.9347,314
atlantico_paraiso,9.891291,-83.9347,315
atlantico_paraiso,9.891164,-83.9346,316
atlantico_paraiso,9.891038,-83.9346,317
atlantico_paraiso,9.890842,-83.9346,318
atlantico_paraiso,9.890699,-83.9345,319
atlantico_paraiso,9.890546,-83.9345,320
atlantico_paraiso,9.890435,-83.9345,321
atlantico_paraiso,9.890265,-83.9345,322
atlantico_paraiso,9.889997,-83.9343,323
atlantico_paraiso,9.889801,-83.934,324
atlantico_paraiso,9.889521,-83.9333,325
atlantico_paraiso,9.889389,-83.933,326
atlantico_paraiso,9.889395,-83.9328,327
atlantico_paraiso,9.889399,-83.9327,328
atlantico_paraiso,9.889421,-83.9326,329
atlantico_paraiso,9.889447,-83.9322,330
atlantico_paraiso,9.889484,-83.9318,331
atlantico_paraiso,9.889463,-83.9314,332
atlantico_paraiso,9.889387,-83.9311,333
atlantico_paraiso,9.889299,-83.9309,334
atlantico_paraiso,9.889105,-83.9305,335
atlantico_paraiso,9.88886,-83.9302,336
atlantico_paraiso,9.888677,-83.93,337
atlantico_paraiso,9.888501,-83.9299,338
atlantico_paraiso,9.887944,-83.9296,339
atlantico_paraiso,9.887745,-83.9296,340
atlantico_paraiso,9.887391,-83.9296,341
atlantico_paraiso,9.887249,-83.9296,342
atlantico_paraiso,9.887064,-83.9296,343
atlantico_paraiso,9.886836,-83.9295,344
atlantico_paraiso,9.886582,-83.9295,345
atlantico_paraiso,9.885568,-83.9296,346
atlantico_paraiso,9.883792,-83.9297,347
atlantico_paraiso,9.883671,-83.9297,348
atlantico_paraiso,9.883486,-83.9297,349
atlantico_paraiso,9.882677,-83.9298,350
atlantico_paraiso,9.881964,-83.9298,351
atlantico_paraiso,9.880995,-83.9299,352
atlantico_paraiso,9.878957,-83.93,353
atlantico_paraiso,9.878673,-83.93,354
atlantico_paraiso,9.87847,-83.93,355
atlantico_paraiso,9.878005,-83.93,356
atlantico_paraiso,9.877466,-83.93,357
atlantico_paraiso,9.87721,-83.9299,358
atlantico_paraiso,9.877059,-83.9298,359
atlantico_paraiso,9.876674,-83.9297,360
atlantico_paraiso,9.876364,-83.9295,361
atlantico_paraiso,9.875285,-83.9289,362
atlantico_paraiso,9.874794,-83.9286,363
atlantico_paraiso,9.874322,-83.9283,364
atlantico_paraiso,9.874233,-83.9283,365
atlantico_paraiso,9.873833,-83.928,366
atlantico_paraiso,9.872909,-83.9274,367
atlantico_paraiso,9.872552,-83.9271,368
atlantico_paraiso,9.87191,-83.9267,369
atlantico_paraiso,9.871496,-83.9264,370
atlantico_paraiso,9.869922,-83.9256,371
atlantico_paraiso,9.869811,-83.9255,372
atlantico_paraiso,9.86941,-83.9254,373
atlantico_paraiso,9.869146,-83.9252,374
atlantico_paraiso,9.868962,-83.925,375
atlantico_paraiso,9.868861,-83.9249,376
atlantico_paraiso,9.868784,-83.9249,377
atlantico_paraiso,9.868515,-83.9246,378
atlantico_paraiso,9.86801,-83.9242,379
atlantico_paraiso,9.867232,-83.9234,380
atlantico_paraiso,9.86697,-83.9231,381
atlantico_paraiso,9.866911,-83.9231,382
atlantico_paraiso,9.866884,-83.9231,383
atlantico_paraiso,9.866842,-83.923,384
atlantico_paraiso,9.866821,-83.923,385
atlantico_paraiso,9.866805,-83.923,386
atlantico_paraiso,9.866793,-83.9229,387
atlantico_paraiso,9.866736,-83.9226,388
atlantico_paraiso,9.866634,-83.9222,389
atlantico_paraiso,9.866519,-83.9222,390
atlantico_paraiso,9.866654,-83.922,391
atlantico_paraiso,9.866654,-83.922,392
atlantico_paraiso,9.866589,-83.9219,393
atlantico_paraiso,9.866473,-83.9219,394
atlantico_paraiso,9.866615,-83.9217,395
atlantico_paraiso,9.866559,-83.9213,396
atlantico_paraiso,9.866498,-83.9209,397
atlantico_paraiso,9.866419,-83.9203,398
atlantico_paraiso,9.866417,-83.9203,399
atlantico_paraiso,9.866339,-83.9197,400
atlantico_paraiso,9.866271,-83.9192,401
atlantico_paraiso,9.866152,-83.9183,402
atlantico_paraiso,9.866027,-83.9174,403
atlantico_paraiso,9.865871,-83.9163,404
atlantico_paraiso,9.865706,-83.9152,405
atlantico_paraiso,9.865598,-83.9144,406
atlantico_paraiso,9.865562,-83.9141,407
atlantico_paraiso,9.865535,-83.914,408
atlantico_paraiso,9.865439,-83.9138,409
atlantico_paraiso,9.865263,-83.9136,410
atlantico_paraiso,9.864991,-83.9132,411
atlantico_paraiso,9.864692,-83.9129,412
atlantico_paraiso,9.864575,-83.9127,413
atlantico_paraiso,9.864527,-83.9126,414
atlantico_paraiso,9.864472,-83.9124,415
atlantico_paraiso,9.864431,-83.9121,416
atlantico_paraiso,9.864335,-83.9115,417
atlantico_paraiso,9.864212,-83.911,418
atlantico_paraiso,9.861238,-83.9053,419
atlantico_paraiso,9.850563,-83.8901,420
oreamuno_atlantico,9.861238,-83.9053,0
oreamuno_atlantico,9.864212,-83.911,1
oreamuno_atlantico,9.864335,-83.9115,2
oreamuno_atlantico,9.864431,-83.9121,3
oreamuno_atlantico,9.864472,-83.9124,4
oreamuno_atlantico,9.864527,-83.9126,5
oreamuno_atlantico,9.864575,-83.9127,6
oreamuno_atlantico,9.864692,-83.9129,7
oreamuno_atlantico,9.864991,-83.9132,8
oreamuno_atlantico,9.865263,-83.9136,9
oreamuno_atlantico,9.865439,-83.9138,10
oreamuno_atlantico,9.865535,-83.914,11
oreamuno_atlantico,9.865562,-83.9141,12
oreamuno_atlantico,9.865598,-83.9144,13
oreamuno_atlantico,9.865706,-83.9152,14
oreamuno_atlantico,9.865871,-83.9163,15
oreamuno_atlantico,9.866027,-83.9174,16
oreamuno_atlantico,9.866152,-83.9183,17
oreamuno_atlantico,9.866271,-83.9192,18
oreamuno_atlantico,9.866339,-83.9197,19
oreamuno_atlantico,9.866417,-83.9203,20
oreamuno_atlantico,9.866419,-83.9203,21
oreamuno_atlantico,9.866498,-83.9209,22
oreamuno_atlantico,9.866559,-83.9213,23
oreamuno_atlantico,9.866615,-83.9217,24
oreamuno_atlantico,9.866473,-83.9219,25
oreamuno_atlantico,9.866589,-83.9219,26
oreamuno_atlantico,9.866654,-83.922,27
oreamuno_atlantico,9.866654,-83.922,28
oreamuno_atlantico,9.866519,-83.9222,29
oreamuno_atlantico,9.866634,-83.9222,30
oreamuno_atlantico,9.866736,-83.9226,31
oreamuno_atlantico,9.866793,-83.9229,32
oreamuno_atlantico,9.866805,-83.923,33
oreamuno_atlantico,9.866821,-83.923,34
oreamuno_atlantico,9.866842,-83.923,35
oreamuno_atlantico,9.866884,-83.9231,36
oreamuno_atlantico,9.866911,-83.9231,37
oreamuno_atlantico,9.86697,-83.9231,38
oreamuno_atlantico,9.867232,-83.9234,39
oreamuno_atlantico,9.86801,-83.9242,40
oreamuno_atlantico,9.868515,-83.9246,41
oreamuno_atlantico,9.868784,-83.9249,42
oreamuno_atlantico,9.868861,-83.9249,43
oreamuno_atlantico,9.868962,-83.925,44
oreamuno_atlantico,9.869146,-83.9252,45
oreamuno_atlantico,9.86941,-83.9254,46
oreamuno_atlantico,9.869811,-83.9255,47
oreamuno_atlantico,9.869922,-83.9256,48
oreamuno_atlantico,9.871496,-83.9264,49
oreamuno_atlantico,9.87191,-83.9267,50
oreamuno_atlantico,9.872552,-83.9271,51
oreamuno_atlantico,9.872909,-83.9274,52
oreamuno_atlantico,9.873833,-83.928,53
oreamuno_atlantico,9.874233,-83.9283,54
oreamuno_atlantico,9.874322,-83.9283,55
oreamuno_atlantico,9.874794,-83.9286,56
oreamuno_atlantico,9.875285,-83.9289,57
oreamuno_atlantico,9.876364,-83.9295,58
oreamuno_atlantico,9.876674,-83.9297,59
oreamuno_atlantico,9.877059,-83.9298,60
oreamuno_atlantico,9.87721,-83.9299,61
oreamuno_atlantico,9.877466,-83.93,62
oreamuno_atlantico,9.878005,-83.93,63
oreamuno_atlantico,9.87847,-83.93,64
oreamuno_atlantico,9.878673,-83.93,65
oreamuno_atlantico,9.878957,-83.93,66
oreamuno_atlantico,9.880995,-83.9299,67
oreamuno_atlantico,9.881964,-83.9298,68
oreamuno_atlantico,9.882677,-83.9298,69
oreamuno_atlantico,9.883486,-83.9297,70
oreamuno_atlantico,9.883671,-83.9297,71
oreamuno_atlantico,9.883792,-83.9297,72
oreamuno_atlantico,9.885568,-83.9296,73
oreamuno_atlantico,9.886582,-83.9295,74
oreamuno_atlantico,9.886836,-83.9295,75
oreamuno_atlantico,9.887064,-83.9296,76
oreamuno_atlantico,9.887249,-83.9296,77
oreamuno_atlantico,9.887391,-83.9296,78
oreamuno_atlantico,9.887745,-83.9296,79
oreamuno_atlantico,9.887944,-83.9296,80
oreamuno_atlantico,9.888501,-83.9299,81
oreamuno_atlantico,9.888677,-83.93,82
oreamuno_atlantico,9.88886,-83.9302,83
oreamuno_atlantico,9.889105,-83.9305,84
oreamuno_atlantico,9.889299,-83.9309,85
oreamuno_atlantico,9.889387,-83.9311,86
oreamuno_atlantico,9.889463,-83.9314,87
oreamuno_atlantico,9.889484,-83.9318,88
oreamuno_atlantico,9.889447,-83.9322,89
oreamuno_atlantico,9.889421,-83.9326,90
oreamuno_atlantico,9.889399,-83.9327,91
oreamuno_atlantico,9.889395,-83.9328,92
oreamuno_atlantico,9.889389,-83.933,93
oreamuno_atlantico,9.889521,-83.9333,94
oreamuno_atlantico,9.889801,-83.934,95
oreamuno_atlantico,9.889997,-83.9343,96
oreamuno_atlantico,9.890265,-83.9345,97
oreamuno_atlantico,9.890435,-83.9345,98
oreamuno_atlantico,9.890546,-83.9345,99
oreamuno_atlantico,9.890699,-83.9345,100
oreamuno_atlantico,9.890842,-83.9346,101
oreamuno_atlantico,9.891038,-83.9346,102
oreamuno_atlantico,9.891164,-83.9346,103
oreamuno_atlantico,9.891291,-83.9347,104
oreamuno_atlantico,9.891413,-83.9347,105
oreamuno_atlantico,9.891529,-83.9348,106
oreamuno_atlantico,9.891661,-83.9349,107
oreamuno_atlantico,9.891719,-83.935,108
oreamuno_atlantico,9.891857,-83.9352,109
oreamuno_atlantico,9.891915,-83.9353,110
oreamuno_atlantico,9.891989,-83.9355,111
oreamuno_atlantico,9.891994,-83.9356,112
oreamuno_atlantico,9.891978,-83.9358,113
oreamuno_atlantico,9.891947,-83.936,114
oreamuno_atlantico,9.891931,-83.9361,115
oreamuno_atlantico,9.891899,-83.9362,116
oreamuno_atlantico,9.891862,-83.9364,117
oreamuno_atlantico,9.891841,-83.9365,118
oreamuno_atlantico,9.891783,-83.9368,119
oreamuno_atlantico,9.891719,-83.9369,120
oreamuno_atlantico,9.891682,-83.9371,121
oreamuno_atlantico,9.891624,-83.9373,122
oreamuno_atlantico,9.891577,-83.9374,123
oreamuno_atlantico,9.891545,-83.9376,124
oreamuno_atlantico,9.891519,-83.9377,125
oreamuno_atlantico,9.891497,-83.9378,126
oreamuno_atlantico,9.891434,-83.938,127
oreamuno_atlantico,9.891418,-83.9381,128
oreamuno_atlantico,9.891386,-83.9384,129
oreamuno_atlantico,9.891392,-83.9387,130
oreamuno_atlantico,9.891423,-83.9389,131
oreamuno_atlantico,9.891508,-83.9392,132
oreamuno_atlantico,9.891614,-83.9395,133
oreamuno_atlantico,9.891756,-83.9398,134
oreamuno_atlantico,9.891998,-83.9402,135
oreamuno_atlantico,9.892306,-83.9406,136
oreamuno_atlantico,9.892702,-83.941,137
oreamuno_atlantico,9.893167,-83.9414,138
oreamuno_atlantico,9.893458,-83.9416,139
oreamuno_atlantico,9.894144,-83.9422,140
oreamuno_atlantico,9.894467,-83.9424,141
oreamuno_atlantico,9.895016,-83.9428,142
oreamuno_atlantico,9.895297,-83.943,143
oreamuno_atlantico,9.895677,-83.9431,144
oreamuno_atlantico,9.8962,-83.9433,145
oreamuno_atlantico,9.896698,-83.9435,146
oreamuno_atlantico,9.897097,-83.9437,147
oreamuno_atlantico,9.89731,-83.9438,148
oreamuno_atlantico,9.897568,-83.9439,149
oreamuno_atlantico,9.897955,-83.9442,150
oreamuno_atlantico,9.898595,-83.9446,151
oreamuno_atlantico,9.89943,-83.9451,152
oreamuno_atlantico,9.900011,-83.9454,153
oreamuno_atlantico,9.90028,-83.9456,154
oreamuno_atlantico,9.900555,-83.9459,155
oreamuno_atlantico,9.900872,-83.9462,156
oreamuno_atlantico,9.901211,-83.9467,157
oreamuno_atlantico,9.901358,-83.947,158
oreamuno_atlantico,9.901503,-83.9475,159
oreamuno_atlantico,9.901563,-83.9478,160
oreamuno_atlantico,9.901654,-83.949,161
oreamuno_atlantico,9.901658,-83.9491,162
oreamuno_atlantico,9.901706,-83.9498,163
oreamuno_atlantico,9.90178,-83.951,164
oreamuno_atlantico,9.901811,-83.9518,165
oreamuno_atlantico,9.90188,-83.9524,166
oreamuno_atlantico,9.902032,-83.9528,167
oreamuno_atlantico,9.902424,-83.9536,168
oreamuno_atlantico,9.902947,-83.9543,169
oreamuno_atlantico,9.902962,-83.9543,170
oreamuno_atlantico,9.903179,-83.9547,171
oreamuno_atlantico,9.903344,-83.9553,172
oreamuno_atlantico,9.903601,-83.9559,173
oreamuno_atlantico,9.90398,-83.9566,174
oreamuno_atlantico,9.904466,-83.9571,175
oreamuno_atlantico,9.905111,-83.9575,176
oreamuno_atlantico,9.90561,-83.9576,177
oreamuno_atlantico,9.906019,-83.9577,178
oreamuno_atlantico,9.906404,-83.9578,179
oreamuno_atlantico,9.906846,-83.9581,180
oreamuno_atlantico,9.907268,-83.9585,181
oreamuno_atlantico,9.907511,-83.9591,182
oreamuno_atlantico,9.907974,-83.9603,183
oreamuno_atlantico,9.908465,-83.9614,184
oreamuno_atlantico,9.908904,-83.9622,185
oreamuno_atlantico,9.909362,-83.9628,186
oreamuno_atlantico,9.909501,-83.963,187
oreamuno_atlantico,9.909936,-83.9637,188
oreamuno_atlantico,9.910515,-83.9643,189
oreamuno_atlantico,9.910985,-83.9648,190
oreamuno_atlantico,9.911175,-83.9654,191
oreamuno_atlantico,9.911441,-83.9665,192
oreamuno_atlantico,9.911949,-83.9681,193
oreamuno_atlantico,9.911892,-83.9691,194
oreamuno_atlantico,9.911889,-83.9696,195
oreamuno_atlantico,9.911917,-83.9699,196
oreamuno_atlantico,9.911931,-83.97,197
oreamuno_atlantico,9.91201,-83.9704,198
oreamuno_atlantico,9.912635,-83.9715,199
oreamuno_atlantico,9.912957,-83.9719,200
oreamuno_atlantico,9.913295,-83.9723,201
oreamuno_atlantico,9.913467,-83.9725,202
oreamuno_atlantico,9.913988,-83.9733,203
oreamuno_atlantico,9.914174,-83.9738,204
oreamuno_atlantico,9.914331,-83.9744,205
oreamuno_atlantico,9.914355,-83.9745,206
oreamuno_atlantico,9.914513,-83.9753,207
oreamuno_atlantico,9.914753,-83.9763,208
oreamuno_atlantico,9.914775,-83.977,209
oreamuno_atlantico,9.914775,-83.9771,210
oreamuno_atlantico,9.914626,-83.9776,211
oreamuno_atlantico,9.914612,-83.9777,212
oreamuno_atlantico,9.914555,-83.9778,213
oreamuno_atlantico,9.914462,-83.978,214
oreamuno_atlantico,9.914272,-83.9785,215
oreamuno_atlantico,9.913856,-83.9795,216
oreamuno_atlantico,9.913542,-83.98,217
oreamuno_atlantico,9.91314,-83.9805,218
oreamuno_atlantico,9.912992,-83.9807,219
oreamuno_atlantico,9.912836,-83.9811,220
oreamuno_atlantico,9.912673,-83.9818,221
oreamuno_atlantico,9.912661,-83.9819,222
oreamuno_atlantico,9.912559,-83.9827,223
oreamuno_atlantico,9.912515,-83.983,224
oreamuno_atlantico,9.912382,-83.9835,225
oreamuno_atlantico,9.912158,-83.984,226
oreamuno_atlantico,9.912111,-83.984,227
oreamuno_atlantico,9.912063,-83.9841,228
oreamuno_atlantico,9.911749,-83.9846,229
oreamuno_atlantico,9.911617,-83.9847,230
oreamuno_atlantico,9.911424,-83.985,231
oreamuno_atlantico,9.911213,-83.9853,232
oreamuno_atlantico,9.911025,-83.9857,233
oreamuno_atlantico,9.910736,-83.9863,234
oreamuno_atlantico,9.910593,-83.9867,235
oreamuno_atlantico,9.910593,-83.9867,236
oreamuno_atlantico,9.910574,-83.9869,237
oreamuno_atlantico,9.910508,-83.987,238
oreamuno_atlantico,9.910443,-83.9872,239
oreamuno_atlantico,9.910356,-83.9875,240
oreamuno_atlantico,9.910309,-83.9878,241
oreamuno_atlantico,9.910283,-83.9881,242
oreamuno_atlantico,9.910282,-83.9881,243
oreamuno_atlantico,9.910238,-83.9887,244
oreamuno_atlantico,9.910184,-83.9895,245
oreamuno_atlantico,9.91031,-83.9901,246
oreamuno_atlantico,9.910403,-83.9907,247
oreamuno_atlantico,9.910691,-83.9914,248
oreamuno_atlantico,9.911266,-83.9924,249
oreamuno_atlantico,9.911452,-83.9927,250
oreamuno_atlantico,9.911519,-83.9931,251
oreamuno_atlantico,9.911435,-83.9949,252
oreamuno_atlantico,9.911442,-83.996,253
oreamuno_atlantico,9.911443,-83.9962,254
oreamuno_atlantico,9.911875,-83.9977,255
oreamuno_atlantico,9.912061,-83.9983,256
oreamuno_atlantico,9.912035,-83.999,257
oreamuno_atlantico,9.911891,-83.9995,258
oreamuno_atlantico,9.911494,-84.0005,259
oreamuno_atlantico,9.911367,-84.0017,260
oreamuno_atlantico,9.911332,-84.0031,261
oreamuno_atlantico,9.91126,-84.0039,262
oreamuno_atlantico,9.911219,-84.0041,263
oreamuno_atlantico,9.911135,-84.0044,264
oreamuno_atlantico,9.911003,-84.0047,265
oreamuno_atlantico,9.910571,-84.0056,266
oreamuno_atlantico,9.910417,-84.006,267
oreamuno_atlantico,9.910282,-84.0063,268
oreamuno_atlantico,9.910223,-84.0066,269
oreamuno_atlantico,9.910212,-84.0069,270
oreamuno_atlantico,9.910219,-84.0072,271
oreamuno_atlantico,9.91026,-84.0076,272
oreamuno_atlantico,9.910331,-84.0079,273
oreamuno_atlantico,9.910458,-84.0082,274
oreamuno_atlantico,9.910663,-84.0085,275
oreamuno_atlantico,9.910877,-84.0088,276
oreamuno_atlantico,9.911612,-84.0099,277
oreamuno_atlantico,9.912449,-84.011,278
oreamuno_atlantico,9.912854,-84.0115,279
oreamuno_atlantico,9.913241,-84.0119,280
oreamuno_atlantico,9.913608,-84.0122,281
oreamuno_atlantico,9.914274,-84.0127,282
oreamuno_atlantico,9.914467,-84.0129,283
oreamuno_atlantico,9.914611,-84.0132,284
oreamuno_atlantico,9.91471,-84.0134,285
oreamuno_atlantico,9.914788,-84.0136,286
oreamuno_atlantico,9.91482,-84.0139,287
oreamuno_atlantico,9.914834,-84.0141,288
oreamuno_atlantico,9.914794,-84.0147,289
oreamuno_atlantico,9.914846,-84.0152,290
oreamuno_atlantico,9.915005,-84.0157,291
oreamuno_atlantico,9.915109,-84.0158,292
oreamuno_atlantico,9.915551,-84.0164,293
oreamuno_atlantico,9.915666,-84.0165,294
oreamuno_atlantico,9.916072,-84.0169,295
oreamuno_atlantico,9.916409,-84.0172,296
oreamuno_atlantico,9.916555,-84.0174,297
oreamuno_atlantico,9.91668,-84.0176,298
oreamuno_atlantico,9.916838,-84.0178,299
oreamuno_atlantico,9.916939,-84.018,300
oreamuno_atlantico,9.91698,-84.0181,301
oreamuno_atlantico,9.917005,-84.0183,302
oreamuno_atlantico,9.917013,-84.0184,303
oreamuno_atlantico,9.916998,-84.0186,304
oreamuno_atlantico,9.916854,-84.0191,305
oreamuno_atlantico,9.916778,-84.0195,306
oreamuno_atlantico,9.916863,-84.02,307
oreamuno_atlantico,9.917074,-84.0204,308
oreamuno_atlantico,9.917494,-84.0208,309
oreamuno_atlantico,9.917734,-84.0211,310
oreamuno_atlantico,9.918207,-84.0216,311
oreamuno_atlantico,9.918427,-84.0221,312
oreamuno_atlantico,9.918554,-84.0223,313
oreamuno_atlantico,9.918683,-84.0228,314
oreamuno_atlantico,9.919064,-84.0235,315
oreamuno_atlantico,9.919277,-84.0238,316
oreamuno_atlantico,9.919277,-84.0238,317
oreamuno_atlantico,9.919307,-84.0239,318
oreamuno_atlantico,9.919635,-84.0245,319
oreamuno_atlantico,9.919759,-84.0248,320
oreamuno_atlantico,9.919819,-84.0251,321
oreamuno_atlantico,9.919819,-84.0256,322
oreamuno_atlantico,9.919736,-84.026,323
oreamuno_atlantico,9.91958,-84.0268,324
oreamuno_atlantico,9.919525,-84.0272,325
oreamuno_atlantico,9.91952,-84.0276,326
oreamuno_atlantico,9.919603,-84.0279,327
oreamuno_atlantico,9.919758,-84.0283,328
oreamuno_atlantico,9.920045,-84.0288,329
oreamuno_atlantico,9.920887,-84.0302,330
oreamuno_atlantico,9.921209,-84.0307,331
oreamuno_atlantico,9.921389,-84.0312,332
oreamuno_atlantico,9.921438,-84.0314,333
oreamuno_atlantico,9.921457,-84.0317,334
oreamuno_atlantico,9.921456,-84.0323,335
oreamuno_atlantico,9.921466,-84.0328,336
oreamuno_atlantico,9.921525,-84.0332,337
oreamuno_atlantico,9.921769,-84.0336,338
oreamuno_atlantico,9.92212,-84.034,339
oreamuno_atlantico,9.922879,-84.0348,340
oreamuno_atlantico,9.92294,-84.0349,341
oreamuno_atlantico,9.923143,-84.035,342
oreamuno_atlantico,9.92346,-84.0353,343
oreamuno_atlantico,9.925282,-84.0371,344
oreamuno_atlantico,9.925282,-84.0371,345
oreamuno_atlantico,9.927325,-84.0391,346
oreamuno_atlantico,9.927635,-84.0394,347
oreamuno_atlantico,9.930026,-84.0417,348
oreamuno_atlantico,9.930408,-84.0418,349
oreamuno_atlantico,9.930917,-84.042,350
oreamuno_atlantico,9.931297,-84.0422,351
oreamuno_atlantico,9.93169,-84.0425,352
oreamuno_atlantico,9.931902,-84.0427,353
oreamuno_atlantico,9.932141,-84.043,354
oreamuno_atlantico,9.932337,-84.0433,355
oreamuno_atlantico,9.932471,-84.0436,356
oreamuno_atlantico,9.932471,-84.0436,357
oreamuno_atlantico,9.932553,-84.0438,358
oreamuno_atlantico,9.932603,-84.044,359
oreamuno_atlantico,9.932631,-84.0444,360
oreamuno_atlantico,9.932641,-84.0448,361
oreamuno_atlantico,9.932643,-84.0449,362
oreamuno_atlantico,9.932647,-84.0451,363
oreamuno_atlantico,9.932689,-84.0458,364
oreamuno_atlantico,9.932738,-84.0468,365
oreamuno_atlantico,9.932756,-84.0469,366
oreamuno_atlantico,9.932859,-84.0477,367
oreamuno_atlantico,9.932937,-84.0482,368
oreamuno_atlantico,9.933214,-84.0493,369
oreamuno_atlantico,9.933267,-84.0496,370
oreamuno_atlantico,9.933475,-84.0503,371
oreamuno_atlantico,9.933684,-84.0511,372
oreamuno_atlantico,9.933986,-84.0522,373
oreamuno_atlantico,9.934032,-84.0523,374
oreamuno_atlantico,9.934035,-84.0524,375
oreamuno_atlantico,9.93418,-84.0529,376
oreamuno_atlantico,9.93418,-84.0529,377
oreamuno_atlantico,9.93441,-84.0536,378
oreamuno_atlantico,9.934457,-84.0538,379
oreamuno_atlantico,9.934912,-84.0553,380
oreamuno_atlantico,9.934951,-84.0554,381
oreamuno_atlantico,9.934972,-84.0555,382
oreamuno_atlantico,9.935085,-84.0559,383
oreamuno_atlantico,9.935183,-84.0563,384
oreamuno_atlantico,9.935278,-84.0566,385
oreamuno_atlantico,9.935381,-84.0571,386
oreamuno_atlantico,9.935426,-84.0573,387
oreamuno_atlantico,9.935445,-84.0576,388
oreamuno_atlantico,9.935447,-84.0577,389
oreamuno_atlantico,9.935449,-84.0578,390
oreamuno_atlantico,9.935449,-84.0579,391
oreamuno_atlantico,9.935424,-84.0582,392
oreamuno_atlantico,9.93537,-84.0585,393
oreamuno_atlantico,9.934974,-84.0599,394
oreamuno_atlantico,9.934749,-84.0607,395
oreamuno_atlantico,9.934601,-84.0612,396
oreamuno_atlantico,9.934554,-84.0614,397
oreamuno_atlantico,9.934314,-84.0622,398
oreamuno_atlantico,9.933905,-84.0635,399
oreamuno_atlantico,9.93386,-84.0637,400
oreamuno_atlantico,9.933692,-84.0643,401
oreamuno_atlantico,9.933588,-84.0648,402
oreamuno_atlantico,9.933568,-84.0649,403
oreamuno_atlantico,9.933555,-84.0651,404
oreamuno_atlantico,9.933542,-84.0653,405
oreamuno_atlantico,9.933572,-84.0657,406
oreamuno_atlantico,9.933628,-84.0661,407
oreamuno_atlantico,9.933644,-84.0662,408
oreamuno_atlantico,9.933654,-84.0663,409
oreamuno_atlantico,9.933783,-84.0666,410
oreamuno_atlantico,9.934008,-84.0671,411
oreamuno_atlantico,9.93408,-84.0672,412
oreamuno_atlantico,9.934166,-84.0674,413
oreamuno_atlantico,9.934317,-84.0678,414
oreamuno_atlantico,9.934397,-84.0679,415
oreamuno_atlantico,9.934734,-84.0686,416
oreamuno_atlantico,9.93473,-84.0686,417
oreamuno_atlantico,9.934785,-84.0687,418
oreamuno_atlantico,9.934874,-84.0689,419
paraiso_atlantico,9.850563,-83.8901,0
paraiso_atlantico,9.861238,-83.9053,1
paraiso_atlantico,9.864212,-83.911,2
paraiso_atlantico,9.864335,-83.9115,3
paraiso_atlantico,9.864431,-83.9121,4
paraiso_atlantico,9.864472,-83.9124,5
paraiso_atlantico,9.864527,-83.9126,6
paraiso_atlantico,9.864575,-83.9127,7
paraiso_atlantico,9.864692,-83.9129,8
paraiso_atlantico,9.864991,-83.9132,9
paraiso_atlantico,9.865263,-83.9136,10
paraiso_atlantico,9.865439,-83.9138,11
paraiso_atlantico,9.865535,-83.914,12
paraiso_atlantico,9.865562,-83.9141,13
paraiso_atlantico,9.865598,-83.9144,14
paraiso_atlantico,9.865706,-83.9152,15
paraiso_atlantico,9.865871,-83.9163,16
paraiso_atlantico,9.866027,-83.9174,17
paraiso_atlantico,9.866152,-83.9183,18
paraiso_atlantico,9.866271,-83.9192,19
paraiso_atlantico,9.866339,-83.9197,20
paraiso_atlantico,9.866417,-83.9203,21
paraiso_atlantico,9.866419,-83.9203,22
paraiso_atlantico,9.866498,-83.9209,23
paraiso_atlantico,9.866559,-83.9213,24
paraiso_atlantico,9.866615,-83.9217,25
paraiso_atlantico,9.866473,-83.9219,26
paraiso_atlantico,9.866589,-83.9219,27
paraiso_atlantico,9.866654,-83.922,28
paraiso_atlantico,9.866654,-83.922,29
paraiso_atlantico,9.866519,-83.9222,30
paraiso_atlantico,9.866634,-83.9222,31
paraiso_atlantico,9.866736,-83.9226,32
paraiso_atlantico,9.866793,-83.9229,33
paraiso_atlantico,9.866805,-83.923,34
paraiso_atlantico,9.866821,-83.923,35
paraiso_atlantico,9.866842,-83.923,36
paraiso_atlantico,9.866884,-83.9231,37
paraiso_atlantico,9.866911,-83.9231,38
paraiso_atlantico,9.86697,-83.9231,39
paraiso_atlantico,9.867232,-83.9234,40
paraiso_atlantico,9.86801,-83.9242,41
paraiso_atlantico,9.868515,-83.9246,42
paraiso_atlantico,9.868784,-83.9249,43
paraiso_atlantico,9.868861,-83.9249,44
paraiso_atlantico,9.868962,-83.925,45
paraiso_atlantico,9.869146,-83.9252,46
paraiso_atlantico,9.86941,-83.9254,47
paraiso_atlantico,9.869811,-83.9255,48
paraiso_atlantico,9.869922,-83.9256,49
paraiso_atlantico,9.871496,-83.9264,50
paraiso_atlantico,9.87191,-83.9267,51
paraiso_atlantico,9.872552,-83.9271,52
paraiso_atlantico,9.872909,-83.9274,53
paraiso_atlantico,9.873833,-83.928,54
paraiso_atlantico,9.874233,-83.9283,55
paraiso_atlantico,9.874322,-83.9283,56
paraiso_atlantico,9.874794,-83.9286,57
paraiso_atlantico,9.875285,-83.9289,58
paraiso_atlantico,9.876364,-83.9295,59
paraiso_atlantico,9.876674,-83.9297,60
paraiso_atlantico,9.877059,-83.9298,61
paraiso_atlantico,9.87721,-83.9299,62
paraiso_atlantico,9.877466,-83.93,63
paraiso_atlantico,9.878005,-83.93,64
paraiso_atlantico,9.87847,-83.93,65
paraiso_atlantico,9.878673,-83.93,66
paraiso_atlantico,9.878957,-83.93,67
paraiso_atlantico,9.880995,-83.9299,68
paraiso_atlantico,9.881964,-83.9298,69
paraiso_atlantico,9.882677,-83.9298,70
paraiso_atlantico,9.883486,-83.9297,71
paraiso_atlantico,9.883671,-83.9297,72
paraiso_atlantico,9.883792,-83.9297,73
paraiso_atlantico,9.885568,-83.9296,74
paraiso_atlantico,9.886582,-83.9295,75
paraiso_atlantico,9.886836,-83.9295,76
paraiso_atlantico,9.887064,-83.9296,77
paraiso_atlantico,9.887249,-83.9296,78
paraiso_atlantico,9.887391,-83.9296,79
paraiso_atlantico,9.887745,-83.9296,80
paraiso_atlantico,9.887944,-83.9296,81
paraiso_atlantico,9.888501,-83.9299,82
paraiso_atlantico,9.888677,-83.93,83
paraiso_atlantico,9.88886,-83.9302,84
paraiso_atlantico,9.889105,-83.9305,85
paraiso_atlantico,9.889299,-83.9309,86
paraiso_atlantico,9.889387,-83.9311,87
paraiso_atlantico,9.889463,-83.9314,88
paraiso_atlantico,9.889484,-83.9318,89
paraiso_atlantico,9.889447,-83.9322,90
paraiso_atlantico,9.889421,-83.9326,91
paraiso_atlantico,9.889399,-83.9327,92
paraiso_atlantico,9.889395,-83.9328,93
paraiso_atlantico,9.889389,-83.933,94
paraiso_atlantico,9.889521,-83.9333,95
paraiso_atlantico,9.889801,-83.934,96
paraiso_atlantico,9.889997,-83.9343,97
paraiso_atlantico,9.890265,-83.9345,98
paraiso_atlantico,9.890435,-83.9345,99
paraiso_atlantico,9.890546,-83.9345,100
paraiso_atlantico,9.890699,-83.9345,101
paraiso_atlantico,9.890842,-83.9346,102
paraiso_atlantico,9.891038,-83.9346,103
paraiso_atlantico,9.891164,-83.9346,104
paraiso_atlantico,9.891291,-83.9347,105
paraiso_atlantico,9.891413,-83.9347,106
paraiso_atlantico,9.891529,-83.9348,107
paraiso_atlantico,9.891661,-83.9349,108
paraiso_atlantico,9.891719,-83.935,109
paraiso_atlantico,9.891857,-83.9352,110
paraiso_atlantico,9.891915,-83.9353,111
paraiso_atlantico,9.891989,-83.9355,112
paraiso_atlantico,9.891994,-83.9356,113
paraiso_atlantico,9.891978,-83.9358,114
paraiso_atlantico,9.891947,-83.936,115
paraiso_atlantico,9.891931,-83.9361,116
paraiso_atlantico,9.891899,-83.9362,117
paraiso_atlantico,9.891862,-83.9364,118
paraiso_atlantico,9.891841,-83.9365,119
paraiso_atlantico,9.891783,-83.9368,120
paraiso_atlantico,9.891719,-83.9369,121
paraiso_atlantico,9.891682,-83.9371,122
paraiso_atlantico,9.891624,-83.9373,123
paraiso_atlantico,9.891577,-83.9374,124
paraiso_atlantico,9.891545,-83.9376,125
paraiso_atlantico,9.891519,-83.9377,126
paraiso_atlantico,9.891497,-83.9378,127
paraiso_atlantico,9.891434,-83.938,128
paraiso_atlantico,9.891418,-83.9381,129
paraiso_atlantico,9.891386,-83.9384,130
paraiso_atlantico,9.891392,-83.9387,131
paraiso_atlantico,9.891423,-83.9389,132
paraiso_atlantico,9.891508,-83.9392,133
paraiso_atlantico,9.891614,-83.9395,134
paraiso_atlantico,9.891756,-83.9398,135
paraiso_atlantico,9.891998,-83.9402,136
paraiso_atlantico,9.892306,-83.9406,137
paraiso_atlantico,9.892702,-83.941,138
paraiso_atlantico,9.893167,-83.9414,139
paraiso_atlantico,9.893458,-83.9416,140
paraiso_atlantico,9.894144,-83.9422,141
paraiso_atlantico,9.894467,-83.9424,142
paraiso_atlantico,9.895016,-83.9428,143
paraiso_atlantico,9.895297,-83.943,144
paraiso_atlantico,9.895677,-83.9431,145
paraiso_atlantico,9.8962,-83.9433,146
paraiso_atlantico,9.896698,-83.9435,147
paraiso_atlantico,9.897097,-83.9437,148
paraiso_atlantico,9.89731,-83.9438,149
paraiso_atlantico,9.897568,-83.9439,150
paraiso_atlantico,9.897955,-83.9442,151
paraiso_atlantico,9.898595,-83.9446,152
paraiso_atlantico,9.89943,-83.9451,153
paraiso_atlantico,9.900011,-83.9454,154
paraiso_atlantico,9.90028,-83.9456,155
paraiso_atlantico,9.900555,-83.9459,156
paraiso_atlantico,9.900872,-83.9462,157
paraiso_atlantico,9.901211,-83.9467,158
paraiso_atlantico,9.901358,-83.947,159
paraiso_atlantico,9.901503,-83.9475,160
paraiso_atlantico,9.901563,-83.9478,161
paraiso_atlantico,9.901654,-83.949,162
paraiso_atlantico,9.901658,-83.9491,163
paraiso_atlantico,9.901706,-83.9498,164
paraiso_atlantico,9.90178,-83.951,165
paraiso_atlantico,9.901811,-83.9518,166
paraiso_atlantico,9.90188,-83.9524,167
paraiso_atlantico,9.902032,-83.9528,168
paraiso_atlantico,9.902424,-83.9536,169
paraiso_atlantico,9.902947,-83.9543,170
paraiso_atlantico,9.902962,-83.9543,171
paraiso_atlantico,9.903179,-83.9547,172
paraiso_atlantico,9.903344,-83.9553,173
paraiso_atlantico,9.903601,-83.9559,174
paraiso_atlantico,9.90398,-83.9566,175
paraiso_atlantico,9.904466,-83.9571,176
paraiso_atlantico,9.905111,-83.9575,177
paraiso_atlantico,9.90561,-83.9576,178
paraiso_atlantico,9.906019,-83.9577,179
paraiso_atlantico,9.906404,-83.9578,180
paraiso_atlantico,9.906846,-83.9581,181
paraiso_atlantico,9.907268,-83.9585,182
paraiso_atlantico,9.907511,-83.9591,183
paraiso_atlantico,9.907974,-83.9603,184
paraiso_atlantico,9.908465,-83.9614,185
paraiso_atlantico,9.908904,-83.9622,186
paraiso_atlantico,9.909362,-83.9628,187
paraiso_atlantico,9.909501,-83.963,188
paraiso_atlantico,9.909936,-83.9637,189
paraiso_atlantico,9.910515,-83.9643,190
paraiso_atlantico,9.910985,-83.9648,191
paraiso_atlantico,9.911175,-83.9654,192
paraiso_atlantico,9.911441,-83.9665,193
paraiso_atlantico,9.911949,-83.9681,194
paraiso_atlantico,9.911892,-83.9691,195
paraiso_atlantico,9.911889,-83.9696,196
paraiso_atlantico,9.911917,-83.9699,197
paraiso_atlantico,9.911931,-83.97,198
paraiso_atlantico,9.91201,-83.9704,199
paraiso_atlantico,9.912635,-83.9715,200
paraiso_atlantico,9.912957,-83.9719,201
paraiso_atlantico,9.913295,-83.9723,202
paraiso_atlantico,9.913467,-83.9725,203
paraiso_atlantico,9.913988,-83.9733,204
paraiso_atlantico,9.914174,-83.9738,205
paraiso_atlantico,9.914331,-83.9744,206
paraiso_atlantico,9.914355,-83.9745,207
paraiso_atlantico,9.914513,-83.9753,208
paraiso_atlantico,9.914753,-83.9763,209
paraiso_atlantico,9.914775,-83.977,210
paraiso_atlantico,9.914775,-83.9771,211
paraiso_atlantico,9.914626,-83.9776,212
paraiso_atlantico,9.914612,-83.9777,213
paraiso_atlantico,9.914555,-83.9778,214
paraiso_atlantico,9.914462,-83.978,215
paraiso_atlantico,9.914272,-83.9785,216
paraiso_atlantico,9.913856,-83.9795,217
paraiso_atlantico,9.913542,-83.98,218
paraiso_atlantico,9.91314,-83.9805,219
paraiso_atlantico,9.912992,-83.9807,220
paraiso_atlantico,9.912836,-83.9811,221
paraiso_atlantico,9.912673,-83.9818,222
paraiso_atlantico,9.912661,-83.9819,223
paraiso_atlantico,9.912559,-83.9827,224
paraiso_atlantico,9.912515,-83.983,225
paraiso_atlantico,9.912382,-83.9835,226
paraiso_atlantico,9.912158,-83.984,227
paraiso_atlantico,9.912111,-83.984,228
paraiso_atlantico,9.912063,-83.9841,229
paraiso_atlantico,9.911749,-83.9846,230
paraiso_atlantico,9.911617,-83.9847,231
paraiso_atlantico,9.911424,-83.985,232
paraiso_atlantico,9.911213,-83.9853,233
paraiso_atlantico,9.911025,-83.9857,234
paraiso_atlantico,9.910736,-83.9863,235
paraiso_atlantico,9.910593,-83.9867,236
paraiso_atlantico,9.910593,-83.9867,237
paraiso_atlantico,9.910574,-83.9869,238
paraiso_atlantico,9.910508,-83.987,239
paraiso_atlantico,9.910443,-83.9872,240
paraiso_atlantico,9.910356,-83.9875,241
paraiso_atlantico,9.910309,-83.9878,242
paraiso_atlantico,9.910283,-83.9881,243
paraiso_atlantico,9.910282,-83.9881,244
paraiso_atlantico,9.910238,-83.9887,245
paraiso_atlantico,9.910184,-83.9895,246
paraiso_atlantico,9.91031,-83.9901,247
paraiso_atlantico,9.910403,-83.9907,248
paraiso_atlantico,9.910691,-83.9914,249
paraiso_atlantico,9.911266,-83.9924,250
paraiso_atlantico,9.911452,-83.9927,251
paraiso_atlantico,9.911519,-83.9931,252
paraiso_atlantico,9.911435,-83.9949,253
paraiso_atlantico,9.911442,-83.996,254
paraiso_atlantico,9.911443,-83.9962,255
paraiso_atlantico,9.911875,-83.9977,256
paraiso_atlantico,9.912061,-83.9983,257
paraiso_atlantico,9.912035,-83.999,258
paraiso_atlantico,9.911891,-83.9995,259
paraiso_atlantico,9.911494,-84.0005,260
paraiso_atlantico,9.911367,-84.0017,261
paraiso_atlantico,9.911332,-84.0031,262
paraiso_atlantico,9.91126,-84.0039,263
paraiso_atlantico,9.911219,-84.0041,264
paraiso_atlantico,9.911135,-84.0044,265
paraiso_atlantico,9.911003,-84.0047,266
paraiso_atlantico,9.910571,-84.0056,267
paraiso_atlantico,9.910417,-84.006,268
paraiso_atlantico,9.910282,-84.0063,269
paraiso_atlantico,9.910223,-84.0066,270
paraiso_atlantico,9.910212,-84.0069,271
paraiso_atlantico,9.910219,-84.0072,272
paraiso_atlantico,9.91026,-84.0076,273
paraiso_atlantico,9.910331,-84.0079,274
paraiso_atlantico,9.910458,-84.0082,275
paraiso_atlantico,9.910663,-84.0085,276
paraiso_atlantico,9.910877,-84.0088,277
paraiso_atlantico,9.911612,-84.0099,278
paraiso_atlantico,9.912449,-84.011,279
paraiso_atlantico,9.912854,-84.0115,280
paraiso_atlantico,9.913241,-84.0119,281
paraiso_atlantico,9.913608,-84.0122,282
paraiso_atlantico,9.914274,-84.0127,283
paraiso_atlantico,9.914467,-84.0129,284
paraiso_atlantico,9.914611,-84.0132,285
paraiso_atlantico,9.91471,-84.0134,286
paraiso_atlantico,9.914788,-84.0136,287
paraiso_atlantico,9.91482,-84.0139,288
paraiso_atlantico,9.914834,-84.0141,289
paraiso_atlantico,9.914794,-84.0147,290
paraiso_atlantico,9.914846,-84.0152,291
paraiso_atlantico,9.915005,-84.0157,292
paraiso_atlantico,9.915109,-84.0158,293
paraiso_atlantico,9.915551,-84.0164,294
paraiso_atlantico,9.915666,-84.0165,295
paraiso_atlantico,9.916072,-84.0169,296
paraiso_atlantico,9.916409,-84.0172,297
paraiso_atlantico,9.916555,-84.0174,298
paraiso_atlantico,9.91668,-84.0176,299
paraiso_atlantico,9.916838,-84.0178,300
paraiso_atlantico,9.916939,-84.018,301
paraiso_atlantico,9.91698,-84.0181,302
paraiso_atlantico,9.917005,-84.0183,303
paraiso_atlantico,9.917013,-84.0184,304
paraiso_atlantico,9.916998,-84.0186,305
paraiso_atlantico,9.916854,-84.0191,306
paraiso_atlantico,9.916778,-84.0195,307
paraiso_atlantico,9.916863,-84.02,308
paraiso_atlantico,9.917074,-84.0204,309
paraiso_atlantico,9.917494,-84.0208,310
paraiso_atlantico,9.917734,-84.0211,311
paraiso_atlantico,9.918207,-84.0216,312
paraiso_atlantico,9.918427,-84.0221,313
paraiso_atlantico,9.918554,-84.0223,314
paraiso_atlantico,9.918683,-84.0228,315
paraiso_atlantico,9.919064,-84.0235,316
paraiso_atlantico,9.919277,-84.0238,317
paraiso_atlantico,9.919277,-84.0238,318
paraiso_atlantico,9.919307,-84.0239,319
paraiso_atlantico,9.919635,-84.0245,320
paraiso_atlantico,9.919759,-84.0248,321
paraiso_atlantico,9.919819,-84.0251,322
paraiso_atlantico,9.919819,-84.0256,323
paraiso_atlantico,9.919736,-84.026,324
paraiso_atlantico,9.91958,-84.0268,325
paraiso_atlantico,9.919525,-84.0272,326
paraiso_atlantico,9.91952,-84.0276,327
paraiso_atlantico,9.919603,-84.0279,328
paraiso_atlantico,9.919758,-84.0283,329
paraiso_atlantico,9.920045,-84.0288,330
paraiso_atlantico,9.920887,-84.0302,331
paraiso_atlantico,9.921209,-84.0307,332
paraiso_atlantico,9.921389,-84.0312,333
paraiso_atlantico,9.921438,-84.0314,334
paraiso_atlantico,9.921457,-84.0317,335
paraiso_atlantico,9.921456,-84.0323,336
paraiso_atlantico,9.921466,-84.0328,337
paraiso_atlantico,9.921525,-84.0332,338
paraiso_atlantico,9.921769,-84.0336,339
paraiso_atlantico,9.92212,-84.034,340
paraiso_atlantico,9.922879,-84.0348,341
paraiso_atlantico,9.92294,-84.0349,342
paraiso_atlantico,9.923143,-84.035,343
paraiso_atlantico,9.92346,-84.0353,344
paraiso_atlantico,9.925282,-84.0371,345
paraiso_atlantico,9.925282,-84.0371,346
paraiso_atlantico,9.927325,-84.0391,347
paraiso_atlantico,9.927635,-84.0394,348
paraiso_atlantico,9.930026,-84.0417,349
paraiso_atlantico,9.930408,-84.0418,350
paraiso_atlantico,9.930917,-84.042,351
paraiso_atlantico,9.931297,-84.0422,352
paraiso_atlantico,9.93169,-84.0425,353
paraiso_atlantico,9.931902,-84.0427,354
paraiso_atlantico,9.932141,-84.043,355
paraiso_atlantico,9.932337,-84.0433,356
paraiso_atlantico,9.932471,-84.0436,357
paraiso_atlantico,9.932471,-84.0436,358
paraiso_atlantico,9.932553,-84.0438,359
paraiso_atlantico,9.932603,-84.044,360
paraiso_atlantico,9.932631,-84.0444,361
paraiso_atlantico,9.932641,-84.0448,362
paraiso_atlantico,9.932643,-84.0449,363
paraiso_atlantico,9.932647,-84.0451,364
paraiso_atlantico,9.932689,-84.0458,365
paraiso_atlantico,9.932738,-84.0468,366
paraiso_atlantico,9.932756,-84.0469,367
paraiso_atlantico,9.932859,-84.0477,368
paraiso_atlantico,9.932937,-84.0482,369
paraiso_atlantico,9.933214,-84.0493,370
paraiso_atlantico,9.933267,-84.0496,371
paraiso_atlantico,9.933475,-84.0503,372
paraiso_atlantico,9.933684,-84.0511,373
paraiso_atlantico,9.933986,-84.0522,374
paraiso_atlantico,9.934032,-84.0523,375
paraiso_atlantico,9.934035,-84.0524,376
paraiso_atlantico,9.93418,-84.0529,377
paraiso_atlantico,9.93418,-84.0529,378
paraiso_atlantico,9.93441,-84.0536,379
paraiso_atlantico,9.934457,-84.0538,380
paraiso_atlantico,9.934912,-84.0553,381
paraiso_atlantico,9.934951,-84.0554,382
paraiso_atlantico,9.934972,-84.0555,383
paraiso_atlantico,9.935085,-84.0559,384
paraiso_atlantico,9.935183,-84.0563,385
paraiso_atlantico,9.935278,-84.0566,386
paraiso_atlantico,9.935381,-84.0571,387
paraiso_atlantico,9.935426,-84.0573,388
paraiso_atlantico,9.935445,-84.0576,389
paraiso_atlantico,9.935447,-84.0577,390
paraiso_atlantico,9.935449,-84.0578,391
paraiso_atlantico,9.935449,-84.0579,392
paraiso_atlantico,9.935424,-84.0582,393
paraiso_atlantico,9.93537,-84.0585,394
paraiso_atlantico,9.934974,-84.0599,395
paraiso_atlantico,9.934749,-84.0607,396
paraiso_atlantico,9.934601,-84.0612,397
paraiso_atlantico,9.934554,-84.0614,398
paraiso_atlantico,9.934314,-84.0622,399
paraiso_atlantico,9.933905,-84.0635,400
paraiso_atlantico,9.93386,-84.0637,401
paraiso_atlantico,9.933692,-84.0643,402
paraiso_atlantico,9.933588,-84.0648,403
paraiso_atlantico,9.933568,-84.0649,404
paraiso_atlantico,9.933555,-84.0651,405
paraiso_atlantico,9.933542,-84.0653,406
paraiso_atlantico,9.933572,-84.0657,407
paraiso_atlantico,9.933628,-84.0661,408
paraiso_atlantico,9.933644,-84.0662,409
paraiso_atlantico,9.933654,-84.0663,410
paraiso_atlantico,9.933783,-84.0666,411
paraiso_atlantico,9.934008,-84.0671,412
paraiso_atlantico,9.93408,-84.0672,413
paraiso_atlantico,9.934166,-84.0674,414
paraiso_atlantico,9.934317,-84.0678,415
paraiso_atlantico,9.934397,-84.0679,416
paraiso_atlantico,9.934734,-84.0686,417
paraiso_atlantico,9.93473,-84.0686,418
paraiso_atlantico,9.934785,-84.0687,419
paraiso_atlantico,9.934874,-84.0689,420
metropoli_atlantico,9.955766,-84.1499,0
metropoli_atlantico,9.955667,-84.1497,1
metropoli_atlantico,9.955132,-84.1485,2
metropoli_atlantico,9.954358,-84.1468,3
metropoli_atlantico,9.95418,-84.1465,4
metropoli_atlantico,9.953998,-84.1463,5
metropoli_atlantico,9.953789,-84.1461,6
metropoli_atlantico,9.95357,-84.146,7
metropoli_atlantico,9.951287,-84.1449,8
metropoli_atlantico,9.949871,-84.1441,9
metropoli_atlantico,9.94986,-84.1441,10
metropoli_atlantico,9.94935,-84.1438,11
metropoli_atlantico,9.94935,-84.1438,12
metropoli_atlantico,9.948421,-84.1433,13
metropoli_atlantico,9.948115,-84.1431,14
metropoli_atlantico,9.947825,-84.1428,15
metropoli_atlantico,9.94764,-84.1425,16
metropoli_atlantico,9.947496,-84.1421,17
metropoli_atlantico,9.94694,-84.1401,18
metropoli_atlantico,9.946319,-84.138,19
metropoli_atlantico,9.946319,-84.138,20
metropoli_atlantico,9.946146,-84.1375,21
metropoli_atlantico,9.945799,-84.1365,22
metropoli_atlantico,9.945609,-84.1362,23
metropoli_atlantico,9.945368,-84.136,24
metropoli_atlantico,9.945135,-84.1359,25
metropoli_atlantico,9.944898,-84.1358,26
metropoli_atlantico,9.944495,-84.1358,27
metropoli_atlantico,9.944193,-84.1358,28
metropoli_atlantico,9.943987,-84.1359,29
metropoli_atlantico,9.943492,-84.1359,30
metropoli_atlantico,9.942607,-84.136,31
metropoli_atlantico,9.94171,-84.1361,32
metropoli_atlantico,9.941222,-84.1362,33
metropoli_atlantico,9.941018,-84.1362,34
metropoli_atlantico,9.940893,-84.1361,35
metropoli_atlantico,9.940815,-84.1361,36
metropoli_atlantico,9.940778,-84.1361,37
metropoli_atlantico,9.940728,-84.1361,38
metropoli_atlantico,9.940491,-84.1359,39
metropoli_atlantico,9.940325,-84.1357,40
metropoli_atlantico,9.940205,-84.1354,41
metropoli_atlantico,9.940144,-84.1352,42
metropoli_atlantico,9.940133,-84.1352,43
metropoli_atlantico,9.940129,-84.1351,44
metropoli_atlantico,9.940074,-84.1346,45
metropoli_atlantico,9.940039,-84.1342,46
metropoli_atlantico,9.939976,-84.1335,47
metropoli_atlantico,9.939976,-84.1335,48
metropoli_atlantico,9.93996,-84.1334,49
metropoli_atlantico,9.939954,-84.1325,50
metropoli_atlantico,9.939987,-84.1316,51
metropoli_atlantico,9.940012,-84.1306,52
metropoli_atlantico,9.940157,-84.1274,53
metropoli_atlantico,9.940374,-84.1237,54
metropoli_atlantico,9.940236,-84.1237,55
metropoli_atlantico,9.940236,-84.1237,56
metropoli_atlantico,9.94024,-84.1235,57
metropoli_atlantico,9.940159,-84.1228,58
metropoli_atlantico,9.939846,-84.122,59
metropoli_atlantico,9.939383,-84.1214,60
metropoli_atlantico,9.938636,-84.1207,61
metropoli_atlantico,9.938476,-84.1206,62
metropoli_atlantico,9.938294,-84.1203,63
metropoli_atlantico,9.937999,-84.1196,64
metropoli_atlantico,9.937888,-84.1194,65
metropoli_atlantico,9.937888,-84.1194,66
metropoli_atlantico,9.937118,-84.1175,67
metropoli_atlantico,9.93702,-84.1171,68
metropoli_atlantico,9.936968,-84.1168,69
metropoli_atlantico,9.936896,-84.1163,70
metropoli_atlantico,9.936797,-84.1158,71
metropoli_atlantico,9.936778,-84.1157,72
metropoli_atlantico,9.936762,-84.1154,73
metropoli_atlantico,9.936775,-84.1151,74
metropoli_atlantico,9.936791,-84.1144,75
metropoli_atlantico,9.936775,-84.1138,76
metropoli_atlantico,9.936759,-84.1136,77
metropoli_atlantico,9.936696,-84.1133,78
metropoli_atlantico,9.936632,-84.1132,79
metropoli_atlantico,9.936553,-84.1131,80
metropoli_atlantico,9.936453,-84.113,81
metropoli_atlantico,9.936328,-84.1129,82
metropoli_atlantico,9.936177,-84.1128,83
metropoli_atlantico,9.93608,-84.1128,84
metropoli_atlantico,9.935951,-84.1127,85
metropoli_atlantico,9.935844,-84.1127,86
metropoli_atlantico,9.935707,-84.1127,87
metropoli_atlantico,9.935412,-84.1127,88
metropoli_atlantico,9.9348,-84.1127,89
metropoli_atlantico,9.934485,-84.1126,90
metropoli_atlantico,9.934147,-84.1123,91
metropoli_atlantico,9.933835,-84.1119,92
metropoli_atlantico,9.933642,-84.1114,93
metropoli_atlantico,9.933537,-84.1103,94
metropoli_atlantico,9.9335,-84.1099,95
metropoli_atlantico,9.9335,-84.1099,96
metropoli_atlantico,9.932656,-84.1014,97
metropoli_atlantico,9.932656,-84.1014,98
metropoli_atlantico,9.932647,-84.1014,99
metropoli_atlantico,9.932406,-84.0987,100
metropoli_atlantico,9.932379,-84.0984,101
metropoli_atlantico,9.932363,-84.0983,102
metropoli_atlantico,9.932356,-84.0982,103
metropoli_atlantico,9.9323,-84.0977,104
metropoli_atlantico,9.932248,-84.0975,105
metropoli_atlantico,9.932168,-84.0973,106
metropoli_atlantico,9.93201,-84.0969,107
metropoli_atlantico,9.931695,-84.0962,108
metropoli_atlantico,9.930886,-84.0947,109
metropoli_atlantico,9.930831,-84.0946,110
metropoli_atlantico,9.930687,-84.0944,111
metropoli_atlantico,9.930538,-84.0942,112
metropoli_atlantico,9.930361,-84.0941,113
metropoli_atlantico,9.930212,-84.0939,114
metropoli_atlantico,9.929926,-84.0937,115
metropoli_atlantico,9.928905,-84.093,116
metropoli_atlantico,9.928478,-84.0928,117
metropoli_atlantico,9.928213,-84.0926,118
metropoli_atlantico,9.927502,-84.0921,119
metropoli_atlantico,9.927306,-84.0919,120
metropoli_atlantico,9.927132,-84.0919,121
metropoli_atlantico,9.926961,-84.0918,122
metropoli_atlantico,9.926961,-84.0918,123
metropoli_atlantico,9.926488,-84.0915,124
metropoli_atlantico,9.926184,-84.0913,125
metropoli_atlantico,9.926026,-84.0911,126
metropoli_atlantico,9.925969,-84.0911,127
metropoli_atlantico,9.925924,-84.0911,128
metropoli_atlantico,9.925812,-84.091,129
metropoli_atlantico,9.92566,-84.0908,130
metropoli_atlantico,9.925582,-84.0906,131
metropoli_atlantico,9.925508,-84.0904,132
metropoli_atlantico,9.925398,-84.0898,133
metropoli_atlantico,9.925276,-84.0892,134
metropoli_atlantico,9.924989,-84.0874,135
metropoli_atlantico,9.924976,-84.0871,136
metropoli_atlantico,9.925037,-84.0869,137
metropoli_atlantico,9.925214,-84.0864,138
metropoli_atlantico,9.925384,-84.0861,139
metropoli_atlantico,9.925577,-84.0856,140
metropoli_atlantico,9.925682,-84.0854,141
metropoli_atlantico,9.925756,-84.0851,142
metropoli_atlantico,9.925803,-84.0847,143
metropoli_atlantico,9.9258,-84.0844,144
metropoli_atlantico,9.925729,-84.0836,145
metropoli_atlantico,9.925395,-84.0811,146
metropoli_atlantico,9.934812,-84.0688,147
