shape_id,shape_pt_lat,shape_pt_lon,shape_pt_sequence
alajuela_atlantico,10.0085318,-84.2092959,0
alajuela_atlantico,10.0085351,-84.2083113,1
alajuela_atlantico,10.0084962,-84.208061,2
alajuela_atlantico,10.0082854,-84.2075769,3
alajuela_atlantico,10.0081516,-84.2073945,4
alajuela_atlantico,10.007863,-84.2071574,5
alajuela_atlantico,10.0074213,-84.2067506,6
alajuela_atlantico,10.0069106,-84.2063106,7
alajuela_atlantico,10.0059928,-84.2055276,8
alajuela_atlantico,10.0053734,-84.2050204,9
alajuela_atlantico,10.0051139,-84.2047735,10
alajuela_atlantico,10.0049031,-84.2044902,11
alajuela_atlantico,10.0047734,-84.2041708,12
alajuela_atlantico,10.0046955,-84.203858,13
alajuela_atlantico,10.0046696,-84.2034825,14
alajuela_atlantico,10.0047053,-84.2031466,15
alajuela_atlantico,10.0047507,-84.2029514,16
alajuela_atlantico,10.0048026,-84.2028098,17
alajuela_atlantico,10.0048934,-84.2026484,18
alajuela_atlantico,10.0050134,-84.2024936,19
alajuela_atlantico,10.0052411,-84.2021894,20
alajuela_atlantico,10.0053708,-84.2020347,21
alajuela_atlantico,10.0054292,-84.2019425,22
alajuela_atlantico,10.0055103,-84.2017778,23
alajuela_atlantico,10.0055589,-84.2016388,24
alajuela_atlantico,10.0056919,-84.2009406,25
alajuela_atlantico,10.0059028,-84.1997319,26
alajuela_atlantico,10.0059352,-84.1994816,27
alajuela_atlantico,10.0059352,-84.1992478,28
alajuela_atlantico,10.0058509,-84.1990206,29
alajuela_atlantico,10.0057666,-84.1988987,30
alajuela_atlantico,10.0056596,-84.1987901,31
alajuela_atlantico,10.0054001,-84.198632,32
alajuela_atlantico,10.0051762,-84.1986265,33
alajuela_atlantico,10.0049297,-84.1986791,34
alajuela_atlantico,10.0044266,-84.198745,35
alajuela_atlantico,10.0034374,-84.1990644,36
alajuela_atlantico,10.0032785,-84.1990743,37
alajuela_atlantico,10.0031358,-84.1990348,38
alajuela_atlantico,10.0028375,-84.19888,39
alajuela_atlantico,10.0026007,-84.1985836,40
alajuela_atlantico,10.0020392,-84.1974693,41
alajuela_atlantico,10.0018276,-84.1967962,42
alajuela_atlantico,10.0017892,-84.1965244,43
alajuela_atlantico,10.0017504,-84.1962763,44
alajuela_atlantico,10.0017017,-84.1959789,45
alajuela_atlantico,10.0015744,-84.1952567,46
alajuela_atlantico,10.0015525,-84.1951109,47
alajuela_atlantico,10.0015234,-84.1949303,48
alajuela_atlantico,10.0015085,-84.1948362,49
alajuela_atlantico,10.001501,-84.1947811,50
alajuela_atlantico,10.0014972,-84.1947364,51
alajuela_atlantico,10.0014738,-84.1945074,52
alajuela_atlantico,10.0014529,-84.1942797,53
alajuela_atlantico,10.001441,-84.1939508,54
alajuela_atlantico,10.0014686,-84.1935024,55
alajuela_atlantico,10.0015208,-84.19323,56
alajuela_atlantico,10.001602,-84.1929374,57
alajuela_atlantico,10.0017682,-84.1925342,58
alajuela_atlantico,10.0024206,-84.1907378,59
alajuela_atlantico,10.0028292,-84.1897018,60
alajuela_atlantico,10.0030506,-84.1891407,61
alajuela_atlantico,10.003322,-84.1884355,62
alajuela_atlantico,10.0034876,-84.1879732,63
alajuela_atlantico,10.0035754,-84.1877416,64
alajuela_atlantico,10.0036991,-84.18731,65
alajuela_atlantico,10.0037221,-84.1871139,66
alajuela_atlantico,10.0037313,-84.1869364,67
alajuela_atlantico,10.0036899,-84.186745,68
alajuela_atlantico,10.0035703,-84.1864087,69
alajuela_atlantico,10.0034596,-84.1861214,70
alajuela_atlantico,10.003368,-84.1858548,71
alajuela_atlantico,10.0032608,-84.1856133,72
alajuela_atlantico,10.0031693,-84.1854229,73
alajuela_atlantico,10.0030624,-84.1851463,74
alajuela_atlantico,10.0028264,-84.184487,75
alajuela_atlantico,10.0026085,-84.1838573,76
alajuela_atlantico,10.0025188,-84.1836869,77
alajuela_atlantico,10.0025422,-84.1836739,78
alajuela_atlantico,10.0024659,-84.1834627,79
alajuela_atlantico,10.0023008,-84.1829903,80
alajuela_atlantico,10.0022543,-84.1827692,81
alajuela_atlantico,10.0022083,-84.1824984,82
alajuela_atlantico,10.0021876,-84.1821971,83
alajuela_atlantico,10.0022083,-84.1818749,84
alajuela_atlantico,10.0022474,-84.1814499,85
alajuela_atlantico,10.0023003,-84.181123,86
alajuela_atlantico,10.0024383,-84.1805089,87
alajuela_atlantico,10.0026728,-84.1796356,88
alajuela_atlantico,10.0029028,-84.1788628,89
alajuela_atlantico,10.0030891,-84.178237,90
alajuela_atlantico,10.0031465,-84.1780105,91
alajuela_atlantico,10.003181,-84.177791,92
alajuela_atlantico,10.0032063,-84.1773894,93
alajuela_atlantico,10.0031718,-84.1769924,94
alajuela_atlantico,10.003158,-84.1768056,95
alajuela_atlantico,10.0031364,-84.1766168,96
alajuela_atlantico,10.0031028,-84.1764834,97
alajuela_atlantico,10.0030638,-84.1763083,98
alajuela_atlantico,10.0029743,-84.1759737,99
alajuela_atlantico,10.0027296,-84.1753401,100
alajuela_atlantico,10.0025552,-84.1750558,101
alajuela_atlantico,10.0023933,-84.1748491,102
alajuela_atlantico,10.0023175,-84.1747393,103
alajuela_atlantico,10.0021682,-84.1744926,104
alajuela_atlantico,10.0019428,-84.174091,105
alajuela_atlantico,10.0018693,-84.1738622,106
alajuela_atlantico,10.0018095,-84.1735399,107
alajuela_atlantico,10.0018141,-84.1732924,108
alajuela_atlantico,10.0020578,-84.1725639,109
alajuela_atlantico,10.00232,-84.1717747,110
alajuela_atlantico,10.0026649,-84.1708127,111
alajuela_atlantico,10.0028811,-84.1702651,112
alajuela_atlantico,10.0030526,-84.1698762,113
alajuela_atlantico,10.0032038,-84.1696473,114
alajuela_atlantico,10.0033669,-84.1694736,115
alajuela_atlantico,10.0034546,-84.1694148,116
alajuela_atlantico,10.0035588,-84.1693801,117
alajuela_atlantico,10.0036285,-84.1693637,118
alajuela_atlantico,10.0040523,-84.1693173,119
alajuela_atlantico,10.0043798,-84.1692744,120
alajuela_atlantico,10.0045196,-84.1692484,121
alajuela_atlantico,10.0046793,-84.1691922,122
alajuela_atlantico,10.0048448,-84.1691034,123
alajuela_atlantico,10.0049744,-84.1689996,124
alajuela_atlantico,10.0051564,-84.168766,125
alajuela_atlantico,10.0052507,-84.1685293,126
alajuela_atlantico,10.0052705,-84.1683612,127
alajuela_atlantico,10.0052624,-84.1681757,128
alajuela_atlantico,10.0052457,-84.1679224,129
alajuela_atlantico,10.0051992,-84.167342,130
alajuela_atlantico,10.0051569,-84.166894,131
alajuela_atlantico,10.0050803,-84.1661725,132
alajuela_atlantico,10.0049509,-84.1648502,133
alajuela_atlantico,10.0049281,-84.1643957,134
alajuela_atlantico,10.004906,-84.1638835,135
alajuela_atlantico,10.004854,-84.1633265,136
alajuela_atlantico,10.0047859,-84.1626638,137
alajuela_atlantico,10.0046815,-84.1617476,138
alajuela_atlantico,10.0045847,-84.1608458,139
alajuela_atlantico,10.0044999,-84.160025,140
alajuela_atlantico,10.0043205,-84.1588902,141
alajuela_atlantico,10.0038606,-84.1561303,142
alajuela_atlantico,10.0037476,-84.1556153,143
alajuela_atlantico,10.0036298,-84.1549649,144
alajuela_atlantico,10.0035223,-84.1543675,145
alajuela_atlantico,10.0033999,-84.1537087,146
alajuela_atlantico,10.0032359,-84.1528184,147
alajuela_atlantico,10.0032568,-84.1526009,148
alajuela_atlantico,10.0032136,-84.1526106,149
alajuela_atlantico,10.0031651,-84.1524174,150
alajuela_atlantico,10.0031863,-84.1521938,151
alajuela_atlantico,10.0031446,-84.1522019,152
alajuela_atlantico,10.0030793,-84.1519319,153
alajuela_atlantico,10.0029147,-84.1510496,154
alajuela_atlantico,10.0027659,-84.1501601,155
alajuela_atlantico,10.0024715,-84.1483988,156
alajuela_atlantico,10.0023264,-84.1475891,157
alajuela_atlantico,10.0022706,-84.1472918,158
alajuela_atlantico,10.0022071,-84.1469611,159
alajuela_atlantico,10.0021382,-84.1466689,160
alajuela_atlantico,10.0020606,-84.1462938,161
alajuela_atlantico,10.0019688,-84.1458883,162
alajuela_atlantico,10.0018929,-84.1457065,163
alajuela_atlantico,10.001805,-84.1455309,164
alajuela_atlantico,10.0016138,-84.1452814,165
alajuela_atlantico,10.0014348,-84.1450934,166
alajuela_atlantico,10.0013104,-84.1449794,167
alajuela_atlantico,10.0010828,-84.1447514,168
alajuela_atlantico,10.0007763,-84.1444464,169
alajuela_atlantico,10.0004365,-84.1440797,170
alajuela_atlantico,10.0002363,-84.143787,171
alajuela_atlantico,10.0000057,-84.1433711,172
alajuela_atlantico,9.999863,-84.1430568,173
alajuela_atlantico,9.9997265,-84.1426471,174
alajuela_atlantico,9.9996476,-84.142265,175
alajuela_atlantico,9.9995687,-84.1418645,176
alajuela_atlantico,9.9995462,-84.141674,177
alajuela_atlantico,9.9994706,-84.1411205,178
alajuela_atlantico,9.9993796,-84.1404858,179
alajuela_atlantico,9.9992704,-84.1397094,180
alajuela_atlantico,9.9991793,-84.1392103,181
alajuela_atlantico,9.9991247,-84.138896,182
alajuela_atlantico,9.9990398,-84.1383784,183
alajuela_atlantico,9.9989643,-84.1378557,184
alajuela_atlantico,9.998888,-84.1375588,185
alajuela_atlantico,9.9987902,-84.1371953,186
alajuela_atlantico,9.998694,-84.136872,187
alajuela_atlantico,9.9986136,-84.1366644,188
alajuela_atlantico,9.9984126,-84.1362476,189
alajuela_atlantico,9.9970355,-84.1338166,190
alajuela_atlantico,9.9964184,-84.1327647,191
alajuela_atlantico,9.9962644,-84.1324673,192
alajuela_atlantico,9.9961543,-84.1322605,193
alajuela_atlantico,9.9960183,-84.1320297,194
alajuela_atlantico,9.9957462,-84.1315577,195
alajuela_atlantico,9.995556,-84.1312224,196
alajuela_atlantico,9.9954046,-84.1309419,197
alajuela_atlantico,9.9952879,-84.1307262,198
alajuela_atlantico,9.995136,-84.1303964,199
alajuela_atlantico,9.9950171,-84.1300878,200
alajuela_atlantico,9.9949669,-84.1299149,201
alajuela_atlantico,9.9948665,-84.1295394,202
alajuela_atlantico,9.9947939,-84.1292685,203
alajuela_atlantico,9.9947844,-84.1292036,204
alajuela_atlantico,9.9947569,-84.1290284,205
alajuela_atlantico,9.9947417,-84.1288291,206
alajuela_atlantico,9.9947182,-84.1286435,207
alajuela_atlantico,9.9947131,-84.1284793,208
alajuela_atlantico,9.9947268,-84.1282765,209
alajuela_atlantico,9.994768,-84.1280626,210
alajuela_atlantico,9.9948187,-84.1278713,211
alajuela_atlantico,9.9948657,-84.1276759,212
alajuela_atlantico,9.9949506,-84.1273669,213
alajuela_atlantico,9.9949934,-84.1271401,214
alajuela_atlantico,9.9950029,-84.1270043,215
alajuela_atlantico,9.9950057,-84.1267504,216
alajuela_atlantico,9.9950004,-84.1265129,217
alajuela_atlantico,9.9949873,-84.1262198,218
alajuela_atlantico,9.9949482,-84.1255241,219
alajuela_atlantico,9.9949059,-84.1251508,220
alajuela_atlantico,9.9949037,-84.1250978,221
alajuela_atlantico,9.9949665,-84.1247819,222
alajuela_atlantico,9.9950252,-84.1245912,223
alajuela_atlantico,9.9950929,-84.1243538,224
alajuela_atlantico,9.9951376,-84.1241333,225
alajuela_atlantico,9.9952002,-84.1238297,226
alajuela_atlantico,9.995248,-84.1235857,227
alajuela_atlantico,9.9952614,-84.1235146,228
alajuela_atlantico,9.9952092,-84.1226357,229
alajuela_atlantico,9.9951274,-84.1217827,230
alajuela_atlantico,9.9950636,-84.1209372,231
alajuela_atlantico,9.9949856,-84.1201028,232
alajuela_atlantico,9.994932,-84.1195995,233
alajuela_atlantico,9.9949,-84.1192648,234
alajuela_atlantico,9.9948131,-84.1184294,235
alajuela_atlantico,9.9947672,-84.1179222,236
alajuela_atlantico,9.9947539,-84.1176211,237
alajuela_atlantico,9.9947416,-84.11753,238
alajuela_atlantico,9.9947243,-84.11753,239
alajuela_atlantico,9.9947002,-84.1170613,240
alajuela_atlantico,9.9946758,-84.1170597,241
alajuela_atlantico,9.9946617,-84.1166939,242
alajuela_atlantico,9.9946381,-84.1166941,243
alajuela_atlantico,9.9945773,-84.1161345,244
alajuela_atlantico,9.9945473,-84.1159633,245
alajuela_atlantico,9.9945191,-84.1158752,246
alajuela_atlantico,9.9945003,-84.1158126,247
alajuela_atlantico,9.9944768,-84.115744,248
alajuela_atlantico,9.9941559,-84.1150124,249
alajuela_atlantico,9.99407,-84.1147968,250
alajuela_atlantico,9.9940138,-84.1145987,251
alajuela_atlantico,9.9939789,-84.114399,252
alajuela_atlantico,9.9939685,-84.1142225,253
alajuela_atlantico,9.993987,-84.1140367,254
alajuela_atlantico,9.9940545,-84.1137678,255
alajuela_atlantico,9.9941433,-84.1134865,256
alajuela_atlantico,9.9941796,-84.1132916,257
alajuela_atlantico,9.9941595,-84.112975,258
alajuela_atlantico,9.994133,-84.1128775,259
alajuela_atlantico,9.9940166,-84.1126614,260
alajuela_atlantico,9.9939337,-84.1125424,261
alajuela_atlantico,9.9938449,-84.1124476,262
alajuela_atlantico,9.9937622,-84.1123789,263
alajuela_atlantico,9.9934746,-84.1122267,264
alajuela_atlantico,9.9919342,-84.1116738,265
alajuela_atlantico,9.991744,-84.1116007,266
alajuela_atlantico,9.9916039,-84.1115498,267
alajuela_atlantico,9.9910999,-84.1113456,268
alajuela_atlantico,9.9908846,-84.1112698,269
alajuela_atlantico,9.9905784,-84.1111621,270
alajuela_atlantico,9.9900494,-84.1109143,271
alajuela_atlantico,9.98963,-84.1106426,272
alajuela_atlantico,9.9874515,-84.1090156,273
alajuela_atlantico,9.9869738,-84.108677,274
alajuela_atlantico,9.9857048,-84.1077508,275
alajuela_atlantico,9.9843436,-84.1067613,276
alajuela_atlantico,9.9828911,-84.1057018,277
alajuela_atlantico,9.9827004,-84.1055626,278
alajuela_atlantico,9.9798045,-84.1034064,279
alajuela_atlantico,9.9781417,-84.1021781,280
alajuela_atlantico,9.9779544,-84.1020166,281
alajuela_atlantico,9.9773002,-84.1013367,282
alajuela_atlantico,9.9768907,-84.1009346,283
alajuela_atlantico,9.9764662,-84.1006516,284
alajuela_atlantico,9.9759971,-84.1004506,285
alajuela_atlantico,9.9752706,-84.1002575,286
alajuela_atlantico,9.974934,-84.100166,287
alajuela_atlantico,9.9743317,-84.1000102,288
alajuela_atlantico,9.974061,-84.0999219,289
alajuela_atlantico,9.9734728,-84.099624,290
alajuela_atlantico,9.9729738,-84.0991475,291
alajuela_atlantico,9.9724809,-84.0986159,292
alajuela_atlantico,9.9721402,-84.0982397,293
alajuela_atlantico,9.9719462,-84.098023,294
alajuela_atlantico,9.971351,-84.0973432,295
alajuela_atlantico,9.9709037,-84.0968391,296
alajuela_atlantico,9.9696621,-84.095552,297
alajuela_atlantico,9.9693772,-84.0952306,298
alajuela_atlantico,9.9689718,-84.0947839,299
alajuela_atlantico,9.967195,-84.0928496,300
alajuela_atlantico,9.9669361,-84.092532,301
alajuela_atlantico,9.9667561,-84.0920585,302
alajuela_atlantico,9.9667371,-84.0915702,303
alajuela_atlantico,9.9668381,-84.0911277,304
alajuela_atlantico,9.9668201,-84.0907639,305
alajuela_atlantico,9.9666795,-84.0904702,306
alajuela_atlantico,9.9663838,-84.0902639,307
alajuela_atlantico,9.9655498,-84.0899586,308
alajuela_atlantico,9.9651328,-84.0898096,309
alajuela_atlantico,9.9646934,-84.0897352,310
alajuela_atlantico,9.964202,-84.0897501,311
alajuela_atlantico,9.9638669,-84.0899511,312
alajuela_atlantico,9.963636,-84.0902862,313
alajuela_atlantico,9.9634493,-84.0907677,314
alajuela_atlantico,9.963219,-84.090977,315
alajuela_atlantico,9.9628906,-84.0910748,316
alajuela_atlantico,9.9625563,-84.0910861,317
alajuela_atlantico,9.9624647,-84.0910739,318
alajuela_atlantico,9.9621067,-84.0909123,319
alajuela_atlantico,9.9616526,-84.0906076,320
alajuela_atlantico,9.9599741,-84.0895209,321
alajuela_atlantico,9.958879,-84.0887993,322
alajuela_atlantico,9.9578283,-84.0881389,323
alajuela_atlantico,9.9555752,-84.0866788,324
alajuela_atlantico,9.9554726,-84.0866106,325
alajuela_atlantico,9.9551575,-84.086401,326
alajuela_atlantico,9.9549392,-84.0862465,327
alajuela_atlantico,9.9548351,-84.0861835,328
alajuela_atlantico,9.9547059,-84.0861228,329
alajuela_atlantico,9.9541497,-84.0857663,330
alajuela_atlantico,9.9505538,-84.0834022,331
alajuela_atlantico,9.9503989,-84.0832502,332
alajuela_atlantico,9.9502724,-84.0830634,333
alajuela_atlantico,9.9501321,-84.0827365,334
alajuela_atlantico,9.9500654,-84.0823582,335
alajuela_atlantico,9.95007,-84.0820547,336
alajuela_atlantico,9.9501022,-84.0817511,337
alajuela_atlantico,9.9502149,-84.0809782,338
alajuela_atlantico,9.9502494,-84.080682,339
alajuela_atlantico,9.9502586,-84.0804832,340
alajuela_atlantico,9.9502425,-84.0803011,341
alajuela_atlantico,9.950185,-84.0800979,342
alajuela_atlantico,9.9500746,-84.0799088,343
alajuela_atlantico,9.9499343,-84.0797337,344
alajuela_atlantico,9.9497871,-84.0794932,345
alajuela_atlantico,9.9496468,-84.0792807,346
alajuela_atlantico,9.9494813,-84.0789725,347
alajuela_atlantico,9.9494077,-84.0787086,348
alajuela_atlantico,9.9493594,-84.0784004,349
alajuela_atlantico,9.9492732,-84.0776168,350
alajuela_atlantico,9.9491962,-84.0773625,351
alajuela_atlantico,9.9491087,-84.0772049,352
alajuela_atlantico,9.949042,-84.0771185,353
alajuela_atlantico,9.9489592,-84.0770344,354
alajuela_atlantico,9.9488465,-84.076948,355
alajuela_atlantico,9.9486625,-84.0768523,356
alajuela_atlantico,9.9482876,-84.0766702,357
alajuela_atlantico,9.9481266,-84.0765604,358
alajuela_atlantico,9.948016,-84.0764298,359
alajuela_atlantico,9.9479147,-84.0762948,360
alajuela_atlantico,9.9477517,-84.0759043,361
alajuela_atlantico,9.9476091,-84.075484,362
alajuela_atlantico,9.9475056,-84.0751151,363
alajuela_atlantico,9.9473125,-84.0746527,364
alajuela_atlantico,9.9471308,-84.0743562,365
alajuela_atlantico,9.9469376,-84.0740713,366
alajuela_atlantico,9.9465374,-84.0735536,367
alajuela_atlantico,9.9460112,-84.0728059,368
alajuela_atlantico,9.9459928,-84.0728221,369
alajuela_atlantico,9.945944,-84.072759,370
alajuela_atlantico,9.9456862,-84.0724065,371
alajuela_atlantico,9.9455116,-84.0721975,372
alajuela_atlantico,9.9453678,-84.0719915,373
alajuela_atlantico,9.9451772,-84.0717715,374
alajuela_atlantico,9.9449365,-84.0714596,375
alajuela_atlantico,9.9447226,-84.0711887,376
alajuela_atlantico,9.9444673,-84.0708875,377
alajuela_atlantico,9.9442499,-84.0706101,378
alajuela_atlantico,9.9439989,-84.070299,379
alajuela_atlantico,9.9437767,-84.0700177,380
alajuela_atlantico,9.9436517,-84.0699144,381
alajuela_atlantico,9.9434626,-84.0698001,382
alajuela_atlantico,9.9432935,-84.0697142,383
alajuela_atlantico,9.9431503,-84.0696688,384
alajuela_atlantico,9.9430029,-84.0696418,385
alajuela_atlantico,9.9428555,-84.0696171,386
alajuela_atlantico,9.9426301,-84.0695793,387
alajuela_atlantico,9.9425046,-84.0695582,388
alajuela_atlantico,9.9423986,-84.0695514,389
alajuela_atlantico,9.942091,-84.069535,390
alajuela_atlantico,9.9416846,-84.0695319,391
alajuela_atlantico,9.9413881,-84.0695257,392
alajuela_atlantico,9.9409149,-84.0695186,393
alajuela_atlantico,9.9406373,-84.0695178,394
alajuela_atlantico,9.9403506,-84.0695387,395
alajuela_atlantico,9.9402789,-84.069542,396
alajuela_atlantico,9.9401405,-84.0695643,397
alajuela_atlantico,9.9400022,-84.0695967,398
alajuela_atlantico,9.9395146,-84.0697851,399
alajuela_atlantico,9.939014,-84.0701113,400
alajuela_atlantico,9.9385042,-84.0704572,401
alajuela_atlantico,9.938185,-84.0706703,402
alajuela_atlantico,9.9377861,-84.0709258,403
alajuela_atlantico,9.9375341,-84.0710849,404
alajuela_atlantico,9.9373571,-84.0712002,405
alajuela_atlantico,9.9371853,-84.0712699,406
alajuela_atlantico,9.9370595,-84.0713109,407
alajuela_atlantico,9.9369634,-84.0713229,408
alajuela_atlantico,9.9368683,-84.0713287,409
alajuela_atlantico,9.9368268,-84.0713281,410
alajuela_atlantico,9.9367661,-84.0713274,411
alajuela_atlantico,9.9366569,-84.071319,412
alajuela_atlantico,9.9365909,-84.0713123,413
alajuela_atlantico,9.9365213,-84.0713003,414
alajuela_atlantico,9.9364146,-84.0712741,415
alajuela_atlantico,9.9363145,-84.0712396,416
alajuela_atlantico,9.9362484,-84.071214,417
alajuela_atlantico,9.9361588,-84.0711793,418
alajuela_atlantico,9.9360964,-84.0711552,419
alajuela_atlantico,9.9360274,-84.071121,420
alajuela_atlantico,9.9359023,-84.0710408,421
alajuela_atlantico,9.9357955,-84.0709578,422
alajuela_atlantico,9.9357232,-84.0708946,423
alajuela_atlantico,9.935657,-84.0708206,424
alajuela_atlantico,9.9355726,-84.0706706,425
alajuela_atlantico,9.9355382,-84.0706013,426
alajuela_atlantico,9.935412,-84.0702807,427
alajuela_atlantico,9.9352055,-84.0697586,428
alajuela_atlantico,9.9350811,-84.0694177,429
alajuela_atlantico,9.9350004,-84.0692158,430
alajuela_atlantico,9.934998,-84.0692169,431
alajuela_atlantico,9.9348794,-84.0689488,432
alajuela_atlantico,9.9348801,-84.0689425,433
alajuela_atlantico,9.9348741,-84.0689369,434
angeles_atlantico,9.8642123,-83.9110459,0
angeles_atlantico,9.8643349,-83.9114518,1
angeles_atlantico,9.8644309,-83.9121174,2
angeles_atlantico,9.8644716,-83.9123632,3
angeles_atlantico,9.8645267,-83.9125853,4
angeles_atlantico,9.8645746,-83.9126928,5
angeles_atlantico,9.8646922,-83.9128804,6
angeles_atlantico,9.8649913,-83.9132446,7
angeles_atlantico,9.8652627,-83.9135677,8
angeles_atlantico,9.8654386,-83.9138491,9
angeles_atlantico,9.8655346,-83.9140254,10
angeles_atlantico,9.8655617,-83.9140955,11
angeles_atlantico,9.8655981,-83.9143687,12
angeles_atlantico,9.8657058,-83.9151578,13
angeles_atlantico,9.8658705,-83.916303,14
angeles_atlantico,9.8659773,-83.9173987,15
angeles_atlantico,9.8661078,-83.9182802,16
angeles_atlantico,9.8662163,-83.919148,17
angeles_atlantico,9.8662871,-83.9196778,18
angeles_atlantico,9.8663724,-83.9202609,19
angeles_atlantico,9.8663834,-83.9203005,20
angeles_atlantico,9.8664456,-83.9208863,21
angeles_atlantico,9.8665066,-83.9213171,22
angeles_atlantico,9.8665664,-83.9216971,23
angeles_atlantico,9.8665749,-83.921764,24
angeles_atlantico,9.8665885,-83.9218547,25
angeles_atlantico,9.8665993,-83.9220079,26
angeles_atlantico,9.8666164,-83.9220933,27
angeles_atlantico,9.8666338,-83.9221821,28
angeles_atlantico,9.8667357,-83.9226176,29
angeles_atlantico,9.8667925,-83.9229151,30
angeles_atlantico,9.8668046,-83.9229519,31
angeles_atlantico,9.866821,-83.9229808,32
angeles_atlantico,9.8668423,-83.9230201,33
angeles_atlantico,9.8668837,-83.9230633,34
angeles_atlantico,9.8669114,-83.9230906,35
angeles_atlantico,9.8669703,-83.9231486,36
angeles_atlantico,9.8672316,-83.9234268,37
angeles_atlantico,9.8680098,-83.9241643,38
angeles_atlantico,9.8685145,-83.9246135,39
angeles_atlantico,9.8687844,-83.9248787,40
angeles_atlantico,9.8688608,-83.9249491,41
angeles_atlantico,9.8689621,-83.9250333,42
angeles_atlantico,9.8691459,-83.9251884,43
angeles_atlantico,9.8694095,-83.9253652,44
angeles_atlantico,9.869811,-83.925541,45
angeles_atlantico,9.8699221,-83.925582,46
angeles_atlantico,9.8714963,-83.9264436,47
angeles_atlantico,9.8719095,-83.9267115,48
angeles_atlantico,9.8725519,-83.9271173,49
angeles_atlantico,9.8729091,-83.9273636,50
angeles_atlantico,9.8738334,-83.9280007,51
angeles_atlantico,9.8742333,-83.9282554,52
angeles_atlantico,9.8743219,-83.928316,53
angeles_atlantico,9.8747936,-83.9286388,54
angeles_atlantico,9.8752853,-83.9289284,55
angeles_atlantico,9.8763641,-83.9295485,56
angeles_atlantico,9.8766736,-83.9297052,57
angeles_atlantico,9.8770594,-83.9298447,58
angeles_atlantico,9.87721,-83.9298844,59
angeles_atlantico,9.8774663,-83.929952,60
angeles_atlantico,9.8780054,-83.9300003,61
angeles_atlantico,9.8784703,-83.9300243,62
angeles_atlantico,9.8786728,-83.9300082,63
angeles_atlantico,9.8789573,-83.929986,64
angeles_atlantico,9.880995,-83.9298731,65
angeles_atlantico,9.8819637,-83.9298233,66
angeles_atlantico,9.8826772,-83.9297803,67
angeles_atlantico,9.8834857,-83.929716,68
angeles_atlantico,9.8836708,-83.929717,69
angeles_atlantico,9.8837919,-83.92972,70
angeles_atlantico,9.8855684,-83.9296,71
angeles_atlantico,9.8865816,-83.9295496,72
angeles_atlantico,9.8868363,-83.9295497,73
angeles_atlantico,9.8870637,-83.9295621,74
angeles_atlantico,9.887249,-83.9295706,75
angeles_atlantico,9.8873912,-83.9295734,76
angeles_atlantico,9.8877453,-83.9296033,77
angeles_atlantico,9.8879441,-83.9296118,78
angeles_atlantico,9.888501,-83.9299037,79
angeles_atlantico,9.8886768,-83.9300258,80
angeles_atlantico,9.8888604,-83.9301827,81
angeles_atlantico,9.8891048,-83.9305095,82
angeles_atlantico,9.889299,-83.9309283,83
angeles_atlantico,9.889387,-83.9311103,84
angeles_atlantico,9.8894628,-83.9314053,85
angeles_atlantico,9.8894839,-83.9318183,86
angeles_atlantico,9.8894469,-83.932226,87
angeles_atlantico,9.8894205,-83.9325908,88
angeles_atlantico,9.8893993,-83.932682,89
angeles_atlantico,9.8893945,-83.9328047,90
angeles_atlantico,9.8893888,-83.9329502,91
angeles_atlantico,9.8895209,-83.9333365,92
angeles_atlantico,9.889801,-83.9339748,93
angeles_atlantico,9.8899965,-83.9343128,94
angeles_atlantico,9.890265,-83.9345027,95
angeles_atlantico,9.8904352,-83.9345381,96
angeles_atlantico,9.8905461,-83.9345435,97
angeles_atlantico,9.8906994,-83.9345488,98
angeles_atlantico,9.8908421,-83.9345649,99
angeles_atlantico,9.8910376,-83.934581,100
angeles_atlantico,9.8911644,-83.9346186,101
angeles_atlantico,9.8912913,-83.9346668,102
angeles_atlantico,9.8914128,-83.9347259,103
angeles_atlantico,9.8915291,-83.9347902,104
angeles_atlantico,9.8916612,-83.9348975,105
angeles_atlantico,9.8917193,-83.9349994,106
angeles_atlantico,9.8918567,-83.9351604,107
angeles_atlantico,9.8919149,-83.935273,108
angeles_atlantico,9.8919888,-83.9354501,109
angeles_atlantico,9.8919941,-83.9355949,110
angeles_atlantico,9.8919783,-83.9357719,111
angeles_atlantico,9.8919466,-83.935965,112
angeles_atlantico,9.8919307,-83.9360509,113
angeles_atlantico,9.891899,-83.9362064,114
angeles_atlantico,9.891862,-83.9363781,115
angeles_atlantico,9.8918409,-83.9365498,116
angeles_atlantico,9.8917827,-83.9367643,117
angeles_atlantico,9.8917193,-83.936936,118
angeles_atlantico,9.8916823,-83.937113,119
angeles_atlantico,9.8916242,-83.9372525,120
angeles_atlantico,9.8915766,-83.9374027,121
angeles_atlantico,9.8915449,-83.9375529,122
angeles_atlantico,9.8915185,-83.9376709,123
angeles_atlantico,9.8914974,-83.9377836,124
angeles_atlantico,9.891434,-83.9379767,125
angeles_atlantico,9.8914181,-83.9381323,126
angeles_atlantico,9.8913864,-83.9384219,127
angeles_atlantico,9.8913917,-83.938658,128
angeles_atlantico,9.8914234,-83.9388618,129
angeles_atlantico,9.8915079,-83.9392051,130
angeles_atlantico,9.8916136,-83.9395109,131
angeles_atlantico,9.8917563,-83.9397899,132
angeles_atlantico,9.8919984,-83.9401783,133
angeles_atlantico,9.8923058,-83.9405906,134
angeles_atlantico,9.8927023,-83.9409861,135
angeles_atlantico,9.8931673,-83.9413509,136
angeles_atlantico,9.893458,-83.9415709,137
angeles_atlantico,9.894144,-83.9421506,138
angeles_atlantico,9.8944673,-83.9424238,139
angeles_atlantico,9.8950159,-83.9428336,140
angeles_atlantico,9.895297,-83.9429549,141
angeles_atlantico,9.8956771,-83.9430999,142
angeles_atlantico,9.8961998,-83.9432944,143
angeles_atlantico,9.8966975,-83.9435396,144
angeles_atlantico,9.8970969,-83.9437001,145
angeles_atlantico,9.8973096,-83.9437981,146
angeles_atlantico,9.8975684,-83.9439441,147
angeles_atlantico,9.8979552,-83.9441941,148
angeles_atlantico,9.8985946,-83.9446125,149
angeles_atlantico,9.8994296,-83.9451382,150
angeles_atlantico,9.9000109,-83.9454118,151
angeles_atlantico,9.9002804,-83.9455942,152
angeles_atlantico,9.9005552,-83.9458624,153
angeles_atlantico,9.9008723,-83.9462272,154
angeles_atlantico,9.9012105,-83.9466939,155
angeles_atlantico,9.9013584,-83.9470426,156
angeles_atlantico,9.9015032,-83.9475375,157
angeles_atlantico,9.9015634,-83.9477961,158
angeles_atlantico,9.9016539,-83.9490483,159
angeles_atlantico,9.901658,-83.9491052,160
angeles_atlantico,9.9017055,-83.9497632,161
angeles_atlantico,9.9017796,-83.9509529,162
angeles_atlantico,9.9018114,-83.9518453,163
angeles_atlantico,9.9018802,-83.9523534,164
angeles_atlantico,9.9020322,-83.9528499,165
angeles_atlantico,9.9024239,-83.9535909,166
angeles_atlantico,9.9029474,-83.9543088,167
angeles_atlantico,9.9029618,-83.9543334,168
angeles_atlantico,9.9031789,-83.9547239,169
angeles_atlantico,9.9033441,-83.9552775,170
angeles_atlantico,9.9036005,-83.955898,171
angeles_atlantico,9.9039804,-83.9565592,172
angeles_atlantico,9.9044655,-83.9570587,173
angeles_atlantico,9.9051114,-83.957465,174
angeles_atlantico,9.9056104,-83.9575944,175
angeles_atlantico,9.9060192,-83.9576818,176
angeles_atlantico,9.9064042,-83.9577942,177
angeles_atlantico,9.9068461,-83.9580941,178
angeles_atlantico,9.9072681,-83.9585498,179
angeles_atlantico,9.9075111,-83.9591067,180
angeles_atlantico,9.9079742,-83.9602888,181
angeles_atlantico,9.9084646,-83.9614304,182
angeles_atlantico,9.9089043,-83.9622286,183
angeles_atlantico,9.9093618,-83.9627998,184
angeles_atlantico,9.9095014,-83.962974,185
angeles_atlantico,9.9099355,-83.9636878,186
angeles_atlantico,9.9105146,-83.9643164,187
angeles_atlantico,9.9109849,-83.9647914,188
angeles_atlantico,9.9111746,-83.9653884,189
angeles_atlantico,9.9114408,-83.9664944,190
angeles_atlantico,9.9119486,-83.9680997,191
angeles_atlantico,9.9118917,-83.9690973,192
angeles_atlantico,9.9118892,-83.9695849,193
angeles_atlantico,9.911917,-83.9698783,194
angeles_atlantico,9.9119313,-83.9700454,195
angeles_atlantico,9.9120098,-83.9704276,196
angeles_atlantico,9.9126354,-83.9714833,197
angeles_atlantico,9.9129567,-83.9718867,198
angeles_atlantico,9.9132949,-83.9723158,199
angeles_atlantico,9.9134668,-83.972519,200
angeles_atlantico,9.9139882,-83.9733372,201
angeles_atlantico,9.9141742,-83.9738265,202
angeles_atlantico,9.9143314,-83.9743913,203
angeles_atlantico,9.9143552,-83.9745486,204
angeles_atlantico,9.9145129,-83.9752925,205
angeles_atlantico,9.9147533,-83.9763347,206
angeles_atlantico,9.914775,-83.9769586,207
angeles_atlantico,9.9147745,-83.9771309,208
angeles_atlantico,9.9146264,-83.9776051,209
angeles_atlantico,9.9146124,-83.97765,210
angeles_atlantico,9.9145547,-83.9778348,211
angeles_atlantico,9.9144615,-83.9780471,212
angeles_atlantico,9.9142724,-83.9784779,213
angeles_atlantico,9.9138555,-83.9794913,214
angeles_atlantico,9.9135416,-83.9800144,215
angeles_atlantico,9.9131404,-83.9804895,216
angeles_atlantico,9.9129918,-83.9807244,217
angeles_atlantico,9.9128358,-83.9811159,218
angeles_atlantico,9.9126733,-83.981799,219
angeles_atlantico,9.9126608,-83.9818516,220
angeles_atlantico,9.9125593,-83.982667,221
angeles_atlantico,9.9125147,-83.9830433,222
angeles_atlantico,9.9123817,-83.9834759,223
angeles_atlantico,9.9121579,-83.9839577,224
angeles_atlantico,9.9121112,-83.984048,225
angeles_atlantico,9.9120629,-83.9841412,226
angeles_atlantico,9.9117494,-83.9845856,227
angeles_atlantico,9.9116173,-83.9847465,228
angeles_atlantico,9.911424,-83.9850303,229
angeles_atlantico,9.9112132,-83.9853218,230
angeles_atlantico,9.9110254,-83.9856559,231
angeles_atlantico,9.9107363,-83.986272,232
angeles_atlantico,9.9105927,-83.9867094,233
angeles_atlantico,9.9105739,-83.9868888,234
angeles_atlantico,9.9105077,-83.9869691,235
angeles_atlantico,9.9104425,-83.9872009,236
angeles_atlantico,9.9103557,-83.9875411,237
angeles_atlantico,9.9103088,-83.9878401,238
angeles_atlantico,9.910283,-83.9880941,239
angeles_atlantico,9.9102818,-83.9881061,240
angeles_atlantico,9.9102375,-83.9886537,241
angeles_atlantico,9.9101835,-83.9894734,242
angeles_atlantico,9.9103103,-83.9901085,243
angeles_atlantico,9.9104033,-83.9907008,244
angeles_atlantico,9.9106908,-83.9914389,245
angeles_atlantico,9.9112657,-83.9923573,246
angeles_atlantico,9.9114517,-83.9926921,247
angeles_atlantico,9.9115194,-83.9930611,248
angeles_atlantico,9.9114348,-83.9949236,249
angeles_atlantico,9.9114421,-83.9960366,250
angeles_atlantico,9.9114433,-83.9962283,251
angeles_atlantico,9.9118745,-83.9977217,252
angeles_atlantico,9.9120605,-83.998314,253
angeles_atlantico,9.9120351,-83.9990435,254
angeles_atlantico,9.9118914,-83.9995413,255
angeles_atlantico,9.911494,-84.0005026,256
angeles_atlantico,9.9113672,-84.0017472,257
angeles_atlantico,9.9113324,-84.0030914,258
angeles_atlantico,9.9112602,-84.0038849,259
angeles_atlantico,9.9112194,-84.0040823,260
angeles_atlantico,9.911135,-84.004366,261
angeles_atlantico,9.9110028,-84.0046627,262
angeles_atlantico,9.9105714,-84.005587,263
angeles_atlantico,9.9104173,-84.0059506,264
angeles_atlantico,9.9102815,-84.0063048,265
angeles_atlantico,9.9102227,-84.0066221,266
angeles_atlantico,9.9102115,-84.0068953,267
angeles_atlantico,9.9102187,-84.0071593,268
angeles_atlantico,9.9102602,-84.0075614,269
angeles_atlantico,9.9103313,-84.007886,270
angeles_atlantico,9.9104576,-84.0081755,271
angeles_atlantico,9.9106631,-84.0085133,272
angeles_atlantico,9.9108768,-84.0088368,273
angeles_atlantico,9.9116124,-84.0098582,274
angeles_atlantico,9.9124494,-84.0110083,275
angeles_atlantico,9.9128539,-84.0115461,276
angeles_atlantico,9.9132405,-84.0118843,277
angeles_atlantico,9.9136077,-84.0121654,278
angeles_atlantico,9.9142739,-84.0127051,279
angeles_atlantico,9.9144665,-84.0129186,280
angeles_atlantico,9.914611,-84.0131525,281
angeles_atlantico,9.9147103,-84.0133958,282
angeles_atlantico,9.9147876,-84.0136411,283
angeles_atlantico,9.9148197,-84.0138516,284
angeles_atlantico,9.9148337,-84.0141068,285
angeles_atlantico,9.9147936,-84.0147246,286
angeles_atlantico,9.9148455,-84.0151757,287
angeles_atlantico,9.9150049,-84.0156556,288
angeles_atlantico,9.9151089,-84.0158445,289
angeles_atlantico,9.9155505,-84.016374,290
angeles_atlantico,9.9156664,-84.0165045,291
angeles_atlantico,9.9160715,-84.0168981,292
angeles_atlantico,9.9164094,-84.0172445,293
angeles_atlantico,9.9165551,-84.017423,294
angeles_atlantico,9.9166796,-84.0175785,295
angeles_atlantico,9.9168377,-84.0177986,296
angeles_atlantico,9.9169387,-84.017991,297
angeles_atlantico,9.9169802,-84.0181155,298
angeles_atlantico,9.9170051,-84.0182617,299
angeles_atlantico,9.917013,-84.0184234,300
angeles_atlantico,9.9169981,-84.0185958,301
angeles_atlantico,9.9168544,-84.0190678,302
angeles_atlantico,9.9167783,-84.019497,303
angeles_atlantico,9.9168629,-84.0200463,304
angeles_atlantico,9.9170742,-84.0204325,305
angeles_atlantico,9.9174936,-84.0208473,306
angeles_atlantico,9.9177337,-84.0210848,307
angeles_atlantico,9.9182072,-84.0216427,308
angeles_atlantico,9.918427,-84.0220547,309
angeles_atlantico,9.9185538,-84.0223466,310
angeles_atlantico,9.9186834,-84.0228107,311
angeles_atlantico,9.9190639,-84.023492,312
angeles_atlantico,9.9192772,-84.0238499,313
angeles_atlantico,9.9193069,-84.0238997,314
angeles_atlantico,9.9196352,-84.0244604,315
angeles_atlantico,9.9197594,-84.0247733,316
angeles_atlantico,9.9198192,-84.0251423,317
angeles_atlantico,9.9198192,-84.0255766,318
angeles_atlantico,9.9197364,-84.0259735,319
angeles_atlantico,9.91958,-84.0268235,320
angeles_atlantico,9.9195248,-84.0272484,321
angeles_atlantico,9.9195202,-84.0275707,322
angeles_atlantico,9.919603,-84.0279349,323
angeles_atlantico,9.9197579,-84.0282919,324
angeles_atlantico,9.9200446,-84.0287662,325
angeles_atlantico,9.9208873,-84.0301829,326
angeles_atlantico,9.9212086,-84.030715,327
angeles_atlantico,9.9213888,-84.0311536,328
angeles_atlantico,9.9214384,-84.0314327,329
angeles_atlantico,9.9214568,-84.0316943,330
angeles_atlantico,9.9214558,-84.0323249,331
angeles_atlantico,9.921466,-84.0328431,332
angeles_atlantico,9.9215253,-84.0331908,333
angeles_atlantico,9.921769,-84.0336197,334
angeles_atlantico,9.9221199,-84.0340096,335
angeles_atlantico,9.9228788,-84.0348031,336
angeles_atlantico,9.9229399,-84.034867,337
angeles_atlantico,9.9231428,-84.0350499,338
angeles_atlantico,9.9234597,-84.0353344,339
angeles_atlantico,9.9252818,-84.0371297,340
angeles_atlantico,9.9273253,-84.0391439,341
angeles_atlantico,9.9276345,-84.0394379,342
angeles_atlantico,9.9300262,-84.0417014,343
angeles_atlantico,9.9304082,-84.0418368,344
angeles_atlantico,9.9309168,-84.0419831,345
angeles_atlantico,9.9312972,-84.0421986,346
angeles_atlantico,9.93169,-84.0424946,347
angeles_atlantico,9.9319024,-84.0426701,348
angeles_atlantico,9.9321414,-84.0429751,349
angeles_atlantico,9.9323369,-84.043285,350
angeles_atlantico,9.9324705,-84.0435545,351
angeles_atlantico,9.9325526,-84.0438187,352
angeles_atlantico,9.9326027,-84.0439976,353
angeles_atlantico,9.9326307,-84.0444387,354
angeles_atlantico,9.932641,-84.0448184,355
angeles_atlantico,9.9326429,-84.0448899,356
angeles_atlantico,9.9326469,-84.0450655,357
angeles_atlantico,9.9326892,-84.045777,358
angeles_atlantico,9.9327383,-84.0467622,359
angeles_atlantico,9.9327561,-84.0469136,360
angeles_atlantico,9.9328589,-84.0477108,361
angeles_atlantico,9.9329369,-84.0481679,362
angeles_atlantico,9.9332136,-84.0493276,363
angeles_atlantico,9.9332674,-84.0495966,364
angeles_atlantico,9.9334745,-84.0503073,365
angeles_atlantico,9.9336837,-84.051054,366
angeles_atlantico,9.9339859,-84.0521666,367
angeles_atlantico,9.9340324,-84.0523175,368
angeles_atlantico,9.9340346,-84.05241899,369
angeles_atlantico,9.9341796,-84.0528887,370
angeles_atlantico,9.9344104,-84.0536339,371
angeles_atlantico,9.9344573,-84.0537972,372
angeles_atlantico,9.9349123,-84.0553234,373
angeles_atlantico,9.9349514,-84.0554471,374
angeles_atlantico,9.9349716,-84.0555179,375
angeles_atlantico,9.935085,-84.0559143,376
angeles_atlantico,9.9351827,-84.056271,377
angeles_atlantico,9.9352778,-84.0566251,378
angeles_atlantico,9.9353809,-84.0570515,379
angeles_atlantico,9.9354263,-84.0573417,380
angeles_atlantico,9.9354447,-84.0576149,381
angeles_atlantico,9.9354472,-84.0577088,382
angeles_atlantico,9.935449,-84.0578346,383
angeles_atlantico,9.9354493,-84.0578951,384
angeles_atlantico,9.935424,-84.0582103,385
angeles_atlantico,9.9353703,-84.0585294,386
angeles_atlantico,9.934974,-84.0599349,387
angeles_atlantico,9.9347494,-84.0607128,388
angeles_atlantico,9.9346013,-84.0612067,389
angeles_atlantico,9.9345539,-84.0613648,390
angeles_atlantico,9.9343135,-84.0621665,391
angeles_atlantico,9.9339051,-84.0635476,392
angeles_atlantico,9.93386,-84.0637196,393
angeles_atlantico,9.9336919,-84.0643327,394
angeles_atlantico,9.9335883,-84.0648111,395
angeles_atlantico,9.9335683,-84.0649459,396
angeles_atlantico,9.9335552,-84.0650526,397
angeles_atlantico,9.9335423,-84.0653349,398
angeles_atlantico,9.9335718,-84.0656888,399
angeles_atlantico,9.9336275,-84.0661287,400
angeles_atlantico,9.9336442,-84.066215,401
angeles_atlantico,9.9336536,-84.0662543,402
angeles_atlantico,9.9337832,-84.0666193,403
angeles_atlantico,9.9340078,-84.0670711,404
angeles_atlantico,9.9340801,-84.0672424,405
angeles_atlantico,9.9341662,-84.0674254,406
angeles_atlantico,9.9343165,-84.0677596,407
angeles_atlantico,9.9343972,-84.067946,408
angeles_atlantico,9.9347342,-84.0686116,409
angeles_atlantico,9.9347298,-84.068614,410
angeles_atlantico,9.9347849,-84.0687269,411
angeles_atlantico,9.9348741,-84.0689369,412
atlantico_alajuela,9.9348741,-84.0689369,0
atlantico_alajuela,9.9348801,-84.0689425,1
atlantico_alajuela,9.9348794,-84.0689488,2
atlantico_alajuela,9.934998,-84.0692169,3
atlantico_alajuela,9.9350004,-84.0692158,4
atlantico_alajuela,9.9350811,-84.0694177,5
atlantico_alajuela,9.9352055,-84.0697586,6
atlantico_alajuela,9.935412,-84.0702807,7
atlantico_alajuela,9.9355382,-84.0706013,8
atlantico_alajuela,9.9355726,-84.0706706,9
atlantico_alajuela,9.935657,-84.0708206,10
atlantico_alajuela,9.9357232,-84.0708946,11
atlantico_alajuela,9.9357955,-84.0709578,12
atlantico_alajuela,9.9359023,-84.0710408,13
atlantico_alajuela,9.9360274,-84.071121,14
atlantico_alajuela,9.9360964,-84.0711552,15
atlantico_alajuela,9.9361588,-84.0711793,16
atlantico_alajuela,9.9362484,-84.071214,17
atlantico_alajuela,9.9363145,-84.0712396,18
atlantico_alajuela,9.9364146,-84.0712741,19
atlantico_alajuela,9.9365213,-84.0713003,20
atlantico_alajuela,9.9365909,-84.0713123,21
atlantico_alajuela,9.9366569,-84.071319,22
atlantico_alajuela,9.9367661,-84.0713274,23
atlantico_alajuela,9.9368268,-84.0713281,24
atlantico_alajuela,9.9368683,-84.0713287,25
atlantico_alajuela,9.9369634,-84.0713229,26
atlantico_alajuela,9.9370595,-84.0713109,27
atlantico_alajuela,9.9371853,-84.0712699,28
atlantico_alajuela,9.9373571,-84.0712002,29
atlantico_alajuela,9.9375341,-84.0710849,30
atlantico_alajuela,9.9377861,-84.0709258,31
atlantico_alajuela,9.938185,-84.0706703,32
atlantico_alajuela,9.9385042,-84.0704572,33
atlantico_alajuela,9.939014,-84.0701113,34
atlantico_alajuela,9.9395146,-84.0697851,35
atlantico_alajuela,9.9400022,-84.0695967,36
atlantico_alajuela,9.9401405,-84.0695643,37
atlantico_alajuela,9.9402789,-84.069542,38
atlantico_alajuela,9.9403506,-84.0695387,39
atlantico_alajuela,9.9406373,-84.0695178,40
atlantico_alajuela,9.9409149,-84.0695186,41
atlantico_alajuela,9.9413881,-84.0695257,42
atlantico_alajuela,9.9416846,-84.0695319,43
atlantico_alajuela,9.942091,-84.069535,44
atlantico_alajuela,9.9423986,-84.0695514,45
atlantico_alajuela,9.9425046,-84.0695582,46
atlantico_alajuela,9.9426301,-84.0695793,47
atlantico_alajuela,9.9428555,-84.0696171,48
atlantico_alajuela,9.9430029,-84.0696418,49
atlantico_alajuela,9.9431503,-84.0696688,50
atlantico_alajuela,9.9432935,-84.0697142,51
atlantico_alajuela,9.9434626,-84.0698001,52
atlantico_alajuela,9.9436517,-84.0699144,53
atlantico_alajuela,9.9437767,-84.0700177,54
atlantico_alajuela,9.9439989,-84.070299,55
atlantico_alajuela,9.9442499,-84.0706101,56
atlantico_alajuela,9.9444673,-84.0708875,57
atlantico_alajuela,9.9447226,-84.0711887,58
atlantico_alajuela,9.9449365,-84.0714596,59
atlantico_alajuela,9.9451772,-84.0717715,60
atlantico_alajuela,9.9453678,-84.0719915,61
atlantico_alajuela,9.9455116,-84.0721975,62
atlantico_alajuela,9.9456862,-84.0724065,63
atlantico_alajuela,9.945944,-84.072759,64
atlantico_alajuela,9.9459928,-84.0728221,65
atlantico_alajuela,9.9460112,-84.0728059,66
atlantico_alajuela,9.9465374,-84.0735536,67
atlantico_alajuela,9.9469376,-84.0740713,68
atlantico_alajuela,9.9471308,-84.0743562,69
atlantico_alajuela,9.9473125,-84.0746527,70
atlantico_alajuela,9.9475056,-84.0751151,71
atlantico_alajuela,9.9476091,-84.075484,72
atlantico_alajuela,9.9477517,-84.0759043,73
atlantico_alajuela,9.9479147,-84.0762948,74
atlantico_alajuela,9.948016,-84.0764298,75
atlantico_alajuela,9.9481266,-84.0765604,76
atlantico_alajuela,9.9482876,-84.0766702,77
atlantico_alajuela,9.9486625,-84.0768523,78
atlantico_alajuela,9.9488465,-84.076948,79
atlantico_alajuela,9.9489592,-84.0770344,80
atlantico_alajuela,9.949042,-84.0771185,81
atlantico_alajuela,9.9491087,-84.0772049,82
atlantico_alajuela,9.9491962,-84.0773625,83
atlantico_alajuela,9.9492732,-84.0776168,84
atlantico_alajuela,9.9493594,-84.0784004,85
atlantico_alajuela,9.9494077,-84.0787086,86
atlantico_alajuela,9.9494813,-84.0789725,87
atlantico_alajuela,9.9496468,-84.0792807,88
atlantico_alajuela,9.9497871,-84.0794932,89
atlantico_alajuela,9.9499343,-84.0797337,90
atlantico_alajuela,9.9500746,-84.0799088,91
atlantico_alajuela,9.950185,-84.0800979,92
atlantico_alajuela,9.9502425,-84.0803011,93
atlantico_alajuela,9.9502586,-84.0804832,94
atlantico_alajuela,9.9502494,-84.080682,95
atlantico_alajuela,9.9502149,-84.0809782,96
atlantico_alajuela,9.9501022,-84.0817511,97
atlantico_alajuela,9.95007,-84.0820547,98
atlantico_alajuela,9.9500654,-84.0823582,99
atlantico_alajuela,9.9501321,-84.0827365,100
atlantico_alajuela,9.9502724,-84.0830634,101
atlantico_alajuela,9.9503989,-84.0832502,102
atlantico_alajuela,9.9505538,-84.0834022,103
atlantico_alajuela,9.9541497,-84.0857663,104
atlantico_alajuela,9.9547059,-84.0861228,105
atlantico_alajuela,9.9548351,-84.0861835,106
atlantico_alajuela,9.9549392,-84.0862465,107
atlantico_alajuela,9.9551575,-84.086401,108
atlantico_alajuela,9.9554726,-84.0866106,109
atlantico_alajuela,9.9555752,-84.0866788,110
atlantico_alajuela,9.9578283,-84.0881389,111
atlantico_alajuela,9.958879,-84.0887993,112
atlantico_alajuela,9.9599741,-84.0895209,113
atlantico_alajuela,9.9616526,-84.0906076,114
atlantico_alajuela,9.9621067,-84.0909123,115
atlantico_alajuela,9.9624647,-84.0910739,116
atlantico_alajuela,9.9625563,-84.0910861,117
atlantico_alajuela,9.9628906,-84.0910748,118
atlantico_alajuela,9.963219,-84.090977,119
atlantico_alajuela,9.9634493,-84.0907677,120
atlantico_alajuela,9.963636,-84.0902862,121
atlantico_alajuela,9.9638669,-84.0899511,122
atlantico_alajuela,9.964202,-84.0897501,123
atlantico_alajuela,9.9646934,-84.0897352,124
atlantico_alajuela,9.9651328,-84.0898096,125
atlantico_alajuela,9.9655498,-84.0899586,126
atlantico_alajuela,9.9663838,-84.0902639,127
atlantico_alajuela,9.9666795,-84.0904702,128
atlantico_alajuela,9.9668201,-84.0907639,129
atlantico_alajuela,9.9668381,-84.0911277,130
atlantico_alajuela,9.9667371,-84.0915702,131
atlantico_alajuela,9.9667561,-84.0920585,132
atlantico_alajuela,9.9669361,-84.092532,133
atlantico_alajuela,9.967195,-84.0928496,134
atlantico_alajuela,9.9689718,-84.0947839,135
atlantico_alajuela,9.9693772,-84.0952306,136
atlantico_alajuela,9.9696621,-84.095552,137
atlantico_alajuela,9.9709037,-84.0968391,138
atlantico_alajuela,9.971351,-84.0973432,139
atlantico_alajuela,9.9719462,-84.098023,140
atlantico_alajuela,9.9721402,-84.0982397,141
atlantico_alajuela,9.9724809,-84.0986159,142
atlantico_alajuela,9.9729738,-84.0991475,143
atlantico_alajuela,9.9734728,-84.099624,144
atlantico_alajuela,9.974061,-84.0999219,145
atlantico_alajuela,9.9743317,-84.1000102,146
atlantico_alajuela,9.974934,-84.100166,147
atlantico_alajuela,9.9752706,-84.1002575,148
atlantico_alajuela,9.9759971,-84.1004506,149
atlantico_alajuela,9.9764662,-84.1006516,150
atlantico_alajuela,9.9768907,-84.1009346,151
atlantico_alajuela,9.9773002,-84.1013367,152
atlantico_alajuela,9.9779544,-84.1020166,153
atlantico_alajuela,9.9781417,-84.1021781,154
atlantico_alajuela,9.9798045,-84.1034064,155
atlantico_alajuela,9.9827004,-84.1055626,156
atlantico_alajuela,9.9828911,-84.1057018,157
atlantico_alajuela,9.9843436,-84.1067613,158
atlantico_alajuela,9.9857048,-84.1077508,159
atlantico_alajuela,9.9869738,-84.108677,160
atlantico_alajuela,9.9874515,-84.1090156,161
atlantico_alajuela,9.98963,-84.1106426,162
atlantico_alajuela,9.9900494,-84.1109143,163
atlantico_alajuela,9.9905784,-84.1111621,164
atlantico_alajuela,9.9908846,-84.1112698,165
atlantico_alajuela,9.9910999,-84.1113456,166
atlantico_alajuela,9.9916039,-84.1115498,167
atlantico_alajuela,9.991744,-84.1116007,168
atlantico_alajuela,9.9919342,-84.1116738,169
atlantico_alajuela,9.9934746,-84.1122267,170
atlantico_alajuela,9.9937622,-84.1123789,171
atlantico_alajuela,9.9938449,-84.1124476,172
atlantico_alajuela,9.9939337,-84.1125424,173
atlantico_alajuela,9.9940166,-84.1126614,174
atlantico_alajuela,9.994133,-84.1128775,175
atlantico_alajuela,9.9941595,-84.112975,176
atlantico_alajuela,9.9941796,-84.1132916,177
atlantico_alajuela,9.9941433,-84.1134865,178
atlantico_alajuela,9.9940545,-84.1137678,179
atlantico_alajuela,9.993987,-84.1140367,180
atlantico_alajuela,9.9939685,-84.1142225,181
atlantico_alajuela,9.9939789,-84.114399,182
atlantico_alajuela,9.9940138,-84.1145987,183
atlantico_alajuela,9.99407,-84.1147968,184
atlantico_alajuela,9.9941559,-84.1150124,185
atlantico_alajuela,9.9944768,-84.115744,186
atlantico_alajuela,9.9945003,-84.1158126,187
atlantico_alajuela,9.9945191,-84.1158752,188
atlantico_alajuela,9.9945473,-84.1159633,189
atlantico_alajuela,9.9945773,-84.1161345,190
atlantico_alajuela,9.9946381,-84.1166941,191
atlantico_alajuela,9.9946617,-84.1166939,192
atlantico_alajuela,9.9946758,-84.1170597,193
atlantico_alajuela,9.9947002,-84.1170613,194
atlantico_alajuela,9.9947243,-84.11753,195
atlantico_alajuela,9.9947416,-84.11753,196
atlantico_alajuela,9.9947539,-84.1176211,197
atlantico_alajuela,9.9947672,-84.1179222,198
atlantico_alajuela,9.9948131,-84.1184294,199
atlantico_alajuela,9.9949,-84.1192648,200
atlantico_alajuela,9.994932,-84.1195995,201
atlantico_alajuela,9.9949856,-84.1201028,202
atlantico_alajuela,9.9950636,-84.1209372,203
atlantico_alajuela,9.9951274,-84.1217827,204
atlantico_alajuela,9.9952092,-84.1226357,205
atlantico_alajuela,9.9952614,-84.1235146,206
atlantico_alajuela,9.995248,-84.1235857,207
atlantico_alajuela,9.9952002,-84.1238297,208
atlantico_alajuela,9.9951376,-84.1241333,209
atlantico_alajuela,9.9950929,-84.1243538,210
atlantico_alajuela,9.9950252,-84.1245912,211
atlantico_alajuela,9.9949665,-84.1247819,212
atlantico_alajuela,9.9949037,-84.1250978,213
atlantico_alajuela,9.9949059,-84.1251508,214
atlantico_alajuela,9.9949482,-84.1255241,215
atlantico_alajuela,9.9949873,-84.1262198,216
atlantico_alajuela,9.9950004,-84.1265129,217
atlantico_alajuela,9.9950057,-84.1267504,218
atlantico_alajuela,9.9950029,-84.1270043,219
atlantico_alajuela,9.9949934,-84.1271401,220
atlantico_alajuela,9.9949506,-84.1273669,221
atlantico_alajuela,9.9948657,-84.1276759,222
atlantico_alajuela,9.9948187,-84.1278713,223
atlantico_alajuela,9.994768,-84.1280626,224
atlantico_alajuela,9.9947268,-84.1282765,225
atlantico_alajuela,9.9947131,-84.1284793,226
atlantico_alajuela,9.9947182,-84.1286435,227
atlantico_alajuela,9.9947417,-84.1288291,228
atlantico_alajuela,9.9947569,-84.1290284,229
atlantico_alajuela,9.9947844,-84.1292036,230
atlantico_alajuela,9.9947939,-84.1292685,231
atlantico_alajuela,9.9948665,-84.1295394,232
atlantico_alajuela,9.9949669,-84.1299149,233
atlantico_alajuela,9.9950171,-84.1300878,234
atlantico_alajuela,9.995136,-84.1303964,235
atlantico_alajuela,9.9952879,-84.1307262,236
atlantico_alajuela,9.9954046,-84.1309419,237
atlantico_alajuela,9.995556,-84.1312224,238
atlantico_alajuela,9.9957462,-84.1315577,239
atlantico_alajuela,9.9960183,-84.1320297,240
atlantico_alajuela,9.9961543,-84.1322605,241
atlantico_alajuela,9.9962644,-84.1324673,242
atlantico_alajuela,9.9964184,-84.1327647,243
atlantico_alajuela,9.9970355,-84.1338166,244
atlantico_alajuela,9.9984126,-84.1362476,245
atlantico_alajuela,9.9986136,-84.1366644,246
atlantico_alajuela,9.998694,-84.136872,247
atlantico_alajuela,9.9987902,-84.1371953,248
atlantico_alajuela,9.998888,-84.1375588,249
atlantico_alajuela,9.9989643,-84.1378557,250
atlantico_alajuela,9.9990398,-84.1383784,251
atlantico_alajuela,9.9991247,-84.138896,252
atlantico_alajuela,9.9991793,-84.1392103,253
atlantico_alajuela,9.9992704,-84.1397094,254
atlantico_alajuela,9.9993796,-84.1404858,255
atlantico_alajuela,9.9994706,-84.1411205,256
atlantico_alajuela,9.9995462,-84.141674,257
atlantico_alajuela,9.9995687,-84.1418645,258
atlantico_alajuela,9.9996476,-84.142265,259
atlantico_alajuela,9.9997265,-84.1426471,260
atlantico_alajuela,9.999863,-84.1430568,261
atlantico_alajuela,10.0000057,-84.1433711,262
atlantico_alajuela,10.0002363,-84.143787,263
atlantico_alajuela,10.0004365,-84.1440797,264
atlantico_alajuela,10.0007763,-84.1444464,265
atlantico_alajuela,10.0010828,-84.1447514,266
atlantico_alajuela,10.0013104,-84.1449794,267
atlantico_alajuela,10.0014348,-84.1450934,268
atlantico_alajuela,10.0016138,-84.1452814,269
atlantico_alajuela,10.001805,-84.1455309,270
atlantico_alajuela,10.0018929,-84.1457065,271
atlantico_alajuela,10.0019688,-84.1458883,272
atlantico_alajuela,10.0020606,-84.1462938,273
atlantico_alajuela,10.0021382,-84.1466689,274
atlantico_alajuela,10.0022071,-84.1469611,275
atlantico_alajuela,10.0022706,-84.1472918,276
atlantico_alajuela,10.0023264,-84.1475891,277
atlantico_alajuela,10.0024715,-84.1483988,278
atlantico_alajuela,10.0027659,-84.1501601,279
atlantico_alajuela,10.0029147,-84.1510496,280
atlantico_alajuela,10.0030793,-84.1519319,281
atlantico_alajuela,10.0031446,-84.1522019,282
atlantico_alajuela,10.0031863,-84.1521938,283
atlantico_alajuela,10.0031651,-84.1524174,284
atlantico_alajuela,10.0032136,-84.1526106,285
atlantico_alajuela,10.0032568,-84.1526009,286
atlantico_alajuela,10.0032359,-84.1528184,287
atlantico_alajuela,10.0033999,-84.1537087,288
atlantico_alajuela,10.0035223,-84.1543675,289
atlantico_alajuela,10.0036298,-84.1549649,290
atlantico_alajuela,10.0037476,-84.1556153,291
atlantico_alajuela,10.0038606,-84.1561303,292
atlantico_alajuela,10.0043205,-84.1588902,293
atlantico_alajuela,10.0044999,-84.160025,294
atlantico_alajuela,10.0045847,-84.1608458,295
atlantico_alajuela,10.0046815,-84.1617476,296
atlantico_alajuela,10.0047859,-84.1626638,297
atlantico_alajuela,10.004854,-84.1633265,298
atlantico_alajuela,10.004906,-84.1638835,299
atlantico_alajuela,10.0049281,-84.1643957,300
atlantico_alajuela,10.0049509,-84.1648502,301
atlantico_alajuela,10.0050803,-84.1661725,302
atlantico_alajuela,10.0051569,-84.166894,303
atlantico_alajuela,10.0051992,-84.167342,304
atlantico_alajuela,10.0052457,-84.1679224,305
atlantico_alajuela,10.0052624,-84.1681757,306
atlantico_alajuela,10.0052705,-84.1683612,307
atlantico_alajuela,10.0052507,-84.1685293,308
atlantico_alajuela,10.0051564,-84.168766,309
atlantico_alajuela,10.0049744,-84.1689996,310
atlantico_alajuela,10.0048448,-84.1691034,311
atlantico_alajuela,10.0046793,-84.1691922,312
atlantico_alajuela,10.0045196,-84.1692484,313
atlantico_alajuela,10.0043798,-84.1692744,314
atlantico_alajuela,10.0040523,-84.1693173,315
atlantico_alajuela,10.0036285,-84.1693637,316
atlantico_alajuela,10.0035588,-84.1693801,317
atlantico_alajuela,10.0034546,-84.1694148,318
atlantico_alajuela,10.0033669,-84.1694736,319
atlantico_alajuela,10.0032038,-84.1696473,320
atlantico_alajuela,10.0030526,-84.1698762,321
atlantico_alajuela,10.0028811,-84.1702651,322
atlantico_alajuela,10.0026649,-84.1708127,323
atlantico_alajuela,10.00232,-84.1717747,324
atlantico_alajuela,10.0020578,-84.1725639,325
atlantico_alajuela,10.0018141,-84.1732924,326
atlantico_alajuela,10.0018095,-84.1735399,327
atlantico_alajuela,10.0018693,-84.1738622,328
atlantico_alajuela,10.0019428,-84.174091,329
atlantico_alajuela,10.0021682,-84.1744926,330
atlantico_alajuela,10.0023175,-84.1747393,331
atlantico_alajuela,10.0023933,-84.1748491,332
atlantico_alajuela,10.0025552,-84.1750558,333
atlantico_alajuela,10.0027296,-84.1753401,334
atlantico_alajuela,10.0029743,-84.1759737,335
atlantico_alajuela,10.0030638,-84.1763083,336
atlantico_alajuela,10.0031028,-84.1764834,337
atlantico_alajuela,10.0031364,-84.1766168,338
atlantico_alajuela,10.003158,-84.1768056,339
atlantico_alajuela,10.0031718,-84.1769924,340
atlantico_alajuela,10.0032063,-84.1773894,341
atlantico_alajuela,10.003181,-84.177791,342
atlantico_alajuela,10.0031465,-84.1780105,343
atlantico_alajuela,10.0030891,-84.178237,344
atlantico_alajuela,10.0029028,-84.1788628,345
atlantico_alajuela,10.0026728,-84.1796356,346
atlantico_alajuela,10.0024383,-84.1805089,347
atlantico_alajuela,10.0023003,-84.181123,348
atlantico_alajuela,10.0022474,-84.1814499,349
atlantico_alajuela,10.0022083,-84.1818749,350
atlantico_alajuela,10.0021876,-84.1821971,351
atlantico_alajuela,10.0022083,-84.1824984,352
atlantico_alajuela,10.0022543,-84.1827692,353
atlantico_alajuela,10.0023008,-84.1829903,354
atlantico_alajuela,10.0024659,-84.1834627,355
atlantico_alajuela,10.0025422,-84.1836739,356
atlantico_alajuela,10.0025188,-84.1836869,357
atlantico_alajuela,10.0026085,-84.1838573,358
atlantico_alajuela,10.0028264,-84.184487,359
atlantico_alajuela,10.0030624,-84.1851463,360
atlantico_alajuela,10.0031693,-84.1854229,361
atlantico_alajuela,10.0032608,-84.1856133,362
atlantico_alajuela,10.003368,-84.1858548,363
atlantico_alajuela,10.0034596,-84.1861214,364
atlantico_alajuela,10.0035703,-84.1864087,365
atlantico_alajuela,10.0036899,-84.186745,366
atlantico_alajuela,10.0037313,-84.1869364,367
atlantico_alajuela,10.0037221,-84.1871139,368
atlantico_alajuela,10.0036991,-84.18731,369
atlantico_alajuela,10.0035754,-84.1877416,370
atlantico_alajuela,10.0034876,-84.1879732,371
atlantico_alajuela,10.003322,-84.1884355,372
atlantico_alajuela,10.0030506,-84.1891407,373
atlantico_alajuela,10.0028292,-84.1897018,374
atlantico_alajuela,10.0024206,-84.1907378,375
atlantico_alajuela,10.0017682,-84.1925342,376
atlantico_alajuela,10.001602,-84.1929374,377
atlantico_alajuela,10.0015208,-84.19323,378
atlantico_alajuela,10.0014686,-84.1935024,379
atlantico_alajuela,10.001441,-84.1939508,380
atlantico_alajuela,10.0014529,-84.1942797,381
atlantico_alajuela,10.0014738,-84.1945074,382
atlantico_alajuela,10.0014972,-84.1947364,383
atlantico_alajuela,10.001501,-84.1947811,384
atlantico_alajuela,10.0015085,-84.1948362,385
atlantico_alajuela,10.0015234,-84.1949303,386
atlantico_alajuela,10.0015525,-84.1951109,387
atlantico_alajuela,10.0015744,-84.1952567,388
atlantico_alajuela,10.0017017,-84.1959789,389
atlantico_alajuela,10.0017504,-84.1962763,390
atlantico_alajuela,10.0017892,-84.1965244,391
atlantico_alajuela,10.0018276,-84.1967962,392
atlantico_alajuela,10.0020392,-84.1974693,393
atlantico_alajuela,10.0026007,-84.1985836,394
atlantico_alajuela,10.0028375,-84.19888,395
atlantico_alajuela,10.0031358,-84.1990348,396
atlantico_alajuela,10.0032785,-84.1990743,397
atlantico_alajuela,10.0034374,-84.1990644,398
atlantico_alajuela,10.0044266,-84.198745,399
atlantico_alajuela,10.0049297,-84.1986791,400
atlantico_alajuela,10.0051762,-84.1986265,401
atlantico_alajuela,10.0054001,-84.198632,402
atlantico_alajuela,10.0056596,-84.1987901,403
atlantico_alajuela,10.0057666,-84.1988987,404
atlantico_alajuela,10.0058509,-84.1990206,405
atlantico_alajuela,10.0059352,-84.1992478,406
atlantico_alajuela,10.0059352,-84.1994816,407
atlantico_alajuela,10.0059028,-84.1997319,408
atlantico_alajuela,10.0056919,-84.2009406,409
atlantico_alajuela,10.0055589,-84.2016388,410
atlantico_alajuela,10.0055103,-84.2017778,411
atlantico_alajuela,10.0054292,-84.2019425,412
atlantico_alajuela,10.0053708,-84.2020347,413
atlantico_alajuela,10.0052411,-84.2021894,414
atlantico_alajuela,10.0050134,-84.2024936,415
atlantico_alajuela,10.0048934,-84.2026484,416
atlantico_alajuela,10.0048026,-84.2028098,417
atlantico_alajuela,10.0047507,-84.2029514,418
atlantico_alajuela,10.0047053,-84.2031466,419
atlantico_alajuela,10.0046696,-84.2034825,420
atlantico_alajuela,10.0046955,-84.203858,421
atlantico_alajuela,10.0047734,-84.2041708,422
atlantico_alajuela,10.0049031,-84.2044902,423
atlantico_alajuela,10.0051139,-84.2047735,424
atlantico_alajuela,10.0053734,-84.2050204,425
atlantico_alajuela,10.0059928,-84.2055276,426
atlantico_alajuela,10.0069106,-84.2063106,427
atlantico_alajuela,10.0074213,-84.2067506,428
atlantico_alajuela,10.007863,-84.2071574,429
atlantico_alajuela,10.0081516,-84.2073945,430
atlantico_alajuela,10.0082854,-84.2075769,431
atlantico_alajuela,10.0084962,-84.208061,432
atlantico_alajuela,10.0085351,-84.2083113,433
atlantico_alajuela,10.0085318,-84.2092959,434
atlantico_angeles,9.9348741,-84.0689369,0
atlantico_angeles,9.9347849,-84.0687269,1
atlantico_angeles,9.9347298,-84.068614,2
atlantico_angeles,9.9347342,-84.0686116,3
atlantico_angeles,9.9343972,-84.067946,4
atlantico_angeles,9.9343165,-84.0677596,5
atlantico_angeles,9.9341662,-84.0674254,6
atlantico_angeles,9.9340801,-84.0672424,7
atlantico_angeles,9.9340078,-84.0670711,8
atlantico_angeles,9.9337832,-84.0666193,9
atlantico_angeles,9.9336536,-84.0662543,10
atlantico_angeles,9.9336442,-84.066215,11
atlantico_angeles,9.9336275,-84.0661287,12
atlantico_angeles,9.9335718,-84.0656888,13
atlantico_angeles,9.9335423,-84.0653349,14
atlantico_angeles,9.9335552,-84.0650526,15
atlantico_angeles,9.9335683,-84.0649459,16
atlantico_angeles,9.9335883,-84.0648111,17
atlantico_angeles,9.9336919,-84.0643327,18
atlantico_angeles,9.93386,-84.0637196,19
atlantico_angeles,9.9339051,-84.0635476,20
atlantico_angeles,9.9343135,-84.0621665,21
atlantico_angeles,9.9345539,-84.0613648,22
atlantico_angeles,9.9346013,-84.0612067,23
atlantico_angeles,9.9347494,-84.0607128,24
atlantico_angeles,9.934974,-84.0599349,25
atlantico_angeles,9.9353703,-84.0585294,26
atlantico_angeles,9.935424,-84.0582103,27
atlantico_angeles,9.9354493,-84.0578951,28
atlantico_angeles,9.935449,-84.0578346,29
atlantico_angeles,9.9354472,-84.0577088,30
atlantico_angeles,9.9354447,-84.0576149,31
atlantico_angeles,9.9354263,-84.0573417,32
atlantico_angeles,9.9353809,-84.0570515,33
atlantico_angeles,9.9352778,-84.0566251,34
atlantico_angeles,9.9351827,-84.056271,35
atlantico_angeles,9.935085,-84.0559143,36
atlantico_angeles,9.9349716,-84.0555179,37
atlantico_angeles,9.9349514,-84.0554471,38
atlantico_angeles,9.9349123,-84.0553234,39
atlantico_angeles,9.9344573,-84.0537972,40
atlantico_angeles,9.9344104,-84.0536339,41
atlantico_angeles,9.9341796,-84.0528887,42
atlantico_angeles,9.9340346,-84.05241899,43
atlantico_angeles,9.9340324,-84.0523175,44
atlantico_angeles,9.9339859,-84.0521666,45
atlantico_angeles,9.9336837,-84.051054,46
atlantico_angeles,9.9334745,-84.0503073,47
atlantico_angeles,9.9332674,-84.0495966,48
atlantico_angeles,9.9332136,-84.0493276,49
atlantico_angeles,9.9329369,-84.0481679,50
atlantico_angeles,9.9328589,-84.0477108,51
atlantico_angeles,9.9327561,-84.0469136,52
atlantico_angeles,9.9327383,-84.0467622,53
atlantico_angeles,9.9326892,-84.045777,54
atlantico_angeles,9.9326469,-84.0450655,55
atlantico_angeles,9.9326429,-84.0448899,56
atlantico_angeles,9.932641,-84.0448184,57
atlantico_angeles,9.9326307,-84.0444387,58
atlantico_angeles,9.9326027,-84.0439976,59
atlantico_angeles,9.9325526,-84.0438187,60
atlantico_angeles,9.9324705,-84.0435545,61
atlantico_angeles,9.9323369,-84.043285,62
atlantico_angeles,9.9321414,-84.0429751,63
atlantico_angeles,9.9319024,-84.0426701,64
atlantico_angeles,9.93169,-84.0424946,65
atlantico_angeles,9.9312972,-84.0421986,66
atlantico_angeles,9.9309168,-84.0419831,67
atlantico_angeles,9.9304082,-84.0418368,68
atlantico_angeles,9.9300262,-84.0417014,69
atlantico_angeles,9.9276345,-84.0394379,70
atlantico_angeles,9.9273253,-84.0391439,71
atlantico_angeles,9.9252818,-84.0371297,72
atlantico_angeles,9.9234597,-84.0353344,73
atlantico_angeles,9.9231428,-84.0350499,74
atlantico_angeles,9.9229399,-84.034867,75
atlantico_angeles,9.9228788,-84.0348031,76
atlantico_angeles,9.9221199,-84.0340096,77
atlantico_angeles,9.921769,-84.0336197,78
atlantico_angeles,9.9215253,-84.0331908,79
atlantico_angeles,9.921466,-84.0328431,80
atlantico_angeles,9.9214558,-84.0323249,81
atlantico_angeles,9.9214568,-84.0316943,82
atlantico_angeles,9.9214384,-84.0314327,83
atlantico_angeles,9.9213888,-84.0311536,84
atlantico_angeles,9.9212086,-84.030715,85
atlantico_angeles,9.9208873,-84.0301829,86
atlantico_angeles,9.9200446,-84.0287662,87
atlantico_angeles,9.9197579,-84.0282919,88
atlantico_angeles,9.919603,-84.0279349,89
atlantico_angeles,9.9195202,-84.0275707,90
atlantico_angeles,9.9195248,-84.0272484,91
atlantico_angeles,9.91958,-84.0268235,92
atlantico_angeles,9.9197364,-84.0259735,93
atlantico_angeles,9.9198192,-84.0255766,94
atlantico_angeles,9.9198192,-84.0251423,95
atlantico_angeles,9.9197594,-84.0247733,96
atlantico_angeles,9.9196352,-84.0244604,97
atlantico_angeles,9.9193069,-84.0238997,98
atlantico_angeles,9.9192772,-84.0238499,99
atlantico_angeles,9.9190639,-84.023492,100
atlantico_angeles,9.9186834,-84.0228107,101
atlantico_angeles,9.9185538,-84.0223466,102
atlantico_angeles,9.918427,-84.0220547,103
atlantico_angeles,9.9182072,-84.0216427,104
atlantico_angeles,9.9177337,-84.0210848,105
atlantico_angeles,9.9174936,-84.0208473,106
atlantico_angeles,9.9170742,-84.0204325,107
atlantico_angeles,9.9168629,-84.0200463,108
atlantico_angeles,9.9167783,-84.019497,109
atlantico_angeles,9.9168544,-84.0190678,110
atlantico_angeles,9.9169981,-84.0185958,111
atlantico_angeles,9.917013,-84.0184234,112
atlantico_angeles,9.9170051,-84.0182617,113
atlantico_angeles,9.9169802,-84.0181155,114
atlantico_angeles,9.9169387,-84.017991,115
atlantico_angeles,9.9168377,-84.0177986,116
atlantico_angeles,9.9166796,-84.0175785,117
atlantico_angeles,9.9165551,-84.017423,118
atlantico_angeles,9.9164094,-84.0172445,119
atlantico_angeles,9.9160715,-84.0168981,120
atlantico_angeles,9.9156664,-84.0165045,121
atlantico_angeles,9.9155505,-84.016374,122
atlantico_angeles,9.9151089,-84.0158445,123
atlantico_angeles,9.9150049,-84.0156556,124
atlantico_angeles,9.9148455,-84.0151757,125
atlantico_angeles,9.9147936,-84.0147246,126
atlantico_angeles,9.9148337,-84.0141068,127
atlantico_angeles,9.9148197,-84.0138516,128
atlantico_angeles,9.9147876,-84.0136411,129
atlantico_angeles,9.9147103,-84.0133958,130
atlantico_angeles,9.914611,-84.0131525,131
atlantico_angeles,9.9144665,-84.0129186,132
atlantico_angeles,9.9142739,-84.0127051,133
atlantico_angeles,9.9136077,-84.0121654,134
atlantico_angeles,9.9132405,-84.0118843,135
atlantico_angeles,9.9128539,-84.0115461,136
atlantico_angeles,9.9124494,-84.0110083,137
atlantico_angeles,9.9116124,-84.0098582,138
atlantico_angeles,9.9108768,-84.0088368,139
atlantico_angeles,9.9106631,-84.0085133,140
atlantico_angeles,9.9104576,-84.0081755,141
atlantico_angeles,9.9103313,-84.007886,142
atlantico_angeles,9.9102602,-84.0075614,143
atlantico_angeles,9.9102187,-84.0071593,144
atlantico_angeles,9.9102115,-84.0068953,145
atlantico_angeles,9.9102227,-84.0066221,146
atlantico_angeles,9.9102815,-84.0063048,147
atlantico_angeles,9.9104173,-84.0059506,148
atlantico_angeles,9.9105714,-84.005587,149
atlantico_angeles,9.9110028,-84.0046627,150
atlantico_angeles,9.911135,-84.004366,151
atlantico_angeles,9.9112194,-84.0040823,152
atlantico_angeles,9.9112602,-84.0038849,153
atlantico_angeles,9.9113324,-84.0030914,154
atlantico_angeles,9.9113672,-84.0017472,155
atlantico_angeles,9.911494,-84.0005026,156
atlantico_angeles,9.9118914,-83.9995413,157
atlantico_angeles,9.9120351,-83.9990435,158
atlantico_angeles,9.9120605,-83.998314,159
atlantico_angeles,9.9118745,-83.9977217,160
atlantico_angeles,9.9114433,-83.9962283,161
atlantico_angeles,9.9114421,-83.9960366,162
atlantico_angeles,9.9114348,-83.9949236,163
atlantico_angeles,9.9115194,-83.9930611,164
atlantico_angeles,9.9114517,-83.9926921,165
atlantico_angeles,9.9112657,-83.9923573,166
atlantico_angeles,9.9106908,-83.9914389,167
atlantico_angeles,9.9104033,-83.9907008,168
atlantico_angeles,9.9103103,-83.9901085,169
atlantico_angeles,9.9101835,-83.9894734,170
atlantico_angeles,9.9102375,-83.9886537,171
atlantico_angeles,9.9102818,-83.9881061,172
atlantico_angeles,9.910283,-83.9880941,173
atlantico_angeles,9.9103088,-83.9878401,174
atlantico_angeles,9.9103557,-83.9875411,175
atlantico_angeles,9.9104425,-83.9872009,176
atlantico_angeles,9.9105077,-83.9869691,177
atlantico_angeles,9.9105739,-83.9868888,178
atlantico_angeles,9.9105927,-83.9867094,179
atlantico_angeles,9.9107363,-83.986272,180
atlantico_angeles,9.9110254,-83.9856559,181
atlantico_angeles,9.9112132,-83.9853218,182
atlantico_angeles,9.911424,-83.9850303,183
atlantico_angeles,9.9116173,-83.9847465,184
atlantico_angeles,9.9117494,-83.9845856,185
atlantico_angeles,9.9120629,-83.9841412,186
atlantico_angeles,9.9121112,-83.984048,187
atlantico_angeles,9.9121579,-83.9839577,188
atlantico_angeles,9.9123817,-83.9834759,189
atlantico_angeles,9.9125147,-83.9830433,190
atlantico_angeles,9.9125593,-83.982667,191
atlantico_angeles,9.9126608,-83.9818516,192
atlantico_angeles,9.9126733,-83.981799,193
atlantico_angeles,9.9128358,-83.9811159,194
atlantico_angeles,9.9129918,-83.9807244,195
atlantico_angeles,9.9131404,-83.9804895,196
atlantico_angeles,9.9135416,-83.9800144,197
atlantico_angeles,9.9138555,-83.9794913,198
atlantico_angeles,9.9142724,-83.9784779,199
atlantico_angeles,9.9144615,-83.9780471,200
atlantico_angeles,9.9145547,-83.9778348,201
atlantico_angeles,9.9146124,-83.97765,202
atlantico_angeles,9.9146264,-83.9776051,203
atlantico_angeles,9.9147745,-83.9771309,204
atlantico_angeles,9.914775,-83.9769586,205
atlantico_angeles,9.9147533,-83.9763347,206
atlantico_angeles,9.9145129,-83.9752925,207
atlantico_angeles,9.9143552,-83.9745486,208
atlantico_angeles,9.9143314,-83.9743913,209
atlantico_angeles,9.9141742,-83.9738265,210
atlantico_angeles,9.9139882,-83.9733372,211
atlantico_angeles,9.9134668,-83.972519,212
atlantico_angeles,9.9132949,-83.9723158,213
atlantico_angeles,9.9129567,-83.9718867,214
atlantico_angeles,9.9126354,-83.9714833,215
atlantico_angeles,9.9120098,-83.9704276,216
atlantico_angeles,9.9119313,-83.9700454,217
atlantico_angeles,9.911917,-83.9698783,218
atlantico_angeles,9.9118892,-83.9695849,219
atlantico_angeles,9.9118917,-83.9690973,220
atlantico_angeles,9.9119486,-83.9680997,221
atlantico_angeles,9.9114408,-83.9664944,222
atlantico_angeles,9.9111746,-83.9653884,223
atlantico_angeles,9.9109849,-83.9647914,224
atlantico_angeles,9.9105146,-83.9643164,225
atlantico_angeles,9.9099355,-83.9636878,226
atlantico_angeles,9.9095014,-83.962974,227
atlantico_angeles,9.9093618,-83.9627998,228
atlantico_angeles,9.9089043,-83.9622286,229
atlantico_angeles,9.9084646,-83.9614304,230
atlantico_angeles,9.9079742,-83.9602888,231
atlantico_angeles,9.9075111,-83.9591067,232
atlantico_angeles,9.9072681,-83.9585498,233
atlantico_angeles,9.9068461,-83.9580941,234
atlantico_angeles,9.9064042,-83.9577942,235
atlantico_angeles,9.9060192,-83.9576818,236
atlantico_angeles,9.9056104,-83.9575944,237
atlantico_angeles,9.9051114,-83.957465,238
atlantico_angeles,9.9044655,-83.9570587,239
atlantico_angeles,9.9039804,-83.9565592,240
atlantico_angeles,9.9036005,-83.955898,241
atlantico_angeles,9.9033441,-83.9552775,242
atlantico_angeles,9.9031789,-83.9547239,243
atlantico_angeles,9.9029618,-83.9543334,244
atlantico_angeles,9.9029474,-83.9543088,245
atlantico_angeles,9.9024239,-83.9535909,246
atlantico_angeles,9.9020322,-83.9528499,247
atlantico_angeles,9.9018802,-83.9523534,248
atlantico_angeles,9.9018114,-83.9518453,249
atlantico_angeles,9.9017796,-83.9509529,250
atlantico_angeles,9.9017055,-83.9497632,251
atlantico_angeles,9.901658,-83.9491052,252
atlantico_angeles,9.9016539,-83.9490483,253
atlantico_angeles,9.9015634,-83.9477961,254
atlantico_angeles,9.9015032,-83.9475375,255
atlantico_angeles,9.9013584,-83.9470426,256
atlantico_angeles,9.9012105,-83.9466939,257
atlantico_angeles,9.9008723,-83.9462272,258
atlantico_angeles,9.9005552,-83.9458624,259
atlantico_angeles,9.9002804,-83.9455942,260
atlantico_angeles,9.9000109,-83.9454118,261
atlantico_angeles,9.8994296,-83.9451382,262
atlantico_angeles,9.8985946,-83.9446125,263
atlantico_angeles,9.8979552,-83.9441941,264
atlantico_angeles,9.8975684,-83.9439441,265
atlantico_angeles,9.8973096,-83.9437981,266
atlantico_angeles,9.8970969,-83.9437001,267
atlantico_angeles,9.8966975,-83.9435396,268
atlantico_angeles,9.8961998,-83.9432944,269
atlantico_angeles,9.8956771,-83.9430999,270
atlantico_angeles,9.895297,-83.9429549,271
atlantico_angeles,9.8950159,-83.9428336,272
atlantico_angeles,9.8944673,-83.9424238,273
atlantico_angeles,9.894144,-83.9421506,274
atlantico_angeles,9.893458,-83.9415709,275
atlantico_angeles,9.8931673,-83.9413509,276
atlantico_angeles,9.8927023,-83.9409861,277
atlantico_angeles,9.8923058,-83.9405906,278
atlantico_angeles,9.8919984,-83.9401783,279
atlantico_angeles,9.8917563,-83.9397899,280
atlantico_angeles,9.8916136,-83.9395109,281
atlantico_angeles,9.8915079,-83.9392051,282
atlantico_angeles,9.8914234,-83.9388618,283
atlantico_angeles,9.8913917,-83.938658,284
atlantico_angeles,9.8913864,-83.9384219,285
atlantico_angeles,9.8914181,-83.9381323,286
atlantico_angeles,9.891434,-83.9379767,287
atlantico_angeles,9.8914974,-83.9377836,288
atlantico_angeles,9.8915185,-83.9376709,289
atlantico_angeles,9.8915449,-83.9375529,290
atlantico_angeles,9.8915766,-83.9374027,291
atlantico_angeles,9.8916242,-83.9372525,292
atlantico_angeles,9.8916823,-83.937113,293
atlantico_angeles,9.8917193,-83.936936,294
atlantico_angeles,9.8917827,-83.9367643,295
atlantico_angeles,9.8918409,-83.9365498,296
atlantico_angeles,9.891862,-83.9363781,297
atlantico_angeles,9.891899,-83.9362064,298
atlantico_angeles,9.8919307,-83.9360509,299
atlantico_angeles,9.8919466,-83.935965,300
atlantico_angeles,9.8919783,-83.9357719,301
atlantico_angeles,9.8919941,-83.9355949,302
atlantico_angeles,9.8919888,-83.9354501,303
atlantico_angeles,9.8919149,-83.935273,304
atlantico_angeles,9.8918567,-83.9351604,305
atlantico_angeles,9.8917193,-83.9349994,306
atlantico_angeles,9.8916612,-83.9348975,307
atlantico_angeles,9.8915291,-83.9347902,308
atlantico_angeles,9.8914128,-83.9347259,309
atlantico_angeles,9.8912913,-83.9346668,310
atlantico_angeles,9.8911644,-83.9346186,311
atlantico_angeles,9.8910376,-83.934581,312
atlantico_angeles,9.8908421,-83.9345649,313
atlantico_angeles,9.8906994,-83.9345488,314
atlantico_angeles,9.8905461,-83.9345435,315
atlantico_angeles,9.8904352,-83.9345381,316
atlantico_angeles,9.890265,-83.9345027,317
atlantico_angeles,9.8899965,-83.9343128,318
atlantico_angeles,9.889801,-83.9339748,319
atlantico_angeles,9.8895209,-83.9333365,320
atlantico_angeles,9.8893888,-83.9329502,321
atlantico_angeles,9.8893945,-83.9328047,322
atlantico_angeles,9.8893993,-83.932682,323
atlantico_angeles,9.8894205,-83.9325908,324
atlantico_angeles,9.8894469,-83.932226,325
atlantico_angeles,9.8894839,-83.9318183,326
atlantico_angeles,9.8894628,-83.9314053,327
atlantico_angeles,9.889387,-83.9311103,328
atlantico_angeles,9.889299,-83.9309283,329
atlantico_angeles,9.8891048,-83.9305095,330
atlantico_angeles,9.8888604,-83.9301827,331
atlantico_angeles,9.8886768,-83.9300258,332
atlantico_angeles,9.888501,-83.9299037,333
atlantico_angeles,9.8879441,-83.9296118,334
atlantico_angeles,9.8877453,-83.9296033,335
atlantico_angeles,9.8873912,-83.9295734,336
atlantico_angeles,9.887249,-83.9295706,337
atlantico_angeles,9.8870637,-83.9295621,338
atlantico_angeles,9.8868363,-83.9295497,339
atlantico_angeles,9.8865816,-83.9295496,340
atlantico_angeles,9.8855684,-83.9296,341
atlantico_angeles,9.8837919,-83.92972,342
atlantico_angeles,9.8836708,-83.929717,343
atlantico_angeles,9.8834857,-83.929716,344
atlantico_angeles,9.8826772,-83.9297803,345
atlantico_angeles,9.8819637,-83.9298233,346
atlantico_angeles,9.880995,-83.9298731,347
atlantico_angeles,9.8789573,-83.929986,348
atlantico_angeles,9.8786728,-83.9300082,349
atlantico_angeles,9.8784703,-83.9300243,350
atlantico_angeles,9.8780054,-83.9300003,351
atlantico_angeles,9.8774663,-83.929952,352
atlantico_angeles,9.87721,-83.9298844,353
atlantico_angeles,9.8770594,-83.9298447,354
atlantico_angeles,9.8766736,-83.9297052,355
atlantico_angeles,9.8763641,-83.9295485,356
atlantico_angeles,9.8752853,-83.9289284,357
atlantico_angeles,9.8747936,-83.9286388,358
atlantico_angeles,9.8743219,-83.928316,359
atlantico_angeles,9.8742333,-83.9282554,360
atlantico_angeles,9.8738334,-83.9280007,361
atlantico_angeles,9.8729091,-83.9273636,362
atlantico_angeles,9.8725519,-83.9271173,363
atlantico_angeles,9.8719095,-83.9267115,364
atlantico_angeles,9.8714963,-83.9264436,365
atlantico_angeles,9.8699221,-83.925582,366
atlantico_angeles,9.869811,-83.925541,367
atlantico_angeles,9.8694095,-83.9253652,368
atlantico_angeles,9.8691459,-83.9251884,369
atlantico_angeles,9.8689621,-83.9250333,370
atlantico_angeles,9.8688608,-83.9249491,371
atlantico_angeles,9.8687844,-83.9248787,372
atlantico_angeles,9.8685145,-83.9246135,373
atlantico_angeles,9.8680098,-83.9241643,374
atlantico_angeles,9.8672316,-83.9234268,375
atlantico_angeles,9.8669703,-83.9231486,376
atlantico_angeles,9.8669114,-83.9230906,377
atlantico_angeles,9.8668837,-83.9230633,378
atlantico_angeles,9.8668423,-83.9230201,379
atlantico_angeles,9.866821,-83.9229808,380
atlantico_angeles,9.8668046,-83.9229519,381
atlantico_angeles,9.8667925,-83.9229151,382
atlantico_angeles,9.8667357,-83.9226176,383
atlantico_angeles,9.8666338,-83.9221821,384
atlantico_angeles,9.8666188,-83.9221168,385
atlantico_angeles,9.8665981,-83.9220116,386
atlantico_angeles,9.8665885,-83.9218547,387
atlantico_angeles,9.8665786,-83.9218024,388
atlantico_angeles,9.8665639,-83.9216934,389
atlantico_angeles,9.8665029,-83.9213109,390
atlantico_angeles,9.8664444,-83.9208826,391
atlantico_angeles,9.8663871,-83.9203005,392
atlantico_angeles,9.8663688,-83.9202535,393
atlantico_angeles,9.8662858,-83.9196766,394
atlantico_angeles,9.8662175,-83.9191505,395
atlantico_angeles,9.8661066,-83.9182678,396
atlantico_angeles,9.8659724,-83.9174024,397
atlantico_angeles,9.8658705,-83.916303,398
atlantico_angeles,9.8657058,-83.9151578,399
atlantico_angeles,9.8655981,-83.9143687,400
atlantico_angeles,9.8655617,-83.9140955,401
atlantico_angeles,9.8655346,-83.9140254,402
atlantico_angeles,9.8654386,-83.9138491,403
atlantico_angeles,9.8652627,-83.9135677,404
atlantico_angeles,9.8649913,-83.9132446,405
atlantico_angeles,9.8646922,-83.9128804,406
atlantico_angeles,9.8645746,-83.9126928,407
atlantico_angeles,9.8645267,-83.9125853,408
atlantico_angeles,9.8644716,-83.9123632,409
atlantico_angeles,9.8644309,-83.9121174,410
atlantico_angeles,9.8643349,-83.9114518,411
atlantico_angeles,9.8642123,-83.9110459,412
atlantico_belen,9.9348741,-84.0689369,0
atlantico_belen,9.9347849,-84.0687269,1
atlantico_belen,9.9347342,-84.0686116,2
atlantico_belen,9.9343972,-84.067946,3
atlantico_belen,9.9343165,-84.0677596,4
atlantico_belen,9.9341662,-84.0674254,5
atlantico_belen,9.9340801,-84.0672424,6
atlantico_belen,9.9340078,-84.0670711,7
atlantico_belen,9.9337832,-84.0666193,8
atlantico_belen,9.9336536,-84.0662543,9
atlantico_belen,9.9336442,-84.066215,10
atlantico_belen,9.9336275,-84.0661287,11
atlantico_belen,9.9335718,-84.0656888,12
atlantico_belen,9.9335423,-84.0653349,13
atlantico_belen,9.9335552,-84.0650526,14
atlantico_belen,9.9335683,-84.0649459,15
atlantico_belen,9.9335883,-84.0648111,16
atlantico_belen,9.9336919,-84.0643327,17
atlantico_belen,9.93386,-84.0637196,18
atlantico_belen,9.9339051,-84.0635476,19
atlantico_belen,9.9338934,-84.0632555,20
atlantico_belen,9.9338538,-84.0630543,21
atlantico_belen,9.9337772,-84.0628666,22
atlantico_belen,9.9336266,-84.0626734,23
atlantico_belen,9.933513,-84.0625742,24
atlantico_belen,9.9333914,-84.0624991,25
atlantico_belen,9.9331517,-84.0624012,26
atlantico_belen,9.9328815,-84.0623865,27
atlantico_belen,9.9326226,-84.0624294,28
atlantico_belen,9.9324482,-84.0625098,29
atlantico_belen,9.9322025,-84.0626895,30
atlantico_belen,9.9319727,-84.062939,31
atlantico_belen,9.9318829,-84.0630999,32
atlantico_belen,9.9317909,-84.0632935,33
atlantico_belen,9.9317982,-84.0638305,34
atlantico_belen,9.9318601,-84.0643195,35
atlantico_belen,9.9319546,-84.0646937,36
atlantico_belen,9.9320424,-84.0650798,37
atlantico_belen,9.9320656,-84.0652956,38
atlantico_belen,9.932069,-84.0653951,39
atlantico_belen,9.9320708,-84.0654868,40
atlantico_belen,9.932034,-84.0656278,41
atlantico_belen,9.9320171,-84.065646,42
atlantico_belen,9.9319766,-84.0657133,43
atlantico_belen,9.9318825,-84.0658726,44
atlantico_belen,9.9315591,-84.0663747,45
atlantico_belen,9.9314579,-84.0665335,46
atlantico_belen,9.9313728,-84.0667109,47
atlantico_belen,9.9313013,-84.0669606,48
atlantico_belen,9.9312486,-84.0672643,49
atlantico_belen,9.9312532,-84.0675936,50
atlantico_belen,9.9313153,-84.0678878,51
atlantico_belen,9.9314307,-84.0681863,52
atlantico_belen,9.9319769,-84.0692549,53
atlantico_belen,9.932044,-84.0693697,54
atlantico_belen,9.9321114,-84.0695759,55
atlantico_belen,9.932163,-84.0700585,56
atlantico_belen,9.9321644,-84.0701113,57
atlantico_belen,9.9321482,-84.0705146,58
atlantico_belen,9.9321183,-84.0707967,59
atlantico_belen,9.932063,-84.071038,60
atlantico_belen,9.9320045,-84.0712178,61
atlantico_belen,9.9318228,-84.0715658,62
atlantico_belen,9.931663,-84.0718639,63
atlantico_belen,9.9312756,-84.0725767,64
atlantico_belen,9.9312068,-84.0727059,65
atlantico_belen,9.9311851,-84.0727575,66
atlantico_belen,9.9311337,-84.0728796,67
atlantico_belen,9.9309536,-84.0729907,68
atlantico_belen,9.9308689,-84.0730492,69
atlantico_belen,9.9307374,-84.0731224,70
atlantico_belen,9.9306293,-84.0731681,71
atlantico_belen,9.9301951,-84.0731828,72
atlantico_belen,9.9294115,-84.0732285,73
atlantico_belen,9.928865,-84.0732596,74
atlantico_belen,9.9283552,-84.0732729,75
atlantico_belen,9.9278973,-84.073298,76
atlantico_belen,9.9273891,-84.0733182,77
atlantico_belen,9.9268467,-84.073331,78
atlantico_belen,9.9261057,-84.0733682,79
atlantico_belen,9.9259232,-84.073426,80
atlantico_belen,9.9257754,-84.0734821,81
atlantico_belen,9.9257026,-84.0735136,82
atlantico_belen,9.9256595,-84.0735292,83
atlantico_belen,9.9254993,-84.0736507,84
atlantico_belen,9.9253187,-84.0738048,85
atlantico_belen,9.9252034,-84.073948,86
atlantico_belen,9.925085,-84.0741406,87
atlantico_belen,9.9250258,-84.0743336,88
atlantico_belen,9.9249434,-84.0746097,89
atlantico_belen,9.9249291,-84.0747599,90
atlantico_belen,9.9249314,-84.0748187,91
atlantico_belen,9.9250057,-84.0756998,92
atlantico_belen,9.9250817,-84.076611,93
atlantico_belen,9.9251296,-84.0771475,94
atlantico_belen,9.9251862,-84.0777445,95
atlantico_belen,9.9253116,-84.0791117,96
atlantico_belen,9.9253156,-84.0791463,97
atlantico_belen,9.9253651,-84.0797588,98
atlantico_belen,9.9253866,-84.0799658,99
atlantico_belen,9.92540567,-84.0802126,100
atlantico_belen,9.925431,-84.0803734,101
atlantico_belen,9.92541693,-84.0803725,102
atlantico_belen,9.9253576,-84.0803989,103
atlantico_belen,9.9253523,-84.0806108,104
atlantico_belen,9.92537369,-84.0808722,105
atlantico_belen,9.9253945,-84.0811014,106
atlantico_belen,9.9257294,-84.0836314,107
atlantico_belen,9.9258004,-84.0844052,108
atlantico_belen,9.9258029,-84.084703,109
atlantico_belen,9.9257564,-84.0850864,110
atlantico_belen,9.9256818,-84.0853768,111
atlantico_belen,9.9255773,-84.0856152,112
atlantico_belen,9.9253837,-84.0861128,113
atlantico_belen,9.9252137,-84.0864369,114
atlantico_belen,9.9250369,-84.0868748,115
atlantico_belen,9.9249764,-84.0870523,116
atlantico_belen,9.924989,-84.0874217,117
atlantico_belen,9.9252757,-84.0892389,118
atlantico_belen,9.9253976,-84.0898437,119
atlantico_belen,9.9255076,-84.0904344,120
atlantico_belen,9.9255816,-84.0906049,121
atlantico_belen,9.9256598,-84.0907566,122
atlantico_belen,9.9258116,-84.0909738,123
atlantico_belen,9.9259238,-84.0910545,124
atlantico_belen,9.9259689,-84.0910992,125
atlantico_belen,9.9260257,-84.09114,126
atlantico_belen,9.9261842,-84.091254,127
atlantico_belen,9.9264878,-84.0914501,128
atlantico_belen,9.9269607,-84.0917519,129
atlantico_belen,9.9271319,-84.0918611,130
atlantico_belen,9.9273064,-84.0919248,131
atlantico_belen,9.92750186,-84.09210541,132
atlantico_belen,9.9282132,-84.0925688,133
atlantico_belen,9.928478,-84.0927599,134
atlantico_belen,9.9289052,-84.0930263,135
atlantico_belen,9.9299259,-84.0937125,136
atlantico_belen,9.9302116,-84.0939136,137
atlantico_belen,9.9303611,-84.0940513,138
atlantico_belen,9.9305382,-84.0942428,139
atlantico_belen,9.9306868,-84.0944314,140
atlantico_belen,9.9308313,-84.0946484,141
atlantico_belen,9.9308862,-84.0947073,142
atlantico_belen,9.9316947,-84.0962424,143
atlantico_belen,9.9320095,-84.096875,144
atlantico_belen,9.9321681,-84.0972603,145
atlantico_belen,9.9322482,-84.097488,146
atlantico_belen,9.9323003,-84.0977075,147
atlantico_belen,9.9323561,-84.0982177,148
atlantico_belen,9.9323627,-84.0982979,149
atlantico_belen,9.9323793,-84.0984424,150
atlantico_belen,9.9324057,-84.0987077,151
atlantico_belen,9.9326467,-84.1014158,152
atlantico_belen,9.9326563,-84.1014151,153
atlantico_belen,9.9334995,-84.1099142,154
atlantico_belen,9.9335372,-84.1103089,155
atlantico_belen,9.9336421,-84.1114284,156
atlantico_belen,9.9338354,-84.1119459,157
atlantico_belen,9.9341474,-84.1123171,158
atlantico_belen,9.9344853,-84.1125672,159
atlantico_belen,9.9347997,-84.1126877,160
atlantico_belen,9.9354121,-84.1126823,161
atlantico_belen,9.935707,-84.1126616,162
atlantico_belen,9.9358435,-84.1126773,163
atlantico_belen,9.9359513,-84.1127081,164
atlantico_belen,9.9360803,-84.1127559,165
atlantico_belen,9.9361774,-84.1128082,166
atlantico_belen,9.9363284,-84.1129085,167
atlantico_belen,9.9364527,-84.1130095,168
atlantico_belen,9.9365531,-84.1131141,169
atlantico_belen,9.9366324,-84.1132214,170
atlantico_belen,9.9366958,-84.1133448,171
atlantico_belen,9.9367592,-84.1135567,172
atlantico_belen,9.936775,-84.1138061,173
atlantico_belen,9.9367909,-84.1144471,174
atlantico_belen,9.936775,-84.1150989,175
atlantico_belen,9.9367621,-84.1154394,176
atlantico_belen,9.9367783,-84.1156674,177
atlantico_belen,9.9367966,-84.1157881,178
atlantico_belen,9.9368955,-84.1163195,179
atlantico_belen,9.9369684,-84.1167884,180
atlantico_belen,9.9370198,-84.1171187,181
atlantico_belen,9.9371184,-84.1174587,182
atlantico_belen,9.9378877,-84.1193668,183
atlantico_belen,9.9379988,-84.1196425,184
atlantico_belen,9.9382944,-84.1202932,185
atlantico_belen,9.9384759,-84.1205828,186
atlantico_belen,9.9386357,-84.1207226,187
atlantico_belen,9.9393833,-84.1213764,188
atlantico_belen,9.9398456,-84.1220143,189
atlantico_belen,9.9401587,-84.1227607,190
atlantico_belen,9.9402396,-84.1235259,191
atlantico_belen,9.9402355,-84.1237152,192
atlantico_belen,9.9403739,-84.1237316,193
atlantico_belen,9.9401569,-84.1273819,194
atlantico_belen,9.9400121,-84.130606,195
atlantico_belen,9.9399871,-84.1315596,196
atlantico_belen,9.9399541,-84.1324677,197
atlantico_belen,9.93996,-84.1333511,198
atlantico_belen,9.9399761,-84.1335334,199
atlantico_belen,9.9400393,-84.1342488,200
atlantico_belen,9.9400741,-84.1346063,201
atlantico_belen,9.940129,-84.1351172,202
atlantico_belen,9.9401334,-84.1351584,203
atlantico_belen,9.9401443,-84.1352011,204
atlantico_belen,9.9402052,-84.13544,205
atlantico_belen,9.9403245,-84.1357196,206
atlantico_belen,9.9404913,-84.1359072,207
atlantico_belen,9.9407277,-84.1360783,208
atlantico_belen,9.9407782,-84.1361102,209
atlantico_belen,9.9408153,-84.1361264,210
atlantico_belen,9.940893,-84.1361434,211
atlantico_belen,9.9410177,-84.1361691,212
atlantico_belen,9.941222,-84.1361764,213
atlantico_belen,9.9417103,-84.1361333,214
atlantico_belen,9.9426069,-84.1360214,215
atlantico_belen,9.9434921,-84.1359248,216
atlantico_belen,9.9439874,-84.1358682,217
atlantico_belen,9.9441934,-84.1358491,218
atlantico_belen,9.9444947,-84.1358265,219
atlantico_belen,9.9448979,-84.1358105,220
atlantico_belen,9.9451345,-84.1358763,221
atlantico_belen,9.945368,-84.1359982,222
atlantico_belen,9.9456094,-84.1362038,223
atlantico_belen,9.9457991,-84.136453,224
atlantico_belen,9.9461457,-84.1374652,225
atlantico_belen,9.9463192,-84.1380366,226
atlantico_belen,9.9469399,-84.1400628,227
atlantico_belen,9.947496,-84.1421,228
atlantico_belen,9.9476398,-84.1424505,229
atlantico_belen,9.9478248,-84.1427591,230
atlantico_belen,9.9481148,-84.1430724,231
atlantico_belen,9.9484209,-84.1433056,232
atlantico_belen,9.9493497,-84.1437941,233
atlantico_belen,9.9498597,-84.1440878,234
atlantico_belen,9.9498709,-84.1440943,235
atlantico_belen,9.9512865,-84.1448767,236
atlantico_belen,9.9535703,-84.1460022,237
atlantico_belen,9.9537889,-84.1461154,238
atlantico_belen,9.9539983,-84.1462897,239
atlantico_belen,9.9541803,-84.1465164,240
atlantico_belen,9.9543582,-84.1468083,241
atlantico_belen,9.955132,-84.1485207,242
atlantico_belen,9.9556673,-84.1497053,243
atlantico_belen,9.955766,-84.1498934,244
atlantico_belen,9.9559195,-84.1500782,245
atlantico_belen,9.956142,-84.1502948,246
atlantico_belen,9.9562952,-84.150403,247
atlantico_belen,9.9564417,-84.1504816,248
atlantico_belen,9.9569459,-84.1506836,249
atlantico_belen,9.957101,-84.1507712,250
atlantico_belen,9.9572144,-84.1508221,251
atlantico_belen,9.9573359,-84.1509105,252
atlantico_belen,9.9575594,-84.151059,253
atlantico_belen,9.9576935,-84.1511888,254
atlantico_belen,9.9578623,-84.15138,255
atlantico_belen,9.9588981,-84.1530463,256
atlantico_belen,9.9597493,-84.1544204,257
atlantico_belen,9.9616592,-84.1574295,258
atlantico_belen,9.9618536,-84.1577814,259
atlantico_belen,9.9619297,-84.1580303,260
atlantico_belen,9.9619551,-84.1586569,261
atlantico_belen,9.962048,-84.1592577,262
atlantico_belen,9.9622124,-84.1596532,263
atlantico_belen,9.9623777,-84.1598843,264
atlantico_belen,9.9632479,-84.161048,265
atlantico_belen,9.9641615,-84.1615065,266
atlantico_belen,9.9644151,-84.1617811,267
atlantico_belen,9.9646264,-84.1621588,268
atlantico_belen,9.9649645,-84.1629656,269
atlantico_belen,9.9650848,-84.1633237,270
atlantico_belen,9.9653196,-84.1639956,271
atlantico_belen,9.965514,-84.1642531,272
atlantico_belen,9.965793,-84.164605,273
atlantico_belen,9.9661227,-84.165695,274
atlantico_belen,9.9661565,-84.1660298,275
atlantico_belen,9.9660804,-84.1665791,276
atlantico_belen,9.9661819,-84.1669825,277
atlantico_belen,9.9664186,-84.1672538,278
atlantico_belen,9.9668652,-84.1676427,279
atlantico_belen,9.9678895,-84.1690682,280
atlantico_belen,9.9681769,-84.16936,281
atlantico_belen,9.9685488,-84.1694887,282
atlantico_belen,9.9704931,-84.1703642,283
atlantico_belen,9.9717358,-84.1706904,284
atlantico_belen,9.972243,-84.1709307,285
atlantico_belen,9.972784,-84.1713255,286
atlantico_belen,9.9731306,-84.1717632,287
atlantico_belen,9.9734011,-84.1722439,288
atlantico_belen,9.973604,-84.172716,289
atlantico_belen,9.9737139,-84.1731795,290
atlantico_belen,9.9737562,-84.1738318,291
atlantico_belen,9.9737731,-84.1753681,292
atlantico_belen,9.9739252,-84.1766642,293
atlantico_belen,9.9741112,-84.1776169,294
atlantico_belen,9.974361,-84.1781875,295
atlantico_belen,9.9744155,-84.1783121,296
atlantico_belen,9.9744622,-84.1783816,297
atlantico_belen,9.974779,-84.1788529,298
atlantico_belen,9.9750918,-84.1792219,299
atlantico_belen,9.975413,-84.179488,300
atlantico_belen,9.9757417,-84.1798155,301
atlantico_belen,9.9758695,-84.1799429,302
atlantico_belen,9.9763851,-84.1804407,303
atlantico_belen,9.9767571,-84.1806896,304
atlantico_belen,9.9770529,-84.1808184,305
atlantico_belen,9.9775433,-84.1808634,306
atlantico_belen,9.9778276,-84.1808959,307
atlantico_belen,9.9781399,-84.1809304,308
atlantico_belen,9.9784983,-84.1810097,309
atlantico_belen,9.9786304,-84.1810788,310
atlantico_belen,9.9787445,-84.1811784,311
atlantico_belen,9.9788886,-84.1813492,312
atlantico_belen,9.9789867,-84.1815179,313
atlantico_belen,9.9790388,-84.1816825,314
atlantico_belen,9.9790888,-84.1819793,315
atlantico_belen,9.9790969,-84.1822009,316
atlantico_belen,9.9790989,-84.1823513,317
atlantico_belen,9.9790928,-84.1824753,318
atlantico_belen,9.9790408,-84.1827172,319
atlantico_belen,9.9788586,-84.1833087,320
atlantico_belen,9.9785043,-84.1847012,321
atlantico_belen,9.9784986,-84.1848199,322
atlantico_belen,9.9784607,-84.1849399,323
atlantico_cartago,9.9348741,-84.0689369,0
atlantico_cartago,9.9347849,-84.0687269,1
atlantico_cartago,9.9347298,-84.068614,2
atlantico_cartago,9.9347342,-84.0686116,3
atlantico_cartago,9.9343972,-84.067946,4
atlantico_cartago,9.9343165,-84.0677596,5
atlantico_cartago,9.9341662,-84.0674254,6
atlantico_cartago,9.9340801,-84.0672424,7
atlantico_cartago,9.9340078,-84.0670711,8
atlantico_cartago,9.9337832,-84.0666193,9
atlantico_cartago,9.9336536,-84.0662543,10
atlantico_cartago,9.9336442,-84.066215,11
atlantico_cartago,9.9336275,-84.0661287,12
atlantico_cartago,9.9335718,-84.0656888,13
atlantico_cartago,9.9335423,-84.0653349,14
atlantico_cartago,9.9335552,-84.0650526,15
atlantico_cartago,9.9335683,-84.0649459,16
atlantico_cartago,9.9335883,-84.0648111,17
atlantico_cartago,9.9336919,-84.0643327,18
atlantico_cartago,9.93386,-84.0637196,19
atlantico_cartago,9.9339051,-84.0635476,20
atlantico_cartago,9.9343135,-84.0621665,21
atlantico_cartago,9.9345539,-84.0613648,22
atlantico_cartago,9.9346013,-84.0612067,23
atlantico_cartago,9.9347494,-84.0607128,24
atlantico_cartago,9.934974,-84.0599349,25
atlantico_cartago,9.9353703,-84.0585294,26
atlantico_cartago,9.935424,-84.0582103,27
atlantico_cartago,9.9354493,-84.0578951,28
atlantico_cartago,9.935449,-84.0578346,29
atlantico_cartago,9.9354472,-84.0577088,30
atlantico_cartago,9.9354447,-84.0576149,31
atlantico_cartago,9.9354263,-84.0573417,32
atlantico_cartago,9.9353809,-84.0570515,33
atlantico_cartago,9.9352778,-84.0566251,34
atlantico_cartago,9.9351827,-84.056271,35
atlantico_cartago,9.935085,-84.0559143,36
atlantico_cartago,9.9349716,-84.0555179,37
atlantico_cartago,9.9349514,-84.0554471,38
atlantico_cartago,9.9349123,-84.0553234,39
atlantico_cartago,9.9344573,-84.0537972,40
atlantico_cartago,9.9344104,-84.0536339,41
atlantico_cartago,9.9341796,-84.0528887,42
atlantico_cartago,9.9340346,-84.05241899,43
atlantico_cartago,9.9340324,-84.0523175,44
atlantico_cartago,9.9339859,-84.0521666,45
atlantico_cartago,9.9336837,-84.051054,46
atlantico_cartago,9.9334745,-84.0503073,47
atlantico_cartago,9.9332674,-84.0495966,48
atlantico_cartago,9.9332136,-84.0493276,49
atlantico_cartago,9.9329369,-84.0481679,50
atlantico_cartago,9.9328589,-84.0477108,51
atlantico_cartago,9.9327561,-84.0469136,52
atlantico_cartago,9.9327383,-84.0467622,53
atlantico_cartago,9.9326892,-84.045777,54
atlantico_cartago,9.9326469,-84.0450655,55
atlantico_cartago,9.9326429,-84.0448899,56
atlantico_cartago,9.932641,-84.0448184,57
atlantico_cartago,9.9326307,-84.0444387,58
atlantico_cartago,9.9326027,-84.0439976,59
atlantico_cartago,9.9325526,-84.0438187,60
atlantico_cartago,9.9324705,-84.0435545,61
atlantico_cartago,9.9323369,-84.043285,62
atlantico_cartago,9.9321414,-84.0429751,63
atlantico_cartago,9.9319024,-84.0426701,64
atlantico_cartago,9.93169,-84.0424946,65
atlantico_cartago,9.9312972,-84.0421986,66
atlantico_cartago,9.9309168,-84.0419831,67
atlantico_cartago,9.9304082,-84.0418368,68
atlantico_cartago,9.9300262,-84.0417014,69
atlantico_cartago,9.9276345,-84.0394379,70
atlantico_cartago,9.9273253,-84.0391439,71
atlantico_cartago,9.9252818,-84.0371297,72
atlantico_cartago,9.9234597,-84.0353344,73
atlantico_cartago,9.9231428,-84.0350499,74
atlantico_cartago,9.9229399,-84.034867,75
atlantico_cartago,9.9228788,-84.0348031,76
atlantico_cartago,9.9221199,-84.0340096,77
atlantico_cartago,9.921769,-84.0336197,78
atlantico_cartago,9.9215253,-84.0331908,79
atlantico_cartago,9.921466,-84.0328431,80
atlantico_cartago,9.9214558,-84.0323249,81
atlantico_cartago,9.9214568,-84.0316943,82
atlantico_cartago,9.9214384,-84.0314327,83
atlantico_cartago,9.9213888,-84.0311536,84
atlantico_cartago,9.9212086,-84.030715,85
atlantico_cartago,9.9208873,-84.0301829,86
atlantico_cartago,9.9200446,-84.0287662,87
atlantico_cartago,9.9197579,-84.0282919,88
atlantico_cartago,9.919603,-84.0279349,89
atlantico_cartago,9.9195202,-84.0275707,90
atlantico_cartago,9.9195248,-84.0272484,91
atlantico_cartago,9.91958,-84.0268235,92
atlantico_cartago,9.9197364,-84.0259735,93
atlantico_cartago,9.9198192,-84.0255766,94
atlantico_cartago,9.9198192,-84.0251423,95
atlantico_cartago,9.9197594,-84.0247733,96
atlantico_cartago,9.9196352,-84.0244604,97
atlantico_cartago,9.9193069,-84.0238997,98
atlantico_cartago,9.9192772,-84.0238499,99
atlantico_cartago,9.9190639,-84.023492,100
atlantico_cartago,9.9186834,-84.0228107,101
atlantico_cartago,9.9185538,-84.0223466,102
atlantico_cartago,9.918427,-84.0220547,103
atlantico_cartago,9.9182072,-84.0216427,104
atlantico_cartago,9.9177337,-84.0210848,105
atlantico_cartago,9.9174936,-84.0208473,106
atlantico_cartago,9.9170742,-84.0204325,107
atlantico_cartago,9.9168629,-84.0200463,108
atlantico_cartago,9.9167783,-84.019497,109
atlantico_cartago,9.9168544,-84.0190678,110
atlantico_cartago,9.9169981,-84.0185958,111
atlantico_cartago,9.917013,-84.0184234,112
atlantico_cartago,9.9170051,-84.0182617,113
atlantico_cartago,9.9169802,-84.0181155,114
atlantico_cartago,9.9169387,-84.017991,115
atlantico_cartago,9.9168377,-84.0177986,116
atlantico_cartago,9.9166796,-84.0175785,117
atlantico_cartago,9.9165551,-84.017423,118
atlantico_cartago,9.9164094,-84.0172445,119
atlantico_cartago,9.9160715,-84.0168981,120
atlantico_cartago,9.9156664,-84.0165045,121
atlantico_cartago,9.9155505,-84.016374,122
atlantico_cartago,9.9151089,-84.0158445,123
atlantico_cartago,9.9150049,-84.0156556,124
atlantico_cartago,9.9148455,-84.0151757,125
atlantico_cartago,9.9147936,-84.0147246,126
atlantico_cartago,9.9148337,-84.0141068,127
atlantico_cartago,9.9148197,-84.0138516,128
atlantico_cartago,9.9147876,-84.0136411,129
atlantico_cartago,9.9147103,-84.0133958,130
atlantico_cartago,9.914611,-84.0131525,131
atlantico_cartago,9.9144665,-84.0129186,132
atlantico_cartago,9.9142739,-84.0127051,133
atlantico_cartago,9.9136077,-84.0121654,134
atlantico_cartago,9.9132405,-84.0118843,135
atlantico_cartago,9.9128539,-84.0115461,136
atlantico_cartago,9.9124494,-84.0110083,137
atlantico_cartago,9.9116124,-84.0098582,138
atlantico_cartago,9.9108768,-84.0088368,139
atlantico_cartago,9.9106631,-84.0085133,140
atlantico_cartago,9.9104576,-84.0081755,141
atlantico_cartago,9.9103313,-84.007886,142
atlantico_cartago,9.9102602,-84.0075614,143
atlantico_cartago,9.9102187,-84.0071593,144
atlantico_cartago,9.9102115,-84.0068953,145
atlantico_cartago,9.9102227,-84.0066221,146
atlantico_cartago,9.9102815,-84.0063048,147
atlantico_cartago,9.9104173,-84.0059506,148
atlantico_cartago,9.9105714,-84.005587,149
atlantico_cartago,9.9110028,-84.0046627,150
atlantico_cartago,9.911135,-84.004366,151
atlantico_cartago,9.9112194,-84.0040823,152
atlantico_cartago,9.9112602,-84.0038849,153
atlantico_cartago,9.9113324,-84.0030914,154
atlantico_cartago,9.9113672,-84.0017472,155
atlantico_cartago,9.911494,-84.0005026,156
atlantico_cartago,9.9118914,-83.9995413,157
atlantico_cartago,9.9120351,-83.9990435,158
atlantico_cartago,9.9120605,-83.998314,159
atlantico_cartago,9.9118745,-83.9977217,160
atlantico_cartago,9.9114433,-83.9962283,161
atlantico_cartago,9.9114421,-83.9960366,162
atlantico_cartago,9.9114348,-83.9949236,163
atlantico_cartago,9.9115194,-83.9930611,164
atlantico_cartago,9.9114517,-83.9926921,165
atlantico_cartago,9.9112657,-83.9923573,166
atlantico_cartago,9.9106908,-83.9914389,167
atlantico_cartago,9.9104033,-83.9907008,168
atlantico_cartago,9.9103103,-83.9901085,169
atlantico_cartago,9.9101835,-83.9894734,170
atlantico_cartago,9.9102375,-83.9886537,171
atlantico_cartago,9.9102818,-83.9881061,172
atlantico_cartago,9.910283,-83.9880941,173
atlantico_cartago,9.9103088,-83.9878401,174
atlantico_cartago,9.9103557,-83.9875411,175
atlantico_cartago,9.9104425,-83.9872009,176
atlantico_cartago,9.9105077,-83.9869691,177
atlantico_cartago,9.9105739,-83.9868888,178
atlantico_cartago,9.9105927,-83.9867094,179
atlantico_cartago,9.9107363,-83.986272,180
atlantico_cartago,9.9110254,-83.9856559,181
atlantico_cartago,9.9112132,-83.9853218,182
atlantico_cartago,9.911424,-83.9850303,183
atlantico_cartago,9.9116173,-83.9847465,184
atlantico_cartago,9.9117494,-83.9845856,185
atlantico_cartago,9.9120629,-83.9841412,186
atlantico_cartago,9.9121112,-83.984048,187
atlantico_cartago,9.9121579,-83.9839577,188
atlantico_cartago,9.9123817,-83.9834759,189
atlantico_cartago,9.9125147,-83.9830433,190
atlantico_cartago,9.9125593,-83.982667,191
atlantico_cartago,9.9126608,-83.9818516,192
atlantico_cartago,9.9126733,-83.981799,193
atlantico_cartago,9.9128358,-83.9811159,194
atlantico_cartago,9.9129918,-83.9807244,195
atlantico_cartago,9.9131404,-83.9804895,196
atlantico_cartago,9.9135416,-83.9800144,197
atlantico_cartago,9.9138555,-83.9794913,198
atlantico_cartago,9.9142724,-83.9784779,199
atlantico_cartago,9.9144615,-83.9780471,200
atlantico_cartago,9.9145547,-83.9778348,201
atlantico_cartago,9.9146124,-83.97765,202
atlantico_cartago,9.9146264,-83.9776051,203
atlantico_cartago,9.9147745,-83.9771309,204
atlantico_cartago,9.914775,-83.9769586,205
atlantico_cartago,9.9147533,-83.9763347,206
atlantico_cartago,9.9145129,-83.9752925,207
atlantico_cartago,9.9143552,-83.9745486,208
atlantico_cartago,9.9143314,-83.9743913,209
atlantico_cartago,9.9141742,-83.9738265,210
atlantico_cartago,9.9139882,-83.9733372,211
atlantico_cartago,9.9134668,-83.972519,212
atlantico_cartago,9.9132949,-83.9723158,213
atlantico_cartago,9.9129567,-83.9718867,214
atlantico_cartago,9.9126354,-83.9714833,215
atlantico_cartago,9.9120098,-83.9704276,216
atlantico_cartago,9.9119313,-83.9700454,217
atlantico_cartago,9.911917,-83.9698783,218
atlantico_cartago,9.9118892,-83.9695849,219
atlantico_cartago,9.9118917,-83.9690973,220
atlantico_cartago,9.9119486,-83.9680997,221
atlantico_cartago,9.9114408,-83.9664944,222
atlantico_cartago,9.9111746,-83.9653884,223
atlantico_cartago,9.9109849,-83.9647914,224
atlantico_cartago,9.9105146,-83.9643164,225
atlantico_cartago,9.9099355,-83.9636878,226
atlantico_cartago,9.9095014,-83.962974,227
atlantico_cartago,9.9093618,-83.9627998,228
atlantico_cartago,9.9089043,-83.9622286,229
atlantico_cartago,9.9084646,-83.9614304,230
atlantico_cartago,9.9079742,-83.9602888,231
atlantico_cartago,9.9075111,-83.9591067,232
atlantico_cartago,9.9072681,-83.9585498,233
atlantico_cartago,9.9068461,-83.9580941,234
atlantico_cartago,9.9064042,-83.9577942,235
atlantico_cartago,9.9060192,-83.9576818,236
atlantico_cartago,9.9056104,-83.9575944,237
atlantico_cartago,9.9051114,-83.957465,238
atlantico_cartago,9.9044655,-83.9570587,239
atlantico_cartago,9.9039804,-83.9565592,240
atlantico_cartago,9.9036005,-83.955898,241
atlantico_cartago,9.9033441,-83.9552775,242
atlantico_cartago,9.9031789,-83.9547239,243
atlantico_cartago,9.9029618,-83.9543334,244
atlantico_cartago,9.9029474,-83.9543088,245
atlantico_cartago,9.9024239,-83.9535909,246
atlantico_cartago,9.9020322,-83.9528499,247
atlantico_cartago,9.9018802,-83.9523534,248
atlantico_cartago,9.9018114,-83.9518453,249
atlantico_cartago,9.9017796,-83.9509529,250
atlantico_cartago,9.9017055,-83.9497632,251
atlantico_cartago,9.901658,-83.9491052,252
atlantico_cartago,9.9016539,-83.9490483,253
atlantico_cartago,9.9015634,-83.9477961,254
atlantico_cartago,9.9015032,-83.9475375,255
atlantico_cartago,9.9013584,-83.9470426,256
atlantico_cartago,9.9012105,-83.9466939,257
atlantico_cartago,9.9008723,-83.9462272,258
atlantico_cartago,9.9005552,-83.9458624,259
atlantico_cartago,9.9002804,-83.9455942,260
atlantico_cartago,9.9000109,-83.9454118,261
atlantico_cartago,9.8994296,-83.9451382,262
atlantico_cartago,9.8985946,-83.9446125,263
atlantico_cartago,9.8979552,-83.9441941,264
atlantico_cartago,9.8975684,-83.9439441,265
atlantico_cartago,9.8973096,-83.9437981,266
atlantico_cartago,9.8970969,-83.9437001,267
atlantico_cartago,9.8966975,-83.9435396,268
atlantico_cartago,9.8961998,-83.9432944,269
atlantico_cartago,9.8956771,-83.9430999,270
atlantico_cartago,9.895297,-83.9429549,271
atlantico_cartago,9.8950159,-83.9428336,272
atlantico_cartago,9.8944673,-83.9424238,273
atlantico_cartago,9.894144,-83.9421506,274
atlantico_cartago,9.893458,-83.9415709,275
atlantico_cartago,9.8931673,-83.9413509,276
atlantico_cartago,9.8927023,-83.9409861,277
atlantico_cartago,9.8923058,-83.9405906,278
atlantico_cartago,9.8919984,-83.9401783,279
atlantico_cartago,9.8917563,-83.9397899,280
atlantico_cartago,9.8916136,-83.9395109,281
atlantico_cartago,9.8915079,-83.9392051,282
atlantico_cartago,9.8914234,-83.9388618,283
atlantico_cartago,9.8913917,-83.938658,284
atlantico_cartago,9.8913864,-83.9384219,285
atlantico_cartago,9.8914181,-83.9381323,286
atlantico_cartago,9.891434,-83.9379767,287
atlantico_cartago,9.8914974,-83.9377836,288
atlantico_cartago,9.8915185,-83.9376709,289
atlantico_cartago,9.8915449,-83.9375529,290
atlantico_cartago,9.8915766,-83.9374027,291
atlantico_cartago,9.8916242,-83.9372525,292
atlantico_cartago,9.8916823,-83.937113,293
atlantico_cartago,9.8917193,-83.936936,294
atlantico_cartago,9.8917827,-83.9367643,295
atlantico_cartago,9.8918409,-83.9365498,296
atlantico_cartago,9.891862,-83.9363781,297
atlantico_cartago,9.891899,-83.9362064,298
atlantico_cartago,9.8919307,-83.9360509,299
atlantico_cartago,9.8919466,-83.935965,300
atlantico_cartago,9.8919783,-83.9357719,301
atlantico_cartago,9.8919941,-83.9355949,302
atlantico_cartago,9.8919888,-83.9354501,303
atlantico_cartago,9.8919149,-83.935273,304
atlantico_cartago,9.8918567,-83.9351604,305
atlantico_cartago,9.8917193,-83.9349994,306
atlantico_cartago,9.8916612,-83.9348975,307
atlantico_cartago,9.8915291,-83.9347902,308
atlantico_cartago,9.8914128,-83.9347259,309
atlantico_cartago,9.8912913,-83.9346668,310
atlantico_cartago,9.8911644,-83.9346186,311
atlantico_cartago,9.8910376,-83.934581,312
atlantico_cartago,9.8908421,-83.9345649,313
atlantico_cartago,9.8906994,-83.9345488,314
atlantico_cartago,9.8905461,-83.9345435,315
atlantico_cartago,9.8904352,-83.9345381,316
atlantico_cartago,9.890265,-83.9345027,317
atlantico_cartago,9.8899965,-83.9343128,318
atlantico_cartago,9.889801,-83.9339748,319
atlantico_cartago,9.8895209,-83.9333365,320
atlantico_cartago,9.8893888,-83.9329502,321
atlantico_cartago,9.8893945,-83.9328047,322
atlantico_cartago,9.8893993,-83.932682,323
atlantico_cartago,9.8894205,-83.9325908,324
atlantico_cartago,9.8894469,-83.932226,325
atlantico_cartago,9.8894839,-83.9318183,326
atlantico_cartago,9.8894628,-83.9314053,327
atlantico_cartago,9.889387,-83.9311103,328
atlantico_cartago,9.889299,-83.9309283,329
atlantico_cartago,9.8891048,-83.9305095,330
atlantico_cartago,9.8888604,-83.9301827,331
atlantico_cartago,9.8886768,-83.9300258,332
atlantico_cartago,9.888501,-83.9299037,333
atlantico_cartago,9.8879441,-83.9296118,334
atlantico_cartago,9.8877453,-83.9296033,335
atlantico_cartago,9.8873912,-83.9295734,336
atlantico_cartago,9.887249,-83.9295706,337
atlantico_cartago,9.8870637,-83.9295621,338
atlantico_cartago,9.8868363,-83.9295497,339
atlantico_cartago,9.8865816,-83.9295496,340
atlantico_cartago,9.8855684,-83.9296,341
atlantico_cartago,9.8837919,-83.92972,342
atlantico_cartago,9.8836708,-83.929717,343
atlantico_cartago,9.8834857,-83.929716,344
atlantico_cartago,9.8826772,-83.9297803,345
atlantico_cartago,9.8819637,-83.9298233,346
atlantico_cartago,9.880995,-83.9298731,347
atlantico_cartago,9.8789573,-83.929986,348
atlantico_cartago,9.8786728,-83.9300082,349
atlantico_cartago,9.8784703,-83.9300243,350
atlantico_cartago,9.8780054,-83.9300003,351
atlantico_cartago,9.8774663,-83.929952,352
atlantico_cartago,9.87721,-83.9298844,353
atlantico_cartago,9.8770594,-83.9298447,354
atlantico_cartago,9.8766736,-83.9297052,355
atlantico_cartago,9.8763641,-83.9295485,356
atlantico_cartago,9.8752853,-83.9289284,357
atlantico_cartago,9.8747936,-83.9286388,358
atlantico_cartago,9.8743219,-83.928316,359
atlantico_cartago,9.8742333,-83.9282554,360
atlantico_cartago,9.8738334,-83.9280007,361
atlantico_cartago,9.8729091,-83.9273636,362
atlantico_cartago,9.8725519,-83.9271173,363
atlantico_cartago,9.8719095,-83.9267115,364
atlantico_cartago,9.8714963,-83.9264436,365
atlantico_cartago,9.8699221,-83.925582,366
atlantico_cartago,9.869811,-83.925541,367
atlantico_cartago,9.8694095,-83.9253652,368
atlantico_cartago,9.8691459,-83.9251884,369
atlantico_cartago,9.8689621,-83.9250333,370
atlantico_cartago,9.8688608,-83.9249491,371
atlantico_cartago,9.8687844,-83.9248787,372
atlantico_cartago,9.8685145,-83.9246135,373
atlantico_cartago,9.8680098,-83.9241643,374
atlantico_cartago,9.8672316,-83.9234268,375
atlantico_cartago,9.8669703,-83.9231486,376
atlantico_cartago,9.8669114,-83.9230906,377
atlantico_cartago,9.8668837,-83.9230633,378
atlantico_cartago,9.8668423,-83.9230201,379
atlantico_cartago,9.866821,-83.9229808,380
atlantico_cartago,9.8668046,-83.9229519,381
atlantico_cartago,9.8667925,-83.9229151,382
atlantico_cartago,9.8667357,-83.9226176,383
atlantico_cartago,9.8666338,-83.9221821,384
atlantico_cartago,9.8666188,-83.9221156,385
atlantico_cartago,9.8665981,-83.9220091,386
atlantico_heredia,9.9348741,-84.0689369,0
atlantico_heredia,9.9348801,-84.0689425,1
atlantico_heredia,9.9348794,-84.0689488,2
atlantico_heredia,9.934998,-84.0692169,3
atlantico_heredia,9.9350004,-84.0692158,4
atlantico_heredia,9.9350811,-84.0694177,5
atlantico_heredia,9.9352055,-84.0697586,6
atlantico_heredia,9.935412,-84.0702807,7
atlantico_heredia,9.9355382,-84.0706013,8
atlantico_heredia,9.9355726,-84.0706706,9
atlantico_heredia,9.935657,-84.0708206,10
atlantico_heredia,9.9357232,-84.0708946,11
atlantico_heredia,9.9357955,-84.0709578,12
atlantico_heredia,9.9359023,-84.0710408,13
atlantico_heredia,9.9360274,-84.071121,14
atlantico_heredia,9.9360964,-84.0711552,15
atlantico_heredia,9.9361588,-84.0711793,16
atlantico_heredia,9.9362484,-84.071214,17
atlantico_heredia,9.9363145,-84.0712396,18
atlantico_heredia,9.9364146,-84.0712741,19
atlantico_heredia,9.9365213,-84.0713003,20
atlantico_heredia,9.9365909,-84.0713123,21
atlantico_heredia,9.9366569,-84.071319,22
atlantico_heredia,9.9367661,-84.0713274,23
atlantico_heredia,9.9368268,-84.0713281,24
atlantico_heredia,9.9368683,-84.0713287,25
atlantico_heredia,9.9369634,-84.0713229,26
atlantico_heredia,9.9370595,-84.0713109,27
atlantico_heredia,9.9371853,-84.0712699,28
atlantico_heredia,9.9373571,-84.0712002,29
atlantico_heredia,9.9375341,-84.0710849,30
atlantico_heredia,9.9377861,-84.0709258,31
atlantico_heredia,9.938185,-84.0706703,32
atlantico_heredia,9.9385042,-84.0704572,33
atlantico_heredia,9.939014,-84.0701113,34
atlantico_heredia,9.9395146,-84.0697851,35
atlantico_heredia,9.9400022,-84.0695967,36
atlantico_heredia,9.9401405,-84.0695643,37
atlantico_heredia,9.9402789,-84.069542,38
atlantico_heredia,9.9403506,-84.0695387,39
atlantico_heredia,9.9406373,-84.0695178,40
atlantico_heredia,9.9409149,-84.0695186,41
atlantico_heredia,9.9413881,-84.0695257,42
atlantico_heredia,9.9416846,-84.0695319,43
atlantico_heredia,9.942091,-84.069535,44
atlantico_heredia,9.9423986,-84.0695514,45
atlantico_heredia,9.9425046,-84.0695582,46
atlantico_heredia,9.9426301,-84.0695793,47
atlantico_heredia,9.9428555,-84.0696171,48
atlantico_heredia,9.9430029,-84.0696418,49
atlantico_heredia,9.9431503,-84.0696688,50
atlantico_heredia,9.9432935,-84.0697142,51
atlantico_heredia,9.9434626,-84.0698001,52
atlantico_heredia,9.9436517,-84.0699144,53
atlantico_heredia,9.9437767,-84.0700177,54
atlantico_heredia,9.9439989,-84.070299,55
atlantico_heredia,9.9442499,-84.0706101,56
atlantico_heredia,9.9444673,-84.0708875,57
atlantico_heredia,9.9447226,-84.0711887,58
atlantico_heredia,9.9449365,-84.0714596,59
atlantico_heredia,9.9451772,-84.0717715,60
atlantico_heredia,9.9453678,-84.0719915,61
atlantico_heredia,9.9455116,-84.0721975,62
atlantico_heredia,9.9456862,-84.0724065,63
atlantico_heredia,9.945944,-84.072759,64
atlantico_heredia,9.9459928,-84.0728221,65
atlantico_heredia,9.9460112,-84.0728059,66
atlantico_heredia,9.9465374,-84.0735536,67
atlantico_heredia,9.9469376,-84.0740713,68
atlantico_heredia,9.9471308,-84.0743562,69
atlantico_heredia,9.9473125,-84.0746527,70
atlantico_heredia,9.9475056,-84.0751151,71
atlantico_heredia,9.9476091,-84.075484,72
atlantico_heredia,9.9477517,-84.0759043,73
atlantico_heredia,9.9479147,-84.0762948,74
atlantico_heredia,9.948016,-84.0764298,75
atlantico_heredia,9.9481266,-84.0765604,76
atlantico_heredia,9.9482876,-84.0766702,77
atlantico_heredia,9.9486625,-84.0768523,78
atlantico_heredia,9.9488465,-84.076948,79
atlantico_heredia,9.9489592,-84.0770344,80
atlantico_heredia,9.949042,-84.0771185,81
atlantico_heredia,9.9491087,-84.0772049,82
atlantico_heredia,9.9491962,-84.0773625,83
atlantico_heredia,9.9492732,-84.0776168,84
atlantico_heredia,9.9493594,-84.0784004,85
atlantico_heredia,9.9494077,-84.0787086,86
atlantico_heredia,9.9494813,-84.0789725,87
atlantico_heredia,9.9496468,-84.0792807,88
atlantico_heredia,9.9497871,-84.0794932,89
atlantico_heredia,9.9499343,-84.0797337,90
atlantico_heredia,9.9500746,-84.0799088,91
atlantico_heredia,9.950185,-84.0800979,92
atlantico_heredia,9.9502425,-84.0803011,93
atlantico_heredia,9.9502586,-84.0804832,94
atlantico_heredia,9.9502494,-84.080682,95
atlantico_heredia,9.9502149,-84.0809782,96
atlantico_heredia,9.9501022,-84.0817511,97
atlantico_heredia,9.95007,-84.0820547,98
atlantico_heredia,9.9500654,-84.0823582,99
atlantico_heredia,9.9501321,-84.0827365,100
atlantico_heredia,9.9502724,-84.0830634,101
atlantico_heredia,9.9503989,-84.0832502,102
atlantico_heredia,9.9505538,-84.0834022,103
atlantico_heredia,9.9541497,-84.0857663,104
atlantico_heredia,9.9547059,-84.0861228,105
atlantico_heredia,9.9548351,-84.0861835,106
atlantico_heredia,9.9549392,-84.0862465,107
atlantico_heredia,9.9551575,-84.086401,108
atlantico_heredia,9.9554726,-84.0866106,109
atlantico_heredia,9.9555752,-84.0866788,110
atlantico_heredia,9.9578283,-84.0881389,111
atlantico_heredia,9.958879,-84.0887993,112
atlantico_heredia,9.9599741,-84.0895209,113
atlantico_heredia,9.9616526,-84.0906076,114
atlantico_heredia,9.9621067,-84.0909123,115
atlantico_heredia,9.9624647,-84.0910739,116
atlantico_heredia,9.9625563,-84.0910861,117
atlantico_heredia,9.9628906,-84.0910748,118
atlantico_heredia,9.963219,-84.090977,119
atlantico_heredia,9.9634493,-84.0907677,120
atlantico_heredia,9.963636,-84.0902862,121
atlantico_heredia,9.9638669,-84.0899511,122
atlantico_heredia,9.964202,-84.0897501,123
atlantico_heredia,9.9646934,-84.0897352,124
atlantico_heredia,9.9651328,-84.0898096,125
atlantico_heredia,9.9655498,-84.0899586,126
atlantico_heredia,9.9663838,-84.0902639,127
atlantico_heredia,9.9666795,-84.0904702,128
atlantico_heredia,9.9668201,-84.0907639,129
atlantico_heredia,9.9668381,-84.0911277,130
atlantico_heredia,9.9667371,-84.0915702,131
atlantico_heredia,9.9667561,-84.0920585,132
atlantico_heredia,9.9669361,-84.092532,133
atlantico_heredia,9.967195,-84.0928496,134
atlantico_heredia,9.9689718,-84.0947839,135
atlantico_heredia,9.9693772,-84.0952306,136
atlantico_heredia,9.9696621,-84.095552,137
atlantico_heredia,9.9709037,-84.0968391,138
atlantico_heredia,9.971351,-84.0973432,139
atlantico_heredia,9.9719462,-84.098023,140
atlantico_heredia,9.9721402,-84.0982397,141
atlantico_heredia,9.9724809,-84.0986159,142
atlantico_heredia,9.9729738,-84.0991475,143
atlantico_heredia,9.9734728,-84.099624,144
atlantico_heredia,9.974061,-84.0999219,145
atlantico_heredia,9.9743317,-84.1000102,146
atlantico_heredia,9.974934,-84.100166,147
atlantico_heredia,9.9752706,-84.1002575,148
atlantico_heredia,9.9759971,-84.1004506,149
atlantico_heredia,9.9764662,-84.1006516,150
atlantico_heredia,9.9768907,-84.1009346,151
atlantico_heredia,9.9773002,-84.1013367,152
atlantico_heredia,9.9779544,-84.1020166,153
atlantico_heredia,9.9781417,-84.1021781,154
atlantico_heredia,9.9798045,-84.1034064,155
atlantico_heredia,9.9827004,-84.1055626,156
atlantico_heredia,9.9828911,-84.1057018,157
atlantico_heredia,9.9843436,-84.1067613,158
atlantico_heredia,9.9857048,-84.1077508,159
atlantico_heredia,9.9869738,-84.108677,160
atlantico_heredia,9.9874515,-84.1090156,161
atlantico_heredia,9.98963,-84.1106426,162
atlantico_heredia,9.9900494,-84.1109143,163
atlantico_heredia,9.9905784,-84.1111621,164
atlantico_heredia,9.9908846,-84.1112698,165
atlantico_heredia,9.9910999,-84.1113456,166
atlantico_heredia,9.9916039,-84.1115498,167
atlantico_heredia,9.991744,-84.1116007,168
atlantico_heredia,9.9919342,-84.1116738,169
atlantico_heredia,9.9934746,-84.1122267,170
atlantico_heredia,9.9937622,-84.1123789,171
atlantico_heredia,9.9938449,-84.1124476,172
atlantico_heredia,9.9939337,-84.1125424,173
atlantico_heredia,9.9940166,-84.1126614,174
atlantico_heredia,9.994133,-84.1128775,175
atlantico_heredia,9.9941595,-84.112975,176
atlantico_heredia,9.9941796,-84.1132916,177
atlantico_heredia,9.9941433,-84.1134865,178
atlantico_heredia,9.9940545,-84.1137678,179
atlantico_heredia,9.993987,-84.1140367,180
atlantico_heredia,9.9939685,-84.1142225,181
atlantico_heredia,9.9939789,-84.114399,182
atlantico_heredia,9.9940138,-84.1145987,183
atlantico_heredia,9.99407,-84.1147968,184
atlantico_heredia,9.9941559,-84.1150124,185
atlantico_heredia,9.9944768,-84.115744,186
atlantico_heredia,9.9945003,-84.1158126,187
atlantico_heredia,9.9945191,-84.1158752,188
atlantico_heredia,9.9945473,-84.1159633,189
atlantico_heredia,9.9945773,-84.1161345,190
atlantico_heredia,9.9946381,-84.1166941,191
atlantico_heredia,9.9946617,-84.1166939,192
atlantico_heredia,9.9946758,-84.1170597,193
atlantico_heredia,9.9947002,-84.1170613,194
atlantico_oreamuno,9.934874,-84.0689,0
atlantico_oreamuno,9.934785,-84.0687,1
atlantico_oreamuno,9.93473,-84.0686,2
atlantico_oreamuno,9.934734,-84.0686,3
atlantico_oreamuno,9.934397,-84.0679,4
atlantico_oreamuno,9.934317,-84.0678,5
atlantico_oreamuno,9.934166,-84.0674,6
atlantico_oreamuno,9.93408,-84.0672,7
atlantico_oreamuno,9.934008,-84.0671,8
atlantico_oreamuno,9.933783,-84.0666,9
atlantico_oreamuno,9.933654,-84.0663,10
atlantico_oreamuno,9.933644,-84.0662,11
atlantico_oreamuno,9.933628,-84.0661,12
atlantico_oreamuno,9.933572,-84.0657,13
atlantico_oreamuno,9.933542,-84.0653,14
atlantico_oreamuno,9.933555,-84.0651,15
atlantico_oreamuno,9.933568,-84.0649,16
atlantico_oreamuno,9.933588,-84.0648,17
atlantico_oreamuno,9.933692,-84.0643,18
atlantico_oreamuno,9.93386,-84.0637,19
atlantico_oreamuno,9.933905,-84.0635,20
atlantico_oreamuno,9.934314,-84.0622,21
atlantico_oreamuno,9.934554,-84.0614,22
atlantico_oreamuno,9.934601,-84.0612,23
atlantico_oreamuno,9.934749,-84.0607,24
atlantico_oreamuno,9.934974,-84.0599,25
atlantico_oreamuno,9.93537,-84.0585,26
atlantico_oreamuno,9.935424,-84.0582,27
atlantico_oreamuno,9.935449,-84.0579,28
atlantico_oreamuno,9.935449,-84.0578,29
atlantico_oreamuno,9.935447,-84.0577,30
atlantico_oreamuno,9.935445,-84.0576,31
atlantico_oreamuno,9.935426,-84.0573,32
atlantico_oreamuno,9.935381,-84.0571,33
atlantico_oreamuno,9.935278,-84.0566,34
atlantico_oreamuno,9.935183,-84.0563,35
atlantico_oreamuno,9.935085,-84.0559,36
atlantico_oreamuno,9.934972,-84.0555,37
atlantico_oreamuno,9.934951,-84.0554,38
atlantico_oreamuno,9.934912,-84.0553,39
atlantico_oreamuno,9.934457,-84.0538,40
atlantico_oreamuno,9.93441,-84.0536,41
atlantico_oreamuno,9.93418,-84.0529,42
atlantico_oreamuno,9.934035,-84.0524,43
atlantico_oreamuno,9.934032,-84.0523,44
atlantico_oreamuno,9.933986,-84.0522,45
atlantico_oreamuno,9.933684,-84.0511,46
atlantico_oreamuno,9.933475,-84.0503,47
atlantico_oreamuno,9.933267,-84.0496,48
atlantico_oreamuno,9.933214,-84.0493,49
atlantico_oreamuno,9.932937,-84.0482,50
atlantico_oreamuno,9.932859,-84.0477,51
atlantico_oreamuno,9.932756,-84.0469,52
atlantico_oreamuno,9.932738,-84.0468,53
atlantico_oreamuno,9.932689,-84.0458,54
atlantico_oreamuno,9.932647,-84.0451,55
atlantico_oreamuno,9.932643,-84.0449,56
atlantico_oreamuno,9.932641,-84.0448,57
atlantico_oreamuno,9.932631,-84.0444,58
atlantico_oreamuno,9.932603,-84.044,59
atlantico_oreamuno,9.932553,-84.0438,60
atlantico_oreamuno,9.932471,-84.0436,61
atlantico_oreamuno,9.932337,-84.0433,62
atlantico_oreamuno,9.932141,-84.043,63
atlantico_oreamuno,9.931902,-84.0427,64
atlantico_oreamuno,9.93169,-84.0425,65
atlantico_oreamuno,9.931297,-84.0422,66
atlantico_oreamuno,9.930917,-84.042,67
atlantico_oreamuno,9.930408,-84.0418,68
atlantico_oreamuno,9.930026,-84.0417,69
atlantico_oreamuno,9.927635,-84.0394,70
atlantico_oreamuno,9.927325,-84.0391,71
atlantico_oreamuno,9.925282,-84.0371,72
atlantico_oreamuno,9.92346,-84.0353,73
atlantico_oreamuno,9.923143,-84.035,74
atlantico_oreamuno,9.92294,-84.0349,75
atlantico_oreamuno,9.922879,-84.0348,76
atlantico_oreamuno,9.92212,-84.034,77
atlantico_oreamuno,9.921769,-84.0336,78
atlantico_oreamuno,9.921525,-84.0332,79
atlantico_oreamuno,9.921466,-84.0328,80
atlantico_oreamuno,9.921456,-84.0323,81
atlantico_oreamuno,9.921457,-84.0317,82
atlantico_oreamuno,9.921438,-84.0314,83
atlantico_oreamuno,9.921389,-84.0312,84
atlantico_oreamuno,9.921209,-84.0307,85
atlantico_oreamuno,9.920887,-84.0302,86
atlantico_oreamuno,9.920045,-84.0288,87
atlantico_oreamuno,9.919758,-84.0283,88
atlantico_oreamuno,9.919603,-84.0279,89
atlantico_oreamuno,9.91952,-84.0276,90
atlantico_oreamuno,9.919525,-84.0272,91
atlantico_oreamuno,9.91958,-84.0268,92
atlantico_oreamuno,9.919736,-84.026,93
atlantico_oreamuno,9.919819,-84.0256,94
atlantico_oreamuno,9.919819,-84.0251,95
atlantico_oreamuno,9.919759,-84.0248,96
atlantico_oreamuno,9.919635,-84.0245,97
atlantico_oreamuno,9.919307,-84.0239,98
atlantico_oreamuno,9.919277,-84.0238,99
atlantico_oreamuno,9.919064,-84.0235,100
atlantico_oreamuno,9.918683,-84.0228,101
atlantico_oreamuno,9.918554,-84.0223,102
atlantico_oreamuno,9.918427,-84.0221,103
atlantico_oreamuno,9.918207,-84.0216,104
atlantico_oreamuno,9.917734,-84.0211,105
atlantico_oreamuno,9.917494,-84.0208,106
atlantico_oreamuno,9.917074,-84.0204,107
atlantico_oreamuno,9.916863,-84.02,108
atlantico_oreamuno,9.916778,-84.0195,109
atlantico_oreamuno,9.916854,-84.0191,110
atlantico_oreamuno,9.916998,-84.0186,111
atlantico_oreamuno,9.917013,-84.0184,112
atlantico_oreamuno,9.917005,-84.0183,113
atlantico_oreamuno,9.91698,-84.0181,114
atlantico_oreamuno,9.916939,-84.018,115
atlantico_oreamuno,9.916838,-84.0178,116
atlantico_oreamuno,9.91668,-84.0176,117
atlantico_oreamuno,9.916555,-84.0174,118
atlantico_oreamuno,9.916409,-84.0172,119
atlantico_oreamuno,9.916072,-84.0169,120
atlantico_oreamuno,9.915666,-84.0165,121
atlantico_oreamuno,9.915551,-84.0164,122
atlantico_oreamuno,9.915109,-84.0158,123
atlantico_oreamuno,9.915005,-84.0157,124
atlantico_oreamuno,9.914846,-84.0152,125
atlantico_oreamuno,9.914794,-84.0147,126
atlantico_oreamuno,9.914834,-84.0141,127
atlantico_oreamuno,9.91482,-84.0139,128
atlantico_oreamuno,9.914788,-84.0136,129
atlantico_oreamuno,9.91471,-84.0134,130
atlantico_oreamuno,9.914611,-84.0132,131
atlantico_oreamuno,9.914467,-84.0129,132
atlantico_oreamuno,9.914274,-84.0127,133
atlantico_oreamuno,9.913608,-84.0122,134
atlantico_oreamuno,9.913241,-84.0119,135
atlantico_oreamuno,9.912854,-84.0115,136
atlantico_oreamuno,9.912449,-84.011,137
atlantico_oreamuno,9.911612,-84.0099,138
atlantico_oreamuno,9.910877,-84.0088,139
atlantico_oreamuno,9.910663,-84.0085,140
atlantico_oreamuno,9.910458,-84.0082,141
atlantico_oreamuno,9.910331,-84.0079,142
atlantico_oreamuno,9.91026,-84.0076,143
atlantico_oreamuno,9.910219,-84.0072,144
atlantico_oreamuno,9.910212,-84.0069,145
atlantico_oreamuno,9.910223,-84.0066,146
atlantico_oreamuno,9.910282,-84.0063,147
atlantico_oreamuno,9.910417,-84.006,148
atlantico_oreamuno,9.910571,-84.0056,149
atlantico_oreamuno,9.911003,-84.0047,150
atlantico_oreamuno,9.911135,-84.0044,151
atlantico_oreamuno,9.911219,-84.0041,152
atlantico_oreamuno,9.91126,-84.0039,153
atlantico_oreamuno,9.911332,-84.0031,154
atlantico_oreamuno,9.911367,-84.0017,155
atlantico_oreamuno,9.911494,-84.0005,156
atlantico_oreamuno,9.911891,-83.9995,157
atlantico_oreamuno,9.912035,-83.999,158
atlantico_oreamuno,9.912061,-83.9983,159
atlantico_oreamuno,9.911875,-83.9977,160
atlantico_oreamuno,9.911443,-83.9962,161
atlantico_oreamuno,9.911442,-83.996,162
atlantico_oreamuno,9.911435,-83.9949,163
atlantico_oreamuno,9.911519,-83.9931,164
atlantico_oreamuno,9.911452,-83.9927,165
atlantico_oreamuno,9.911266,-83.9924,166
atlantico_oreamuno,9.910691,-83.9914,167
atlantico_oreamuno,9.910403,-83.9907,168
atlantico_oreamuno,9.91031,-83.9901,169
atlantico_oreamuno,9.910184,-83.9895,170
atlantico_oreamuno,9.910238,-83.9887,171
atlantico_oreamuno,9.910282,-83.9881,172
atlantico_oreamuno,9.910283,-83.9881,173
atlantico_oreamuno,9.910309,-83.9878,174
atlantico_oreamuno,9.910356,-83.9875,175
atlantico_oreamuno,9.910443,-83.9872,176
atlantico_oreamuno,9.910508,-83.987,177
atlantico_oreamuno,9.910574,-83.9869,178
atlantico_oreamuno,9.910593,-83.9867,179
atlantico_oreamuno,9.910736,-83.9863,180
atlantico_oreamuno,9.911025,-83.9857,181
atlantico_oreamuno,9.911213,-83.9853,182
atlantico_oreamuno,9.911424,-83.985,183
atlantico_oreamuno,9.911617,-83.9847,184
atlantico_oreamuno,9.911749,-83.9846,185
atlantico_oreamuno,9.912063,-83.9841,186
atlantico_oreamuno,9.912111,-83.984,187
atlantico_oreamuno,9.912158,-83.984,188
atlantico_oreamuno,9.912382,-83.9835,189
atlantico_oreamuno,9.912515,-83.983,190
atlantico_oreamuno,9.912559,-83.9827,191
atlantico_oreamuno,9.912661,-83.9819,192
atlantico_oreamuno,9.912673,-83.9818,193
atlantico_oreamuno,9.912836,-83.9811,194
atlantico_oreamuno,9.912992,-83.9807,195
atlantico_oreamuno,9.91314,-83.9805,196
atlantico_oreamuno,9.913542,-83.98,197
atlantico_oreamuno,9.913856,-83.9795,198
atlantico_oreamuno,9.914272,-83.9785,199
atlantico_oreamuno,9.914462,-83.978,200
atlantico_oreamuno,9.914555,-83.9778,201
atlantico_oreamuno,9.914612,-83.9777,202
atlantico_oreamuno,9.914626,-83.9776,203
atlantico_oreamuno,9.914775,-83.9771,204
atlantico_oreamuno,9.914775,-83.977,205
atlantico_oreamuno,9.914753,-83.9763,206
atlantico_oreamuno,9.914513,-83.9753,207
atlantico_oreamuno,9.914355,-83.9745,208
atlantico_oreamuno,9.914331,-83.9744,209
atlantico_oreamuno,9.914174,-83.9738,210
atlantico_oreamuno,9.913988,-83.9733,211
atlantico_oreamuno,9.913467,-83.9725,212
atlantico_oreamuno,9.913295,-83.9723,213
atlantico_oreamuno,9.912957,-83.9719,214
atlantico_oreamuno,9.912635,-83.9715,215
atlantico_oreamuno,9.91201,-83.9704,216
atlantico_oreamuno,9.911931,-83.97,217
atlantico_oreamuno,9.911917,-83.9699,218
atlantico_oreamuno,9.911889,-83.9696,219
atlantico_oreamuno,9.911892,-83.9691,220
atlantico_oreamuno,9.911949,-83.9681,221
atlantico_oreamuno,9.911441,-83.9665,222
atlantico_oreamuno,9.911175,-83.9654,223
atlantico_oreamuno,9.910985,-83.9648,224
atlantico_oreamuno,9.910515,-83.9643,225
atlantico_oreamuno,9.909936,-83.9637,226
atlantico_oreamuno,9.909501,-83.963,227
atlantico_oreamuno,9.909362,-83.9628,228
atlantico_oreamuno,9.908904,-83.9622,229
atlantico_oreamuno,9.908465,-83.9614,230
atlantico_oreamuno,9.907974,-83.9603,231
atlantico_oreamuno,9.907511,-83.9591,232
atlantico_oreamuno,9.907268,-83.9585,233
atlantico_oreamuno,9.906846,-83.9581,234
atlantico_oreamuno,9.906404,-83.9578,235
atlantico_oreamuno,9.906019,-83.9577,236
atlantico_oreamuno,9.90561,-83.9576,237
atlantico_oreamuno,9.905111,-83.9575,238
atlantico_oreamuno,9.904466,-83.9571,239
atlantico_oreamuno,9.90398,-83.9566,240
atlantico_oreamuno,9.903601,-83.9559,241
atlantico_oreamuno,9.903344,-83.9553,242
atlantico_oreamuno,9.903179,-83.9547,243
atlantico_oreamuno,9.902962,-83.9543,244
atlantico_oreamuno,9.902947,-83.9543,245
atlantico_oreamuno,9.902424,-83.9536,246
atlantico_oreamuno,9.902032,-83.9528,247
atlantico_oreamuno,9.90188,-83.9524,248
atlantico_oreamuno,9.901811,-83.9518,249
atlantico_oreamuno,9.90178,-83.951,250
atlantico_oreamuno,9.901706,-83.9498,251
atlantico_oreamuno,9.901658,-83.9491,252
atlantico_oreamuno,9.901654,-83.949,253
atlantico_oreamuno,9.901563,-83.9478,254
atlantico_oreamuno,9.901503,-83.9475,255
atlantico_oreamuno,9.901358,-83.947,256
atlantico_oreamuno,9.901211,-83.9467,257
atlantico_oreamuno,9.900872,-83.9462,258
atlantico_oreamuno,9.900555,-83.9459,259
atlantico_oreamuno,9.90028,-83.9456,260
atlantico_oreamuno,9.900011,-83.9454,261
atlantico_oreamuno,9.89943,-83.9451,262
atlantico_oreamuno,9.898595,-83.9446,263
atlantico_oreamuno,9.897955,-83.9442,264
atlantico_oreamuno,9.897568,-83.9439,265
atlantico_oreamuno,9.89731,-83.9438,266
atlantico_oreamuno,9.897097,-83.9437,267
atlantico_oreamuno,9.896698,-83.9435,268
atlantico_oreamuno,9.8962,-83.9433,269
atlantico_oreamuno,9.895677,-83.9431,270
atlantico_oreamuno,9.895297,-83.943,271
atlantico_oreamuno,9.895016,-83.9428,272
atlantico_oreamuno,9.894467,-83.9424,273
atlantico_oreamuno,9.894144,-83.9422,274
atlantico_oreamuno,9.893458,-83.9416,275
atlantico_oreamuno,9.893167,-83.9414,276
atlantico_oreamuno,9.892702,-83.941,277
atlantico_oreamuno,9.892306,-83.9406,278
atlantico_oreamuno,9.891998,-83.9402,279
atlantico_oreamuno,9.891756,-83.9398,280
atlantico_oreamuno,9.891614,-83.9395,281
atlantico_oreamuno,9.891508,-83.9392,282
atlantico_oreamuno,9.891423,-83.9389,283
atlantico_oreamuno,9.891392,-83.9387,284
atlantico_oreamuno,9.891386,-83.9384,285
atlantico_oreamuno,9.891418,-83.9381,286
atlantico_oreamuno,9.891434,-83.938,287
atlantico_oreamuno,9.891497,-83.9378,288
atlantico_oreamuno,9.891519,-83.9377,289
atlantico_oreamuno,9.891545,-83.9376,290
atlantico_oreamuno,9.891577,-83.9374,291
atlantico_oreamuno,9.891624,-83.9373,292
atlantico_oreamuno,9.891682,-83.9371,293
atlantico_oreamuno,9.891719,-83.9369,294
atlantico_oreamuno,9.891783,-83.9368,295
atlantico_oreamuno,9.891841,-83.9365,296
atlantico_oreamuno,9.891862,-83.9364,297
atlantico_oreamuno,9.891899,-83.9362,298
atlantico_oreamuno,9.891931,-83.9361,299
atlantico_oreamuno,9.891947,-83.936,300
atlantico_oreamuno,9.891978,-83.9358,301
atlantico_oreamuno,9.891994,-83.9356,302
atlantico_oreamuno,9.891989,-83.9355,303
atlantico_oreamuno,9.891915,-83.9353,304
atlantico_oreamuno,9.891857,-83.9352,305
atlantico_oreamuno,9.891719,-83.935,306
atlantico_oreamuno,9.891661,-83.9349,307
atlantico_oreamuno,9.891529,-83.9348,308
atlantico_oreamuno,9.891413,-83.9347,309
atlantico_oreamuno,9.891291,-83.9347,310
atlantico_oreamuno,9.891164,-83.9346,311
atlantico_oreamuno,9.891038,-83.9346,312
atlantico_oreamuno,9.890842,-83.9346,313
atlantico_oreamuno,9.890699,-83.9345,314
atlantico_oreamuno,9.890546,-83.9345,315
atlantico_oreamuno,9.890435,-83.9345,316
atlantico_oreamuno,9.890265,-83.9345,317
atlantico_oreamuno,9.889997,-83.9343,318
atlantico_oreamuno,9.889801,-83.934,319
atlantico_oreamuno,9.889521,-83.9333,320
atlantico_oreamuno,9.889389,-83.933,321
atlantico_oreamuno,9.889395,-83.9328,322
atlantico_oreamuno,9.889399,-83.9327,323
atlantico_oreamuno,9.889421,-83.9326,324
atlantico_oreamuno,9.889447,-83.9322,325
atlantico_oreamuno,9.889484,-83.9318,326
atlantico_oreamuno,9.889463,-83.9314,327
atlantico_oreamuno,9.889387,-83.9311,328
atlantico_oreamuno,9.889299,-83.9309,329
atlantico_oreamuno,9.889105,-83.9305,330
atlantico_oreamuno,9.88886,-83.9302,331
atlantico_oreamuno,9.888677,-83.93,332
atlantico_oreamuno,9.888501,-83.9299,333
atlantico_oreamuno,9.887944,-83.9296,334
atlantico_oreamuno,9.887745,-83.9296,335
atlantico_oreamuno,9.887391,-83.9296,336
atlantico_oreamuno,9.887249,-83.9296,337
atlantico_oreamuno,9.887064,-83.9296,338
atlantico_oreamuno,9.886836,-83.9295,339
atlantico_oreamuno,9.886582,-83.9295,340
atlantico_oreamuno,9.885568,-83.9296,341
atlantico_oreamuno,9.883792,-83.9297,342
atlantico_oreamuno,9.883671,-83.9297,343
atlantico_oreamuno,9.883486,-83.9297,344
atlantico_oreamuno,9.882677,-83.9298,345
atlantico_oreamuno,9.881964,-83.9298,346
atlantico_oreamuno,9.880995,-83.9299,347
atlantico_oreamuno,9.878957,-83.93,348
atlantico_oreamuno,9.878673,-83.93,349
atlantico_oreamuno,9.87847,-83.93,350
atlantico_oreamuno,9.878005,-83.93,351
atlantico_oreamuno,9.877466,-83.93,352
atlantico_oreamuno,9.87721,-83.9299,353
atlantico_oreamuno,9.877059,-83.9298,354
atlantico_oreamuno,9.876674,-83.9297,355
atlantico_oreamuno,9.876364,-83.9295,356
atlantico_oreamuno,9.875285,-83.9289,357
atlantico_oreamuno,9.874794,-83.9286,358
atlantico_oreamuno,9.874322,-83.9283,359
atlantico_oreamuno,9.874233,-83.9283,360
atlantico_oreamuno,9.873833,-83.928,361
atlantico_oreamuno,9.872909,-83.9274,362
atlantico_oreamuno,9.872552,-83.9271,363
atlantico_oreamuno,9.87191,-83.9267,364
atlantico_oreamuno,9.871496,-83.9264,365
atlantico_oreamuno,9.869922,-83.9256,366
atlantico_oreamuno,9.869811,-83.9255,367
atlantico_oreamuno,9.86941,-83.9254,368
atlantico_oreamuno,9.869146,-83.9252,369
atlantico_oreamuno,9.868962,-83.925,370
atlantico_oreamuno,9.868861,-83.9249,371
atlantico_oreamuno,9.868784,-83.9249,372
atlantico_oreamuno,9.868515,-83.9246,373
atlantico_oreamuno,9.86801,-83.9242,374
atlantico_oreamuno,9.867232,-83.9234,375
atlantico_oreamuno,9.8669614,-83.9231369,376
atlantico_oreamuno,9.8669119,-83.9230944,377
atlantico_oreamuno,9.8668929,-83.9230712,378
atlantico_oreamuno,9.866842,-83.923,379
atlantico_oreamuno,9.866832,-83.9229833,380
atlantico_oreamuno,9.8668187,-83.922965,381
atlantico_oreamuno,9.866793,-83.9229,382
atlantico_oreamuno,9.866736,-83.9226,383
atlantico_oreamuno,9.866634,-83.9222,384
atlantico_oreamuno,9.8666286,-83.9221589,385
atlantico_oreamuno,9.8665981,-83.922014,386
atlantico_oreamuno,9.866589,-83.9219,387
atlantico_oreamuno,9.8665822,-83.9218296,388
atlantico_oreamuno,9.8665651,-83.9217008,389
atlantico_oreamuno,9.8665054,-83.9213072,390
atlantico_oreamuno,9.8664468,-83.9208999,391
atlantico_oreamuno,9.8663883,-83.9203141,392
atlantico_oreamuno,9.8663798,-83.9202894,393
atlantico_oreamuno,9.8662858,-83.9196865,394
atlantico_oreamuno,9.8662273,-83.9192025,395
atlantico_oreamuno,9.8661017,-83.918222,396
atlantico_oreamuno,9.8659724,-83.9174036,397
atlantico_oreamuno,9.865871,-83.9163,398
atlantico_oreamuno,9.865706,-83.9152,399
atlantico_oreamuno,9.865598,-83.9144,400
atlantico_oreamuno,9.865562,-83.9141,401
atlantico_oreamuno,9.865535,-83.914,402
atlantico_oreamuno,9.865439,-83.9138,403
atlantico_oreamuno,9.865263,-83.9136,404
atlantico_oreamuno,9.864991,-83.9132,405
atlantico_oreamuno,9.864692,-83.9129,406
atlantico_oreamuno,9.864575,-83.9127,407
atlantico_oreamuno,9.864527,-83.9126,408
atlantico_oreamuno,9.864472,-83.9124,409
atlantico_oreamuno,9.864431,-83.9121,410
atlantico_oreamuno,9.864335,-83.9115,411
atlantico_oreamuno,9.864212,-83.911,412
atlantico_oreamuno,9.8613011,-83.9052421,413
atlantico_paraiso,9.934874,-84.0689,0
atlantico_paraiso,9.934785,-84.0687,1
atlantico_paraiso,9.93473,-84.0686,2
atlantico_paraiso,9.934734,-84.0686,3
atlantico_paraiso,9.934397,-84.0679,4
atlantico_paraiso,9.934317,-84.0678,5
atlantico_paraiso,9.934166,-84.0674,6
atlantico_paraiso,9.93408,-84.0672,7
atlantico_paraiso,9.934008,-84.0671,8
atlantico_paraiso,9.933783,-84.0666,9
atlantico_paraiso,9.933654,-84.0663,10
atlantico_paraiso,9.933644,-84.0662,11
atlantico_paraiso,9.933628,-84.0661,12
atlantico_paraiso,9.933572,-84.0657,13
atlantico_paraiso,9.933542,-84.0653,14
atlantico_paraiso,9.933555,-84.0651,15
atlantico_paraiso,9.933568,-84.0649,16
atlantico_paraiso,9.933588,-84.0648,17
atlantico_paraiso,9.933692,-84.0643,18
atlantico_paraiso,9.93386,-84.0637,19
atlantico_paraiso,9.933905,-84.0635,20
atlantico_paraiso,9.934314,-84.0622,21
atlantico_paraiso,9.934554,-84.0614,22
atlantico_paraiso,9.934601,-84.0612,23
atlantico_paraiso,9.934749,-84.0607,24
atlantico_paraiso,9.934974,-84.0599,25
atlantico_paraiso,9.93537,-84.0585,26
atlantico_paraiso,9.935424,-84.0582,27
atlantico_paraiso,9.935449,-84.0579,28
atlantico_paraiso,9.935449,-84.0578,29
atlantico_paraiso,9.935447,-84.0577,30
atlantico_paraiso,9.935445,-84.0576,31
atlantico_paraiso,9.935426,-84.0573,32
atlantico_paraiso,9.935381,-84.0571,33
atlantico_paraiso,9.935278,-84.0566,34
atlantico_paraiso,9.935183,-84.0563,35
atlantico_paraiso,9.935085,-84.0559,36
atlantico_paraiso,9.934972,-84.0555,37
atlantico_paraiso,9.934951,-84.0554,38
atlantico_paraiso,9.934912,-84.0553,39
atlantico_paraiso,9.934457,-84.0538,40
atlantico_paraiso,9.93441,-84.0536,41
atlantico_paraiso,9.93418,-84.0529,42
atlantico_paraiso,9.934035,-84.0524,43
atlantico_paraiso,9.934032,-84.0523,44
atlantico_paraiso,9.933986,-84.0522,45
atlantico_paraiso,9.933684,-84.0511,46
atlantico_paraiso,9.933475,-84.0503,47
atlantico_paraiso,9.933267,-84.0496,48
atlantico_paraiso,9.933214,-84.0493,49
atlantico_paraiso,9.932937,-84.0482,50
atlantico_paraiso,9.932859,-84.0477,51
atlantico_paraiso,9.932756,-84.0469,52
atlantico_paraiso,9.932738,-84.0468,53
atlantico_paraiso,9.932689,-84.0458,54
atlantico_paraiso,9.932647,-84.0451,55
atlantico_paraiso,9.932643,-84.0449,56
atlantico_paraiso,9.932641,-84.0448,57
atlantico_paraiso,9.932631,-84.0444,58
atlantico_paraiso,9.932603,-84.044,59
atlantico_paraiso,9.932553,-84.0438,60
atlantico_paraiso,9.932471,-84.0436,61
atlantico_paraiso,9.932337,-84.0433,62
atlantico_paraiso,9.932141,-84.043,63
atlantico_paraiso,9.931902,-84.0427,64
atlantico_paraiso,9.93169,-84.0425,65
atlantico_paraiso,9.931297,-84.0422,66
atlantico_paraiso,9.930917,-84.042,67
atlantico_paraiso,9.930408,-84.0418,68
atlantico_paraiso,9.930026,-84.0417,69
atlantico_paraiso,9.927635,-84.0394,70
atlantico_paraiso,9.927325,-84.0391,71
atlantico_paraiso,9.925282,-84.0371,72
atlantico_paraiso,9.92346,-84.0353,73
atlantico_paraiso,9.923143,-84.035,74
atlantico_paraiso,9.92294,-84.0349,75
atlantico_paraiso,9.922879,-84.0348,76
atlantico_paraiso,9.92212,-84.034,77
atlantico_paraiso,9.921769,-84.0336,78
atlantico_paraiso,9.921525,-84.0332,79
atlantico_paraiso,9.921466,-84.0328,80
atlantico_paraiso,9.921456,-84.0323,81
atlantico_paraiso,9.921457,-84.0317,82
atlantico_paraiso,9.921438,-84.0314,83
atlantico_paraiso,9.921389,-84.0312,84
atlantico_paraiso,9.921209,-84.0307,85
atlantico_paraiso,9.920887,-84.0302,86
atlantico_paraiso,9.920045,-84.0288,87
atlantico_paraiso,9.919758,-84.0283,88
atlantico_paraiso,9.919603,-84.0279,89
atlantico_paraiso,9.91952,-84.0276,90
atlantico_paraiso,9.919525,-84.0272,91
atlantico_paraiso,9.91958,-84.0268,92
atlantico_paraiso,9.919736,-84.026,93
atlantico_paraiso,9.919819,-84.0256,94
atlantico_paraiso,9.919819,-84.0251,95
atlantico_paraiso,9.919759,-84.0248,96
atlantico_paraiso,9.919635,-84.0245,97
atlantico_paraiso,9.919307,-84.0239,98
atlantico_paraiso,9.919277,-84.0238,99
atlantico_paraiso,9.919064,-84.0235,100
atlantico_paraiso,9.918683,-84.0228,101
atlantico_paraiso,9.918554,-84.0223,102
atlantico_paraiso,9.918427,-84.0221,103
atlantico_paraiso,9.918207,-84.0216,104
atlantico_paraiso,9.917734,-84.0211,105
atlantico_paraiso,9.917494,-84.0208,106
atlantico_paraiso,9.917074,-84.0204,107
atlantico_paraiso,9.916863,-84.02,108
atlantico_paraiso,9.916778,-84.0195,109
atlantico_paraiso,9.916854,-84.0191,110
atlantico_paraiso,9.916998,-84.0186,111
atlantico_paraiso,9.917013,-84.0184,112
atlantico_paraiso,9.917005,-84.0183,113
atlantico_paraiso,9.91698,-84.0181,114
atlantico_paraiso,9.916939,-84.018,115
atlantico_paraiso,9.916838,-84.0178,116
atlantico_paraiso,9.91668,-84.0176,117
atlantico_paraiso,9.916555,-84.0174,118
atlantico_paraiso,9.916409,-84.0172,119
atlantico_paraiso,9.916072,-84.0169,120
atlantico_paraiso,9.915666,-84.0165,121
atlantico_paraiso,9.915551,-84.0164,122
atlantico_paraiso,9.915109,-84.0158,123
atlantico_paraiso,9.915005,-84.0157,124
atlantico_paraiso,9.914846,-84.0152,125
atlantico_paraiso,9.914794,-84.0147,126
atlantico_paraiso,9.914834,-84.0141,127
atlantico_paraiso,9.91482,-84.0139,128
atlantico_paraiso,9.914788,-84.0136,129
atlantico_paraiso,9.91471,-84.0134,130
atlantico_paraiso,9.914611,-84.0132,131
atlantico_paraiso,9.914467,-84.0129,132
atlantico_paraiso,9.914274,-84.0127,133
atlantico_paraiso,9.913608,-84.0122,134
atlantico_paraiso,9.913241,-84.0119,135
atlantico_paraiso,9.912854,-84.0115,136
atlantico_paraiso,9.912449,-84.011,137
atlantico_paraiso,9.911612,-84.0099,138
atlantico_paraiso,9.910877,-84.0088,139
atlantico_paraiso,9.910663,-84.0085,140
atlantico_paraiso,9.910458,-84.0082,141
atlantico_paraiso,9.910331,-84.0079,142
atlantico_paraiso,9.91026,-84.0076,143
atlantico_paraiso,9.910219,-84.0072,144
atlantico_paraiso,9.910212,-84.0069,145
atlantico_paraiso,9.910223,-84.0066,146
atlantico_paraiso,9.910282,-84.0063,147
atlantico_paraiso,9.910417,-84.006,148
atlantico_paraiso,9.910571,-84.0056,149
atlantico_paraiso,9.911003,-84.0047,150
atlantico_paraiso,9.911135,-84.0044,151
atlantico_paraiso,9.911219,-84.0041,152
atlantico_paraiso,9.91126,-84.0039,153
atlantico_paraiso,9.911332,-84.0031,154
atlantico_paraiso,9.911367,-84.0017,155
atlantico_paraiso,9.911494,-84.0005,156
atlantico_paraiso,9.911891,-83.9995,157
atlantico_paraiso,9.912035,-83.999,158
atlantico_paraiso,9.912061,-83.9983,159
atlantico_paraiso,9.911875,-83.9977,160
atlantico_paraiso,9.911443,-83.9962,161
atlantico_paraiso,9.911442,-83.996,162
atlantico_paraiso,9.911435,-83.9949,163
atlantico_paraiso,9.911519,-83.9931,164
atlantico_paraiso,9.911452,-83.9927,165
atlantico_paraiso,9.911266,-83.9924,166
atlantico_paraiso,9.910691,-83.9914,167
atlantico_paraiso,9.910403,-83.9907,168
atlantico_paraiso,9.91031,-83.9901,169
atlantico_paraiso,9.910184,-83.9895,170
atlantico_paraiso,9.910238,-83.9887,171
atlantico_paraiso,9.910282,-83.9881,172
atlantico_paraiso,9.910283,-83.9881,173
atlantico_paraiso,9.910309,-83.9878,174
atlantico_paraiso,9.910356,-83.9875,175
atlantico_paraiso,9.910443,-83.9872,176
atlantico_paraiso,9.910508,-83.987,177
atlantico_paraiso,9.910574,-83.9869,178
atlantico_paraiso,9.910593,-83.9867,179
atlantico_paraiso,9.910736,-83.9863,180
atlantico_paraiso,9.911025,-83.9857,181
atlantico_paraiso,9.911213,-83.9853,182
atlantico_paraiso,9.911424,-83.985,183
atlantico_paraiso,9.911617,-83.9847,184
atlantico_paraiso,9.911749,-83.9846,185
atlantico_paraiso,9.912063,-83.9841,186
atlantico_paraiso,9.912111,-83.984,187
atlantico_paraiso,9.912158,-83.984,188
atlantico_paraiso,9.912382,-83.9835,189
atlantico_paraiso,9.912515,-83.983,190
atlantico_paraiso,9.912559,-83.9827,191
atlantico_paraiso,9.912661,-83.9819,192
atlantico_paraiso,9.912673,-83.9818,193
atlantico_paraiso,9.912836,-83.9811,194
atlantico_paraiso,9.912992,-83.9807,195
atlantico_paraiso,9.91314,-83.9805,196
atlantico_paraiso,9.913542,-83.98,197
atlantico_paraiso,9.913856,-83.9795,198
atlantico_paraiso,9.914272,-83.9785,199
atlantico_paraiso,9.914462,-83.978,200
atlantico_paraiso,9.914555,-83.9778,201
atlantico_paraiso,9.914612,-83.9777,202
atlantico_paraiso,9.914626,-83.9776,203
atlantico_paraiso,9.914775,-83.9771,204
atlantico_paraiso,9.914775,-83.977,205
atlantico_paraiso,9.914753,-83.9763,206
atlantico_paraiso,9.914513,-83.9753,207
atlantico_paraiso,9.914355,-83.9745,208
atlantico_paraiso,9.914331,-83.9744,209
atlantico_paraiso,9.914174,-83.9738,210
atlantico_paraiso,9.913988,-83.9733,211
atlantico_paraiso,9.913467,-83.9725,212
atlantico_paraiso,9.913295,-83.9723,213
atlantico_paraiso,9.912957,-83.9719,214
atlantico_paraiso,9.912635,-83.9715,215
atlantico_paraiso,9.91201,-83.9704,216
atlantico_paraiso,9.911931,-83.97,217
atlantico_paraiso,9.911917,-83.9699,218
atlantico_paraiso,9.911889,-83.9696,219
atlantico_paraiso,9.911892,-83.9691,220
atlantico_paraiso,9.911949,-83.9681,221
atlantico_paraiso,9.911441,-83.9665,222
atlantico_paraiso,9.911175,-83.9654,223
atlantico_paraiso,9.910985,-83.9648,224
atlantico_paraiso,9.910515,-83.9643,225
atlantico_paraiso,9.909936,-83.9637,226
atlantico_paraiso,9.909501,-83.963,227
atlantico_paraiso,9.909362,-83.9628,228
atlantico_paraiso,9.908904,-83.9622,229
atlantico_paraiso,9.908465,-83.9614,230
atlantico_paraiso,9.907974,-83.9603,231
atlantico_paraiso,9.907511,-83.9591,232
atlantico_paraiso,9.907268,-83.9585,233
atlantico_paraiso,9.906846,-83.9581,234
atlantico_paraiso,9.906404,-83.9578,235
atlantico_paraiso,9.906019,-83.9577,236
atlantico_paraiso,9.90561,-83.9576,237
atlantico_paraiso,9.905111,-83.9575,238
atlantico_paraiso,9.904466,-83.9571,239
atlantico_paraiso,9.90398,-83.9566,240
atlantico_paraiso,9.903601,-83.9559,241
atlantico_paraiso,9.903344,-83.9553,242
atlantico_paraiso,9.903179,-83.9547,243
atlantico_paraiso,9.902962,-83.9543,244
atlantico_paraiso,9.902947,-83.9543,245
atlantico_paraiso,9.902424,-83.9536,246
atlantico_paraiso,9.902032,-83.9528,247
atlantico_paraiso,9.90188,-83.9524,248
atlantico_paraiso,9.901811,-83.9518,249
atlantico_paraiso,9.90178,-83.951,250
atlantico_paraiso,9.901706,-83.9498,251
atlantico_paraiso,9.901658,-83.9491,252
atlantico_paraiso,9.901654,-83.949,253
atlantico_paraiso,9.901563,-83.9478,254
atlantico_paraiso,9.901503,-83.9475,255
atlantico_paraiso,9.901358,-83.947,256
atlantico_paraiso,9.901211,-83.9467,257
atlantico_paraiso,9.900872,-83.9462,258
atlantico_paraiso,9.900555,-83.9459,259
atlantico_paraiso,9.90028,-83.9456,260
atlantico_paraiso,9.900011,-83.9454,261
atlantico_paraiso,9.89943,-83.9451,262
atlantico_paraiso,9.898595,-83.9446,263
atlantico_paraiso,9.897955,-83.9442,264
atlantico_paraiso,9.897568,-83.9439,265
atlantico_paraiso,9.89731,-83.9438,266
atlantico_paraiso,9.897097,-83.9437,267
atlantico_paraiso,9.896698,-83.9435,268
atlantico_paraiso,9.8962,-83.9433,269
atlantico_paraiso,9.895677,-83.9431,270
atlantico_paraiso,9.895297,-83.943,271
atlantico_paraiso,9.895016,-83.9428,272
atlantico_paraiso,9.894467,-83.9424,273
atlantico_paraiso,9.894144,-83.9422,274
atlantico_paraiso,9.893458,-83.9416,275
atlantico_paraiso,9.893167,-83.9414,276
atlantico_paraiso,9.892702,-83.941,277
atlantico_paraiso,9.892306,-83.9406,278
atlantico_paraiso,9.891998,-83.9402,279
atlantico_paraiso,9.891756,-83.9398,280
atlantico_paraiso,9.891614,-83.9395,281
atlantico_paraiso,9.891508,-83.9392,282
atlantico_paraiso,9.891423,-83.9389,283
atlantico_paraiso,9.891392,-83.9387,284
atlantico_paraiso,9.891386,-83.9384,285
atlantico_paraiso,9.891418,-83.9381,286
atlantico_paraiso,9.891434,-83.938,287
atlantico_paraiso,9.891497,-83.9378,288
atlantico_paraiso,9.891519,-83.9377,289
atlantico_paraiso,9.891545,-83.9376,290
atlantico_paraiso,9.891577,-83.9374,291
atlantico_paraiso,9.891624,-83.9373,292
atlantico_paraiso,9.891682,-83.9371,293
atlantico_paraiso,9.891719,-83.9369,294
atlantico_paraiso,9.891783,-83.9368,295
atlantico_paraiso,9.891841,-83.9365,296
atlantico_paraiso,9.891862,-83.9364,297
atlantico_paraiso,9.891899,-83.9362,298
atlantico_paraiso,9.891931,-83.9361,299
atlantico_paraiso,9.891947,-83.936,300
atlantico_paraiso,9.891978,-83.9358,301
atlantico_paraiso,9.891994,-83.9356,302
atlantico_paraiso,9.891989,-83.9355,303
atlantico_paraiso,9.891915,-83.9353,304
atlantico_paraiso,9.891857,-83.9352,305
atlantico_paraiso,9.891719,-83.935,306
atlantico_paraiso,9.891661,-83.9349,307
atlantico_paraiso,9.891529,-83.9348,308
atlantico_paraiso,9.891413,-83.9347,309
atlantico_paraiso,9.891291,-83.9347,310
atlantico_paraiso,9.891164,-83.9346,311
atlantico_paraiso,9.891038,-83.9346,312
atlantico_paraiso,9.890842,-83.9346,313
atlantico_paraiso,9.890699,-83.9345,314
atlantico_paraiso,9.890546,-83.9345,315
atlantico_paraiso,9.890435,-83.9345,316
atlantico_paraiso,9.890265,-83.9345,317
atlantico_paraiso,9.889997,-83.9343,318
atlantico_paraiso,9.889801,-83.934,319
atlantico_paraiso,9.889521,-83.9333,320
atlantico_paraiso,9.889389,-83.933,321
atlantico_paraiso,9.889395,-83.9328,322
atlantico_paraiso,9.889399,-83.9327,323
atlantico_paraiso,9.889421,-83.9326,324
atlantico_paraiso,9.889447,-83.9322,325
atlantico_paraiso,9.889484,-83.9318,326
atlantico_paraiso,9.889463,-83.9314,327
atlantico_paraiso,9.889387,-83.9311,328
atlantico_paraiso,9.889299,-83.9309,329
atlantico_paraiso,9.889105,-83.9305,330
atlantico_paraiso,9.88886,-83.9302,331
atlantico_paraiso,9.888677,-83.93,332
atlantico_paraiso,9.888501,-83.9299,333
atlantico_paraiso,9.887944,-83.9296,334
atlantico_paraiso,9.887745,-83.9296,335
atlantico_paraiso,9.887391,-83.9296,336
atlantico_paraiso,9.887249,-83.9296,337
atlantico_paraiso,9.887064,-83.9296,338
atlantico_paraiso,9.886836,-83.9295,339
atlantico_paraiso,9.886582,-83.9295,340
atlantico_paraiso,9.885568,-83.9296,341
atlantico_paraiso,9.883792,-83.9297,342
atlantico_paraiso,9.883671,-83.9297,343
atlantico_paraiso,9.883486,-83.9297,344
atlantico_paraiso,9.882677,-83.9298,345
atlantico_paraiso,9.881964,-83.9298,346
atlantico_paraiso,9.880995,-83.9299,347
atlantico_paraiso,9.878957,-83.93,348
atlantico_paraiso,9.878673,-83.93,349
atlantico_paraiso,9.87847,-83.93,350
atlantico_paraiso,9.878005,-83.93,351
atlantico_paraiso,9.877466,-83.93,352
atlantico_paraiso,9.87721,-83.9299,353
atlantico_paraiso,9.877059,-83.9298,354
atlantico_paraiso,9.876674,-83.9297,355
atlantico_paraiso,9.876364,-83.9295,356
atlantico_paraiso,9.875285,-83.9289,357
atlantico_paraiso,9.874794,-83.9286,358
atlantico_paraiso,9.874322,-83.9283,359
atlantico_paraiso,9.874233,-83.9283,360
atlantico_paraiso,9.873833,-83.928,361
atlantico_paraiso,9.872909,-83.9274,362
atlantico_paraiso,9.872552,-83.9271,363
atlantico_paraiso,9.87191,-83.9267,364
atlantico_paraiso,9.871496,-83.9264,365
atlantico_paraiso,9.869922,-83.9256,366
atlantico_paraiso,9.869811,-83.9255,367
atlantico_paraiso,9.86941,-83.9254,368
atlantico_paraiso,9.869146,-83.9252,369
atlantico_paraiso,9.868962,-83.925,370
atlantico_paraiso,9.868861,-83.9249,371
atlantico_paraiso,9.868784,-83.9249,372
atlantico_paraiso,9.868515,-83.9246,373
atlantico_paraiso,9.86801,-83.9242,374
atlantico_paraiso,9.867232,-83.9234,375
atlantico_paraiso,9.8669433,-83.9231176,376
atlantico_paraiso,9.866911,-83.9231,377
atlantico_paraiso,9.8668862,-83.9230654,378
atlantico_paraiso,9.866842,-83.923,379
atlantico_paraiso,9.866833,-83.9229805,380
atlantico_paraiso,9.8668159,-83.9229553,381
atlantico_paraiso,9.866793,-83.9229,382
atlantico_paraiso,9.866736,-83.9226,383
atlantico_paraiso,9.866634,-83.9222,384
atlantico_paraiso,9.8666212,-83.9221267,385
atlantico_paraiso,9.8665993,-83.9220041,386
atlantico_paraiso,9.866589,-83.9219,387
atlantico_paraiso,9.8665834,-83.9218531,388
atlantico_paraiso,9.8665651,-83.9216996,389
atlantico_paraiso,9.8665103,-83.9213084,390
atlantico_paraiso,9.8664481,-83.9208937,391
atlantico_paraiso,9.8663834,-83.9203215,392
atlantico_paraiso,9.8663737,-83.9202807,393
atlantico_paraiso,9.8662895,-83.9196877,394
atlantico_paraiso,9.8662249,-83.9192037,395
atlantico_paraiso,9.8661041,-83.9182356,396
atlantico_paraiso,9.8659761,-83.9173999,397
atlantico_paraiso,9.865871,-83.9163,398
atlantico_paraiso,9.865706,-83.9152,399
atlantico_paraiso,9.865598,-83.9144,400
atlantico_paraiso,9.865562,-83.9141,401
atlantico_paraiso,9.865535,-83.914,402
atlantico_paraiso,9.865439,-83.9138,403
atlantico_paraiso,9.865263,-83.9136,404
atlantico_paraiso,9.864991,-83.9132,405
atlantico_paraiso,9.864692,-83.9129,406
atlantico_paraiso,9.864575,-83.9127,407
atlantico_paraiso,9.864527,-83.9126,408
atlantico_paraiso,9.864472,-83.9124,409
atlantico_paraiso,9.864431,-83.9121,410
atlantico_paraiso,9.864335,-83.9115,411
atlantico_paraiso,9.864212,-83.911,412
atlantico_paraiso,9.8612774,-83.9051948,413
atlantico_paraiso,9.8596807,-83.9020123,414
atlantico_paraiso,9.8580442,-83.8987375,415
atlantico_paraiso,9.8577892,-83.8982719,416
atlantico_paraiso,9.8576812,-83.8981143,417
atlantico_paraiso,9.8571807,-83.8975798,418
atlantico_paraiso,9.8549535,-83.8956963,419
atlantico_paraiso,9.8538747,-83.8947777,420
atlantico_paraiso,9.8527338,-83.8937716,421
atlantico_paraiso,9.8524427,-83.8934378,422
atlantico_paraiso,9.8522128,-83.8930891,423
atlantico_paraiso,9.8519444,-83.8925966,424
atlantico_paraiso,9.8514268,-83.8915676,425
atlantico_paraiso,9.8509669,-83.8907285,426
atlantico_paraiso,9.85071,-83.8902571,427
atlantico_paraiso,9.850602,-83.8900487,428
belen_pacifico,9.9784607,-84.1849399,0
belen_pacifico,9.9784986,-84.1848199,1
belen_pacifico,9.9785043,-84.1847012,2
belen_pacifico,9.9788586,-84.1833087,3
belen_pacifico,9.9790408,-84.1827172,4
belen_pacifico,9.9790928,-84.1824753,5
belen_pacifico,9.9790989,-84.1823513,6
belen_pacifico,9.9790969,-84.1822009,7
belen_pacifico,9.9790888,-84.1819793,8
belen_pacifico,9.9790388,-84.1816825,9
belen_pacifico,9.9789867,-84.1815179,10
belen_pacifico,9.9788886,-84.1813492,11
belen_pacifico,9.9787445,-84.1811784,12
belen_pacifico,9.9786304,-84.1810788,13
belen_pacifico,9.9784983,-84.1810097,14
belen_pacifico,9.9781399,-84.1809304,15
belen_pacifico,9.9778276,-84.1808959,16
belen_pacifico,9.9775433,-84.1808634,17
belen_pacifico,9.9770529,-84.1808184,18
belen_pacifico,9.9767571,-84.1806896,19
belen_pacifico,9.9763851,-84.1804407,20
belen_pacifico,9.9758695,-84.1799429,21
belen_pacifico,9.9757417,-84.1798155,22
belen_pacifico,9.975413,-84.179488,23
belen_pacifico,9.9750918,-84.1792219,24
belen_pacifico,9.974779,-84.1788529,25
belen_pacifico,9.9744622,-84.1783816,26
belen_pacifico,9.9744155,-84.1783121,27
belen_pacifico,9.974361,-84.1781875,28
belen_pacifico,9.9741112,-84.1776169,29
belen_pacifico,9.9739252,-84.1766642,30
belen_pacifico,9.9737731,-84.1753681,31
belen_pacifico,9.9737562,-84.1738318,32
belen_pacifico,9.9737139,-84.1731795,33
belen_pacifico,9.973604,-84.172716,34
belen_pacifico,9.9734011,-84.1722439,35
belen_pacifico,9.9731306,-84.1717632,36
belen_pacifico,9.972784,-84.1713255,37
belen_pacifico,9.972243,-84.1709307,38
belen_pacifico,9.9717358,-84.1706904,39
belen_pacifico,9.9704931,-84.1703642,40
belen_pacifico,9.9685488,-84.1694887,41
belen_pacifico,9.9681769,-84.16936,42
belen_pacifico,9.9678895,-84.1690682,43
belen_pacifico,9.9668652,-84.1676427,44
belen_pacifico,9.9664186,-84.1672538,45
belen_pacifico,9.9661819,-84.1669825,46
belen_pacifico,9.9660804,-84.1665791,47
belen_pacifico,9.9661565,-84.1660298,48
belen_pacifico,9.9661227,-84.165695,49
belen_pacifico,9.965793,-84.164605,50
belen_pacifico,9.965514,-84.1642531,51
belen_pacifico,9.9653196,-84.1639956,52
belen_pacifico,9.9650848,-84.1633237,53
belen_pacifico,9.9649645,-84.1629656,54
belen_pacifico,9.9646264,-84.1621588,55
belen_pacifico,9.9644151,-84.1617811,56
belen_pacifico,9.9641615,-84.1615065,57
belen_pacifico,9.9632479,-84.161048,58
belen_pacifico,9.9623777,-84.1598843,59
belen_pacifico,9.9622124,-84.1596532,60
belen_pacifico,9.962048,-84.1592577,61
belen_pacifico,9.9619551,-84.1586569,62
belen_pacifico,9.9619297,-84.1580303,63
belen_pacifico,9.9618536,-84.1577814,64
belen_pacifico,9.9616592,-84.1574295,65
belen_pacifico,9.9597493,-84.1544204,66
belen_pacifico,9.9588981,-84.1530463,67
belen_pacifico,9.9578623,-84.15138,68
belen_pacifico,9.9576935,-84.1511888,69
belen_pacifico,9.9575594,-84.151059,70
belen_pacifico,9.9573359,-84.1509105,71
belen_pacifico,9.9572144,-84.1508221,72
belen_pacifico,9.957101,-84.1507712,73
belen_pacifico,9.9569459,-84.1506836,74
belen_pacifico,9.9564417,-84.1504816,75
belen_pacifico,9.9562952,-84.150403,76
belen_pacifico,9.956142,-84.1502948,77
belen_pacifico,9.9559195,-84.1500782,78
belen_pacifico,9.955766,-84.1498934,79
belen_pacifico,9.9556673,-84.1497053,80
belen_pacifico,9.955132,-84.1485207,81
belen_pacifico,9.9543582,-84.1468083,82
belen_pacifico,9.9541803,-84.1465164,83
belen_pacifico,9.9539983,-84.1462897,84
belen_pacifico,9.9537889,-84.1461154,85
belen_pacifico,9.9535703,-84.1460022,86
belen_pacifico,9.9512865,-84.1448767,87
belen_pacifico,9.9498709,-84.1440943,88
belen_pacifico,9.9498597,-84.1440878,89
belen_pacifico,9.9493497,-84.1437941,90
belen_pacifico,9.9484209,-84.1433056,91
belen_pacifico,9.9481148,-84.1430724,92
belen_pacifico,9.9478248,-84.1427591,93
belen_pacifico,9.9476398,-84.1424505,94
belen_pacifico,9.947496,-84.1421,95
belen_pacifico,9.9469399,-84.1400628,96
belen_pacifico,9.9463192,-84.1380366,97
belen_pacifico,9.9461457,-84.1374652,98
belen_pacifico,9.9457991,-84.136453,99
belen_pacifico,9.9456094,-84.1362038,100
belen_pacifico,9.945368,-84.1359982,101
belen_pacifico,9.9451345,-84.1358763,102
belen_pacifico,9.9448979,-84.1358105,103
belen_pacifico,9.9444947,-84.1358265,104
belen_pacifico,9.9441934,-84.1358491,105
belen_pacifico,9.9439874,-84.1358682,106
belen_pacifico,9.9434921,-84.1359248,107
belen_pacifico,9.9426069,-84.1360214,108
belen_pacifico,9.9417103,-84.1361333,109
belen_pacifico,9.941222,-84.1361764,110
belen_pacifico,9.9410177,-84.1361691,111
belen_pacifico,9.940893,-84.1361434,112
belen_pacifico,9.9408153,-84.1361264,113
belen_pacifico,9.9407782,-84.1361102,114
belen_pacifico,9.9407277,-84.1360783,115
belen_pacifico,9.9404913,-84.1359072,116
belen_pacifico,9.9403245,-84.1357196,117
belen_pacifico,9.9402052,-84.13544,118
belen_pacifico,9.9401443,-84.1352011,119
belen_pacifico,9.9401334,-84.1351584,120
belen_pacifico,9.940129,-84.1351172,121
belen_pacifico,9.9400741,-84.1346063,122
belen_pacifico,9.9400393,-84.1342488,123
belen_pacifico,9.9399761,-84.1335334,124
belen_pacifico,9.93996,-84.1333511,125
belen_pacifico,9.9399541,-84.1324677,126
belen_pacifico,9.9399871,-84.1315596,127
belen_pacifico,9.9400121,-84.130606,128
belen_pacifico,9.9401569,-84.1273819,129
belen_pacifico,9.9403739,-84.1237316,130
belen_pacifico,9.9402355,-84.1237152,131
belen_pacifico,9.9402396,-84.1235259,132
belen_pacifico,9.9401587,-84.1227607,133
belen_pacifico,9.9398456,-84.1220143,134
belen_pacifico,9.9393833,-84.1213764,135
belen_pacifico,9.9386357,-84.1207226,136
belen_pacifico,9.9384759,-84.1205828,137
belen_pacifico,9.9382944,-84.1202932,138
belen_pacifico,9.9379988,-84.1196425,139
belen_pacifico,9.9378877,-84.1193668,140
belen_pacifico,9.9371184,-84.1174587,141
belen_pacifico,9.9370198,-84.1171187,142
belen_pacifico,9.9369684,-84.1167884,143
belen_pacifico,9.9368955,-84.1163195,144
belen_pacifico,9.9367966,-84.1157881,145
belen_pacifico,9.9367783,-84.1156674,146
belen_pacifico,9.9367621,-84.1154394,147
belen_pacifico,9.936775,-84.1150989,148
belen_pacifico,9.9367909,-84.1144471,149
belen_pacifico,9.936775,-84.1138061,150
belen_pacifico,9.9367592,-84.1135567,151
belen_pacifico,9.9366958,-84.1133448,152
belen_pacifico,9.9366324,-84.1132214,153
belen_pacifico,9.9365531,-84.1131141,154
belen_pacifico,9.9364527,-84.1130095,155
belen_pacifico,9.9363284,-84.1129085,156
belen_pacifico,9.9361774,-84.1128082,157
belen_pacifico,9.9360803,-84.1127559,158
belen_pacifico,9.9359513,-84.1127081,159
belen_pacifico,9.9358435,-84.1126773,160
belen_pacifico,9.935707,-84.1126616,161
belen_pacifico,9.9354121,-84.1126823,162
belen_pacifico,9.9347997,-84.1126877,163
belen_pacifico,9.9344853,-84.1125672,164
belen_pacifico,9.9341474,-84.1123171,165
belen_pacifico,9.9338354,-84.1119459,166
belen_pacifico,9.9336421,-84.1114284,167
belen_pacifico,9.9335372,-84.1103089,168
belen_pacifico,9.9334995,-84.1099142,169
belen_pacifico,9.9326563,-84.1014151,170
belen_pacifico,9.9326467,-84.1014158,171
belen_pacifico,9.9324057,-84.0987077,172
belen_pacifico,9.9323793,-84.0984424,173
belen_pacifico,9.9323627,-84.0982979,174
belen_pacifico,9.9323561,-84.0982177,175
belen_pacifico,9.9323003,-84.0977075,176
belen_pacifico,9.9322482,-84.097488,177
belen_pacifico,9.9321681,-84.0972603,178
belen_pacifico,9.9320095,-84.096875,179
belen_pacifico,9.9316947,-84.0962424,180
belen_pacifico,9.9308862,-84.0947073,181
belen_pacifico,9.9308313,-84.0946484,182
belen_pacifico,9.9306868,-84.0944314,183
belen_pacifico,9.9305382,-84.0942428,184
belen_pacifico,9.9303611,-84.0940513,185
belen_pacifico,9.9302116,-84.0939136,186
belen_pacifico,9.9299259,-84.0937125,187
belen_pacifico,9.9289052,-84.0930263,188
belen_pacifico,9.928478,-84.0927599,189
belen_pacifico,9.9282132,-84.0925688,190
belen_pacifico,9.92750186,-84.09210541,191
belen_pacifico,9.9273064,-84.0919248,192
belen_pacifico,9.9271319,-84.0918611,193
belen_pacifico,9.9269607,-84.0917519,194
belen_pacifico,9.9264878,-84.0914501,195
belen_pacifico,9.9261842,-84.091254,196
belen_pacifico,9.9260257,-84.09114,197
belen_pacifico,9.9259689,-84.0910992,198
belen_pacifico,9.9259238,-84.0910545,199
belen_pacifico,9.9258116,-84.0909738,200
belen_pacifico,9.9256598,-84.0907566,201
belen_pacifico,9.9255816,-84.0906049,202
belen_pacifico,9.9255076,-84.0904344,203
belen_pacifico,9.9253976,-84.0898437,204
belen_pacifico,9.9252757,-84.0892389,205
belen_pacifico,9.924989,-84.0874217,206
belen_pacifico,9.9249764,-84.0870523,207
belen_pacifico,9.9250369,-84.0868748,208
belen_pacifico,9.9252137,-84.0864369,209
belen_pacifico,9.9253837,-84.0861128,210
belen_pacifico,9.9255773,-84.0856152,211
belen_pacifico,9.9256818,-84.0853768,212
belen_pacifico,9.9257564,-84.0850864,213
belen_pacifico,9.9258029,-84.084703,214
belen_pacifico,9.9258004,-84.0844052,215
belen_pacifico,9.9257294,-84.0836314,216
belen_pacifico,9.9253945,-84.0811014,217
cartago_atlantico,9.8665993,-83.9220103,0
cartago_atlantico,9.8666164,-83.9221019,1
cartago_atlantico,9.8666338,-83.9221821,2
cartago_atlantico,9.8667357,-83.9226176,3
cartago_atlantico,9.8667925,-83.9229151,4
cartago_atlantico,9.8668046,-83.9229519,5
cartago_atlantico,9.866821,-83.9229808,6
cartago_atlantico,9.8668423,-83.9230201,7
cartago_atlantico,9.8668837,-83.9230633,8
cartago_atlantico,9.8669114,-83.9230906,9
cartago_atlantico,9.8669703,-83.9231486,10
cartago_atlantico,9.8672316,-83.9234268,11
cartago_atlantico,9.8680098,-83.9241643,12
cartago_atlantico,9.8685145,-83.9246135,13
cartago_atlantico,9.8687844,-83.9248787,14
cartago_atlantico,9.8688608,-83.9249491,15
cartago_atlantico,9.8689621,-83.9250333,16
cartago_atlantico,9.8691459,-83.9251884,17
cartago_atlantico,9.8694095,-83.9253652,18
cartago_atlantico,9.869811,-83.925541,19
cartago_atlantico,9.8699221,-83.925582,20
cartago_atlantico,9.8714963,-83.9264436,21
cartago_atlantico,9.8719095,-83.9267115,22
cartago_atlantico,9.8725519,-83.9271173,23
cartago_atlantico,9.8729091,-83.9273636,24
cartago_atlantico,9.8738334,-83.9280007,25
cartago_atlantico,9.8742333,-83.9282554,26
cartago_atlantico,9.8743219,-83.928316,27
cartago_atlantico,9.8747936,-83.9286388,28
cartago_atlantico,9.8752853,-83.9289284,29
cartago_atlantico,9.8763641,-83.9295485,30
cartago_atlantico,9.8766736,-83.9297052,31
cartago_atlantico,9.8770594,-83.9298447,32
cartago_atlantico,9.87721,-83.9298844,33
cartago_atlantico,9.8774663,-83.929952,34
cartago_atlantico,9.8780054,-83.9300003,35
cartago_atlantico,9.8784703,-83.9300243,36
cartago_atlantico,9.8786728,-83.9300082,37
cartago_atlantico,9.8789573,-83.929986,38
cartago_atlantico,9.880995,-83.9298731,39
cartago_atlantico,9.8819637,-83.9298233,40
cartago_atlantico,9.8826772,-83.9297803,41
cartago_atlantico,9.8834857,-83.929716,42
cartago_atlantico,9.8836708,-83.929717,43
cartago_atlantico,9.8837919,-83.92972,44
cartago_atlantico,9.8855684,-83.9296,45
cartago_atlantico,9.8865816,-83.9295496,46
cartago_atlantico,9.8868363,-83.9295497,47
cartago_atlantico,9.8870637,-83.9295621,48
cartago_atlantico,9.887249,-83.9295706,49
cartago_atlantico,9.8873912,-83.9295734,50
cartago_atlantico,9.8877453,-83.9296033,51
cartago_atlantico,9.8879441,-83.9296118,52
cartago_atlantico,9.888501,-83.9299037,53
cartago_atlantico,9.8886768,-83.9300258,54
cartago_atlantico,9.8888604,-83.9301827,55
cartago_atlantico,9.8891048,-83.9305095,56
cartago_atlantico,9.889299,-83.9309283,57
cartago_atlantico,9.889387,-83.9311103,58
cartago_atlantico,9.8894628,-83.9314053,59
cartago_atlantico,9.8894839,-83.9318183,60
cartago_atlantico,9.8894469,-83.932226,61
cartago_atlantico,9.8894205,-83.9325908,62
cartago_atlantico,9.8893993,-83.932682,63
cartago_atlantico,9.8893945,-83.9328047,64
cartago_atlantico,9.8893888,-83.9329502,65
cartago_atlantico,9.8895209,-83.9333365,66
cartago_atlantico,9.889801,-83.9339748,67
cartago_atlantico,9.8899965,-83.9343128,68
cartago_atlantico,9.890265,-83.9345027,69
cartago_atlantico,9.8904352,-83.9345381,70
cartago_atlantico,9.8905461,-83.9345435,71
cartago_atlantico,9.8906994,-83.9345488,72
cartago_atlantico,9.8908421,-83.9345649,73
cartago_atlantico,9.8910376,-83.934581,74
cartago_atlantico,9.8911644,-83.9346186,75
cartago_atlantico,9.8912913,-83.9346668,76
cartago_atlantico,9.8914128,-83.9347259,77
cartago_atlantico,9.8915291,-83.9347902,78
cartago_atlantico,9.8916612,-83.9348975,79
cartago_atlantico,9.8917193,-83.9349994,80
cartago_atlantico,9.8918567,-83.9351604,81
cartago_atlantico,9.8919149,-83.935273,82
cartago_atlantico,9.8919888,-83.9354501,83
cartago_atlantico,9.8919941,-83.9355949,84
cartago_atlantico,9.8919783,-83.9357719,85
cartago_atlantico,9.8919466,-83.935965,86
cartago_atlantico,9.8919307,-83.9360509,87
cartago_atlantico,9.891899,-83.9362064,88
cartago_atlantico,9.891862,-83.9363781,89
cartago_atlantico,9.8918409,-83.9365498,90
cartago_atlantico,9.8917827,-83.9367643,91
cartago_atlantico,9.8917193,-83.936936,92
cartago_atlantico,9.8916823,-83.937113,93
cartago_atlantico,9.8916242,-83.9372525,94
cartago_atlantico,9.8915766,-83.9374027,95
cartago_atlantico,9.8915449,-83.9375529,96
cartago_atlantico,9.8915185,-83.9376709,97
cartago_atlantico,9.8914974,-83.9377836,98
cartago_atlantico,9.891434,-83.9379767,99
cartago_atlantico,9.8914181,-83.9381323,100
cartago_atlantico,9.8913864,-83.9384219,101
cartago_atlantico,9.8913917,-83.938658,102
cartago_atlantico,9.8914234,-83.9388618,103
cartago_atlantico,9.8915079,-83.9392051,104
cartago_atlantico,9.8916136,-83.9395109,105
cartago_atlantico,9.8917563,-83.9397899,106
cartago_atlantico,9.8919984,-83.9401783,107
cartago_atlantico,9.8923058,-83.9405906,108
cartago_atlantico,9.8927023,-83.9409861,109
cartago_atlantico,9.8931673,-83.9413509,110
cartago_atlantico,9.893458,-83.9415709,111
cartago_atlantico,9.894144,-83.9421506,112
cartago_atlantico,9.8944673,-83.9424238,113
cartago_atlantico,9.8950159,-83.9428336,114
cartago_atlantico,9.895297,-83.9429549,115
cartago_atlantico,9.8956771,-83.9430999,116
cartago_atlantico,9.8961998,-83.9432944,117
cartago_atlantico,9.8966975,-83.9435396,118
cartago_atlantico,9.8970969,-83.9437001,119
cartago_atlantico,9.8973096,-83.9437981,120
cartago_atlantico,9.8975684,-83.9439441,121
cartago_atlantico,9.8979552,-83.9441941,122
cartago_atlantico,9.8985946,-83.9446125,123
cartago_atlantico,9.8994296,-83.9451382,124
cartago_atlantico,9.9000109,-83.9454118,125
cartago_atlantico,9.9002804,-83.9455942,126
cartago_atlantico,9.9005552,-83.9458624,127
cartago_atlantico,9.9008723,-83.9462272,128
cartago_atlantico,9.9012105,-83.9466939,129
cartago_atlantico,9.9013584,-83.9470426,130
cartago_atlantico,9.9015032,-83.9475375,131
cartago_atlantico,9.9015634,-83.9477961,132
cartago_atlantico,9.9016539,-83.9490483,133
cartago_atlantico,9.901658,-83.9491052,134
cartago_atlantico,9.9017055,-83.9497632,135
cartago_atlantico,9.9017796,-83.9509529,136
cartago_atlantico,9.9018114,-83.9518453,137
cartago_atlantico,9.9018802,-83.9523534,138
cartago_atlantico,9.9020322,-83.9528499,139
cartago_atlantico,9.9024239,-83.9535909,140
cartago_atlantico,9.9029474,-83.9543088,141
cartago_atlantico,9.9029618,-83.9543334,142
cartago_atlantico,9.9031789,-83.9547239,143
cartago_atlantico,9.9033441,-83.9552775,144
cartago_atlantico,9.9036005,-83.955898,145
cartago_atlantico,9.9039804,-83.9565592,146
cartago_atlantico,9.9044655,-83.9570587,147
cartago_atlantico,9.9051114,-83.957465,148
cartago_atlantico,9.9056104,-83.9575944,149
cartago_atlantico,9.9060192,-83.9576818,150
cartago_atlantico,9.9064042,-83.9577942,151
cartago_atlantico,9.9068461,-83.9580941,152
cartago_atlantico,9.9072681,-83.9585498,153
cartago_atlantico,9.9075111,-83.9591067,154
cartago_atlantico,9.9079742,-83.9602888,155
cartago_atlantico,9.9084646,-83.9614304,156
cartago_atlantico,9.9089043,-83.9622286,157
cartago_atlantico,9.9093618,-83.9627998,158
cartago_atlantico,9.9095014,-83.962974,159
cartago_atlantico,9.9099355,-83.9636878,160
cartago_atlantico,9.9105146,-83.9643164,161
cartago_atlantico,9.9109849,-83.9647914,162
cartago_atlantico,9.9111746,-83.9653884,163
cartago_atlantico,9.9114408,-83.9664944,164
cartago_atlantico,9.9119486,-83.9680997,165
cartago_atlantico,9.9118917,-83.9690973,166
cartago_atlantico,9.9118892,-83.9695849,167
cartago_atlantico,9.911917,-83.9698783,168
cartago_atlantico,9.9119313,-83.9700454,169
cartago_atlantico,9.9120098,-83.9704276,170
cartago_atlantico,9.9126354,-83.9714833,171
cartago_atlantico,9.9129567,-83.9718867,172
cartago_atlantico,9.9132949,-83.9723158,173
cartago_atlantico,9.9134668,-83.972519,174
cartago_atlantico,9.9139882,-83.9733372,175
cartago_atlantico,9.9141742,-83.9738265,176
cartago_atlantico,9.9143314,-83.9743913,177
cartago_atlantico,9.9143552,-83.9745486,178
cartago_atlantico,9.9145129,-83.9752925,179
cartago_atlantico,9.9147533,-83.9763347,180
cartago_atlantico,9.914775,-83.9769586,181
cartago_atlantico,9.9147745,-83.9771309,182
cartago_atlantico,9.9146264,-83.9776051,183
cartago_atlantico,9.9146124,-83.97765,184
cartago_atlantico,9.9145547,-83.9778348,185
cartago_atlantico,9.9144615,-83.9780471,186
cartago_atlantico,9.9142724,-83.9784779,187
cartago_atlantico,9.9138555,-83.9794913,188
cartago_atlantico,9.9135416,-83.9800144,189
cartago_atlantico,9.9131404,-83.9804895,190
cartago_atlantico,9.9129918,-83.9807244,191
cartago_atlantico,9.9128358,-83.9811159,192
cartago_atlantico,9.9126733,-83.981799,193
cartago_atlantico,9.9126608,-83.9818516,194
cartago_atlantico,9.9125593,-83.982667,195
cartago_atlantico,9.9125147,-83.9830433,196
cartago_atlantico,9.9123817,-83.9834759,197
cartago_atlantico,9.9121579,-83.9839577,198
cartago_atlantico,9.9121112,-83.984048,199
cartago_atlantico,9.9120629,-83.9841412,200
cartago_atlantico,9.9117494,-83.9845856,201
cartago_atlantico,9.9116173,-83.9847465,202
cartago_atlantico,9.911424,-83.9850303,203
cartago_atlantico,9.9112132,-83.9853218,204
cartago_atlantico,9.9110254,-83.9856559,205
cartago_atlantico,9.9107363,-83.986272,206
cartago_atlantico,9.9105927,-83.9867094,207
cartago_atlantico,9.9105739,-83.9868888,208
cartago_atlantico,9.9105077,-83.9869691,209
cartago_atlantico,9.9104425,-83.9872009,210
cartago_atlantico,9.9103557,-83.9875411,211
cartago_atlantico,9.9103088,-83.9878401,212
cartago_atlantico,9.910283,-83.9880941,213
cartago_atlantico,9.9102818,-83.9881061,214
cartago_atlantico,9.9102375,-83.9886537,215
cartago_atlantico,9.9101835,-83.9894734,216
cartago_atlantico,9.9103103,-83.9901085,217
cartago_atlantico,9.9104033,-83.9907008,218
cartago_atlantico,9.9106908,-83.9914389,219
cartago_atlantico,9.9112657,-83.9923573,220
cartago_atlantico,9.9114517,-83.9926921,221
cartago_atlantico,9.9115194,-83.9930611,222
cartago_atlantico,9.9114348,-83.9949236,223
cartago_atlantico,9.9114421,-83.9960366,224
cartago_atlantico,9.9114433,-83.9962283,225
cartago_atlantico,9.9118745,-83.9977217,226
cartago_atlantico,9.9120605,-83.998314,227
cartago_atlantico,9.9120351,-83.9990435,228
cartago_atlantico,9.9118914,-83.9995413,229
cartago_atlantico,9.911494,-84.0005026,230
cartago_atlantico,9.9113672,-84.0017472,231
cartago_atlantico,9.9113324,-84.0030914,232
cartago_atlantico,9.9112602,-84.0038849,233
cartago_atlantico,9.9112194,-84.0040823,234
cartago_atlantico,9.911135,-84.004366,235
cartago_atlantico,9.9110028,-84.0046627,236
cartago_atlantico,9.9105714,-84.005587,237
cartago_atlantico,9.9104173,-84.0059506,238
cartago_atlantico,9.9102815,-84.0063048,239
cartago_atlantico,9.9102227,-84.0066221,240
cartago_atlantico,9.9102115,-84.0068953,241
cartago_atlantico,9.9102187,-84.0071593,242
cartago_atlantico,9.9102602,-84.0075614,243
cartago_atlantico,9.9103313,-84.007886,244
cartago_atlantico,9.9104576,-84.0081755,245
cartago_atlantico,9.9106631,-84.0085133,246
cartago_atlantico,9.9108768,-84.0088368,247
cartago_atlantico,9.9116124,-84.0098582,248
cartago_atlantico,9.9124494,-84.0110083,249
cartago_atlantico,9.9128539,-84.0115461,250
cartago_atlantico,9.9132405,-84.0118843,251
cartago_atlantico,9.9136077,-84.0121654,252
cartago_atlantico,9.9142739,-84.0127051,253
cartago_atlantico,9.9144665,-84.0129186,254
cartago_atlantico,9.914611,-84.0131525,255
cartago_atlantico,9.9147103,-84.0133958,256
cartago_atlantico,9.9147876,-84.0136411,257
cartago_atlantico,9.9148197,-84.0138516,258
cartago_atlantico,9.9148337,-84.0141068,259
cartago_atlantico,9.9147936,-84.0147246,260
cartago_atlantico,9.9148455,-84.0151757,261
cartago_atlantico,9.9150049,-84.0156556,262
cartago_atlantico,9.9151089,-84.0158445,263
cartago_atlantico,9.9155505,-84.016374,264
cartago_atlantico,9.9156664,-84.0165045,265
cartago_atlantico,9.9160715,-84.0168981,266
cartago_atlantico,9.9164094,-84.0172445,267
cartago_atlantico,9.9165551,-84.017423,268
cartago_atlantico,9.9166796,-84.0175785,269
cartago_atlantico,9.9168377,-84.0177986,270
cartago_atlantico,9.9169387,-84.017991,271
cartago_atlantico,9.9169802,-84.0181155,272
cartago_atlantico,9.9170051,-84.0182617,273
cartago_atlantico,9.917013,-84.0184234,274
cartago_atlantico,9.9169981,-84.0185958,275
cartago_atlantico,9.9168544,-84.0190678,276
cartago_atlantico,9.9167783,-84.019497,277
cartago_atlantico,9.9168629,-84.0200463,278
cartago_atlantico,9.9170742,-84.0204325,279
cartago_atlantico,9.9174936,-84.0208473,280
cartago_atlantico,9.9177337,-84.0210848,281
cartago_atlantico,9.9182072,-84.0216427,282
cartago_atlantico,9.918427,-84.0220547,283
cartago_atlantico,9.9185538,-84.0223466,284
cartago_atlantico,9.9186834,-84.0228107,285
cartago_atlantico,9.9190639,-84.023492,286
cartago_atlantico,9.9192772,-84.0238499,287
cartago_atlantico,9.9193069,-84.0238997,288
cartago_atlantico,9.9196352,-84.0244604,289
cartago_atlantico,9.9197594,-84.0247733,290
cartago_atlantico,9.9198192,-84.0251423,291
cartago_atlantico,9.9198192,-84.0255766,292
cartago_atlantico,9.9197364,-84.0259735,293
cartago_atlantico,9.91958,-84.0268235,294
cartago_atlantico,9.9195248,-84.0272484,295
cartago_atlantico,9.9195202,-84.0275707,296
cartago_atlantico,9.919603,-84.0279349,297
cartago_atlantico,9.9197579,-84.0282919,298
cartago_atlantico,9.9200446,-84.0287662,299
cartago_atlantico,9.9208873,-84.0301829,300
cartago_atlantico,9.9212086,-84.030715,301
cartago_atlantico,9.9213888,-84.0311536,302
cartago_atlantico,9.9214384,-84.0314327,303
cartago_atlantico,9.9214568,-84.0316943,304
cartago_atlantico,9.9214558,-84.0323249,305
cartago_atlantico,9.921466,-84.0328431,306
cartago_atlantico,9.9215253,-84.0331908,307
cartago_atlantico,9.921769,-84.0336197,308
cartago_atlantico,9.9221199,-84.0340096,309
cartago_atlantico,9.9228788,-84.0348031,310
cartago_atlantico,9.9229399,-84.034867,311
cartago_atlantico,9.9231428,-84.0350499,312
cartago_atlantico,9.9234597,-84.0353344,313
cartago_atlantico,9.9252818,-84.0371297,314
cartago_atlantico,9.9273253,-84.0391439,315
cartago_atlantico,9.9276345,-84.0394379,316
cartago_atlantico,9.9300262,-84.0417014,317
cartago_atlantico,9.9304082,-84.0418368,318
cartago_atlantico,9.9309168,-84.0419831,319
cartago_atlantico,9.9312972,-84.0421986,320
cartago_atlantico,9.93169,-84.0424946,321
cartago_atlantico,9.9319024,-84.0426701,322
cartago_atlantico,9.9321414,-84.0429751,323
cartago_atlantico,9.9323369,-84.043285,324
cartago_atlantico,9.9324705,-84.0435545,325
cartago_atlantico,9.9325526,-84.0438187,326
cartago_atlantico,9.9326027,-84.0439976,327
cartago_atlantico,9.9326307,-84.0444387,328
cartago_atlantico,9.932641,-84.0448184,329
cartago_atlantico,9.9326429,-84.0448899,330
cartago_atlantico,9.9326469,-84.0450655,331
cartago_atlantico,9.9326892,-84.045777,332
cartago_atlantico,9.9327383,-84.0467622,333
cartago_atlantico,9.9327561,-84.0469136,334
cartago_atlantico,9.9328589,-84.0477108,335
cartago_atlantico,9.9329369,-84.0481679,336
cartago_atlantico,9.9332136,-84.0493276,337
cartago_atlantico,9.9332674,-84.0495966,338
cartago_atlantico,9.9334745,-84.0503073,339
cartago_atlantico,9.9336837,-84.051054,340
cartago_atlantico,9.9339859,-84.0521666,341
cartago_atlantico,9.9340324,-84.0523175,342
cartago_atlantico,9.9340346,-84.05241899,343
cartago_atlantico,9.9341796,-84.0528887,344
cartago_atlantico,9.9344104,-84.0536339,345
cartago_atlantico,9.9344573,-84.0537972,346
cartago_atlantico,9.9349123,-84.0553234,347
cartago_atlantico,9.9349514,-84.0554471,348
cartago_atlantico,9.9349716,-84.0555179,349
cartago_atlantico,9.935085,-84.0559143,350
cartago_atlantico,9.9351827,-84.056271,351
cartago_atlantico,9.9352778,-84.0566251,352
cartago_atlantico,9.9353809,-84.0570515,353
cartago_atlantico,9.9354263,-84.0573417,354
cartago_atlantico,9.9354447,-84.0576149,355
cartago_atlantico,9.9354472,-84.0577088,356
cartago_atlantico,9.935449,-84.0578346,357
cartago_atlantico,9.9354493,-84.0578951,358
cartago_atlantico,9.935424,-84.0582103,359
cartago_atlantico,9.9353703,-84.0585294,360
cartago_atlantico,9.934974,-84.0599349,361
cartago_atlantico,9.9347494,-84.0607128,362
cartago_atlantico,9.9346013,-84.0612067,363
cartago_atlantico,9.9345539,-84.0613648,364
cartago_atlantico,9.9343135,-84.0621665,365
cartago_atlantico,9.9339051,-84.0635476,366
cartago_atlantico,9.93386,-84.0637196,367
cartago_atlantico,9.9336919,-84.0643327,368
cartago_atlantico,9.9335883,-84.0648111,369
cartago_atlantico,9.9335683,-84.0649459,370
cartago_atlantico,9.9335552,-84.0650526,371
cartago_atlantico,9.9335423,-84.0653349,372
cartago_atlantico,9.9335718,-84.0656888,373
cartago_atlantico,9.9336275,-84.0661287,374
cartago_atlantico,9.9336442,-84.066215,375
cartago_atlantico,9.9336536,-84.0662543,376
cartago_atlantico,9.9337832,-84.0666193,377
cartago_atlantico,9.9340078,-84.0670711,378
cartago_atlantico,9.9340801,-84.0672424,379
cartago_atlantico,9.9341662,-84.0674254,380
cartago_atlantico,9.9343165,-84.0677596,381
cartago_atlantico,9.9343972,-84.067946,382
cartago_atlantico,9.9347342,-84.0686116,383
cartago_atlantico,9.9347298,-84.068614,384
cartago_atlantico,9.9347849,-84.0687269,385
cartago_atlantico,9.9348741,-84.0689369,386
cfia_metropoli,9.9252818,-84.0371297,0
cfia_metropoli,9.9273253,-84.0391439,1
cfia_metropoli,9.9276345,-84.0394379,2
cfia_metropoli,9.9300262,-84.0417014,3
cfia_metropoli,9.9304082,-84.0418368,4
cfia_metropoli,9.9309168,-84.0419831,5
cfia_metropoli,9.9312972,-84.0421986,6
cfia_metropoli,9.93169,-84.0424946,7
cfia_metropoli,9.9319024,-84.0426701,8
cfia_metropoli,9.9321414,-84.0429751,9
cfia_metropoli,9.9323369,-84.043285,10
cfia_metropoli,9.9324705,-84.0435545,11
cfia_metropoli,9.9325526,-84.0438187,12
cfia_metropoli,9.9326027,-84.0439976,13
cfia_metropoli,9.9326307,-84.0444387,14
cfia_metropoli,9.932641,-84.0448184,15
cfia_metropoli,9.9326429,-84.0448899,16
cfia_metropoli,9.9326469,-84.0450655,17
cfia_metropoli,9.9326892,-84.045777,18
cfia_metropoli,9.9327383,-84.0467622,19
cfia_metropoli,9.9327561,-84.0469136,20
cfia_metropoli,9.9328589,-84.0477108,21
cfia_metropoli,9.9329369,-84.0481679,22
cfia_metropoli,9.9332136,-84.0493276,23
cfia_metropoli,9.9332674,-84.0495966,24
cfia_metropoli,9.9334745,-84.0503073,25
cfia_metropoli,9.9336837,-84.051054,26
cfia_metropoli,9.9339859,-84.0521666,27
cfia_metropoli,9.9340324,-84.0523175,28
cfia_metropoli,9.9340346,-84.05241899,29
cfia_metropoli,9.9341796,-84.0528887,30
cfia_metropoli,9.9344104,-84.0536339,31
cfia_metropoli,9.9344573,-84.0537972,32
cfia_metropoli,9.9349123,-84.0553234,33
cfia_metropoli,9.9349514,-84.0554471,34
cfia_metropoli,9.9349716,-84.0555179,35
cfia_metropoli,9.935085,-84.0559143,36
cfia_metropoli,9.9351827,-84.056271,37
cfia_metropoli,9.9352778,-84.0566251,38
cfia_metropoli,9.9353809,-84.0570515,39
cfia_metropoli,9.9354263,-84.0573417,40
cfia_metropoli,9.9354447,-84.0576149,41
cfia_metropoli,9.9354472,-84.0577088,42
cfia_metropoli,9.935449,-84.0578346,43
cfia_metropoli,9.9354493,-84.0578951,44
cfia_metropoli,9.935424,-84.0582103,45
cfia_metropoli,9.9353703,-84.0585294,46
cfia_metropoli,9.934974,-84.0599349,47
cfia_metropoli,9.9347494,-84.0607128,48
cfia_metropoli,9.9346013,-84.0612067,49
cfia_metropoli,9.9345539,-84.0613648,50
cfia_metropoli,9.9343135,-84.0621665,51
cfia_metropoli,9.9339051,-84.0635476,52
cfia_metropoli,9.93386,-84.0637196,53
cfia_metropoli,9.9336919,-84.0643327,54
cfia_metropoli,9.9335883,-84.0648111,55
cfia_metropoli,9.9335683,-84.0649459,56
cfia_metropoli,9.9335552,-84.0650526,57
cfia_metropoli,9.9335423,-84.0653349,58
cfia_metropoli,9.9335718,-84.0656888,59
cfia_metropoli,9.9336275,-84.0661287,60
cfia_metropoli,9.9336442,-84.066215,61
cfia_metropoli,9.9336536,-84.0662543,62
cfia_metropoli,9.9337832,-84.0666193,63
cfia_metropoli,9.9340078,-84.0670711,64
cfia_metropoli,9.9340801,-84.0672424,65
cfia_metropoli,9.9341662,-84.0674254,66
cfia_metropoli,9.9343165,-84.0677596,67
cfia_metropoli,9.9343972,-84.067946,68
cfia_metropoli,9.9347342,-84.0686116,69
cfia_metropoli,9.9347298,-84.068614,70
cfia_metropoli,9.9347849,-84.0687269,71
cfia_metropoli,9.9348741,-84.0689369,72
cfia_metropoli,9.9347849,-84.0687269,73
cfia_metropoli,9.9347342,-84.0686116,74
cfia_metropoli,9.9343972,-84.067946,75
cfia_metropoli,9.9343165,-84.0677596,76
cfia_metropoli,9.9341662,-84.0674254,77
cfia_metropoli,9.9340801,-84.0672424,78
cfia_metropoli,9.9340078,-84.0670711,79
cfia_metropoli,9.9337832,-84.0666193,80
cfia_metropoli,9.9336536,-84.0662543,81
cfia_metropoli,9.9336442,-84.066215,82
cfia_metropoli,9.9336275,-84.0661287,83
cfia_metropoli,9.9335718,-84.0656888,84
cfia_metropoli,9.9335423,-84.0653349,85
cfia_metropoli,9.9335552,-84.0650526,86
cfia_metropoli,9.9335683,-84.0649459,87
cfia_metropoli,9.9335883,-84.0648111,88
cfia_metropoli,9.9336919,-84.0643327,89
cfia_metropoli,9.93386,-84.0637196,90
cfia_metropoli,9.9339051,-84.0635476,91
cfia_metropoli,9.9338934,-84.0632555,92
cfia_metropoli,9.9338538,-84.0630543,93
cfia_metropoli,9.9337772,-84.0628666,94
cfia_metropoli,9.9336266,-84.0626734,95
cfia_metropoli,9.933513,-84.0625742,96
cfia_metropoli,9.9333914,-84.0624991,97
cfia_metropoli,9.9331517,-84.0624012,98
cfia_metropoli,9.9328815,-84.0623865,99
cfia_metropoli,9.9326226,-84.0624294,100
cfia_metropoli,9.9324482,-84.0625098,101
cfia_metropoli,9.9322025,-84.0626895,102
cfia_metropoli,9.9319727,-84.062939,103
cfia_metropoli,9.9318829,-84.0630999,104
cfia_metropoli,9.9317909,-84.0632935,105
cfia_metropoli,9.9317982,-84.0638305,106
cfia_metropoli,9.9318601,-84.0643195,107
cfia_metropoli,9.9319546,-84.0646937,108
cfia_metropoli,9.9320424,-84.0650798,109
cfia_metropoli,9.9320656,-84.0652956,110
cfia_metropoli,9.932069,-84.0653951,111
cfia_metropoli,9.9320708,-84.0654868,112
cfia_metropoli,9.932034,-84.0656278,113
cfia_metropoli,9.9320171,-84.065646,114
cfia_metropoli,9.9319766,-84.0657133,115
cfia_metropoli,9.9318825,-84.0658726,116
cfia_metropoli,9.9315591,-84.0663747,117
cfia_metropoli,9.9314579,-84.0665335,118
cfia_metropoli,9.9313728,-84.0667109,119
cfia_metropoli,9.9313013,-84.0669606,120
cfia_metropoli,9.9312486,-84.0672643,121
cfia_metropoli,9.9312532,-84.0675936,122
cfia_metropoli,9.9313153,-84.0678878,123
cfia_metropoli,9.9314307,-84.0681863,124
cfia_metropoli,9.9319769,-84.0692549,125
cfia_metropoli,9.932044,-84.0693697,126
cfia_metropoli,9.9321114,-84.0695759,127
cfia_metropoli,9.932163,-84.0700585,128
cfia_metropoli,9.9321644,-84.0701113,129
cfia_metropoli,9.9321482,-84.0705146,130
cfia_metropoli,9.9321183,-84.0707967,131
cfia_metropoli,9.932063,-84.071038,132
cfia_metropoli,9.9320045,-84.0712178,133
cfia_metropoli,9.9318228,-84.0715658,134
cfia_metropoli,9.931663,-84.0718639,135
cfia_metropoli,9.9312756,-84.0725767,136
cfia_metropoli,9.9312068,-84.0727059,137
cfia_metropoli,9.9311851,-84.0727575,138
cfia_metropoli,9.9311337,-84.0728796,139
cfia_metropoli,9.9309536,-84.0729907,140
cfia_metropoli,9.9308689,-84.0730492,141
cfia_metropoli,9.9307374,-84.0731224,142
cfia_metropoli,9.9306293,-84.0731681,143
cfia_metropoli,9.9301951,-84.0731828,144
cfia_metropoli,9.9294115,-84.0732285,145
cfia_metropoli,9.928865,-84.0732596,146
cfia_metropoli,9.9283552,-84.0732729,147
cfia_metropoli,9.9278973,-84.073298,148
cfia_metropoli,9.9273891,-84.0733182,149
cfia_metropoli,9.9268467,-84.073331,150
cfia_metropoli,9.9261057,-84.0733682,151
cfia_metropoli,9.9259232,-84.073426,152
cfia_metropoli,9.9257754,-84.0734821,153
cfia_metropoli,9.9257026,-84.0735136,154
cfia_metropoli,9.9256595,-84.0735292,155
cfia_metropoli,9.9254993,-84.0736507,156
cfia_metropoli,9.9253187,-84.0738048,157
cfia_metropoli,9.9252034,-84.073948,158
cfia_metropoli,9.925085,-84.0741406,159
cfia_metropoli,9.9250258,-84.0743336,160
cfia_metropoli,9.9249434,-84.0746097,161
cfia_metropoli,9.9249291,-84.0747599,162
cfia_metropoli,9.9249314,-84.0748187,163
cfia_metropoli,9.9250057,-84.0756998,164
cfia_metropoli,9.9250817,-84.076611,165
cfia_metropoli,9.9251296,-84.0771475,166
cfia_metropoli,9.9251862,-84.0777445,167
cfia_metropoli,9.9253116,-84.0791117,168
cfia_metropoli,9.9253156,-84.0791463,169
cfia_metropoli,9.9253651,-84.0797588,170
cfia_metropoli,9.9253866,-84.0799658,171
cfia_metropoli,9.92540567,-84.0802126,172
cfia_metropoli,9.925431,-84.0803734,173
cfia_metropoli,9.92541693,-84.0803725,174
cfia_metropoli,9.9253576,-84.0803989,175
cfia_metropoli,9.9253523,-84.0806108,176
cfia_metropoli,9.92537369,-84.0808722,177
cfia_metropoli,9.9253945,-84.0811014,178
cfia_metropoli,9.9257294,-84.0836314,179
cfia_metropoli,9.9258004,-84.0844052,180
cfia_metropoli,9.9258029,-84.084703,181
cfia_metropoli,9.9257564,-84.0850864,182
cfia_metropoli,9.9256818,-84.0853768,183
cfia_metropoli,9.9255773,-84.0856152,184
cfia_metropoli,9.9253837,-84.0861128,185
cfia_metropoli,9.9252137,-84.0864369,186
cfia_metropoli,9.9250369,-84.0868748,187
cfia_metropoli,9.9249764,-84.0870523,188
cfia_metropoli,9.924989,-84.0874217,189
cfia_metropoli,9.9252757,-84.0892389,190
cfia_metropoli,9.9253976,-84.0898437,191
cfia_metropoli,9.9255076,-84.0904344,192
cfia_metropoli,9.9255816,-84.0906049,193
cfia_metropoli,9.9256598,-84.0907566,194
cfia_metropoli,9.9258116,-84.0909738,195
cfia_metropoli,9.9259238,-84.0910545,196
cfia_metropoli,9.9259689,-84.0910992,197
cfia_metropoli,9.9260257,-84.09114,198
cfia_metropoli,9.9261842,-84.091254,199
cfia_metropoli,9.9264878,-84.0914501,200
cfia_metropoli,9.9269607,-84.0917519,201
cfia_metropoli,9.9271319,-84.0918611,202
cfia_metropoli,9.9273064,-84.0919248,203
cfia_metropoli,9.92750186,-84.09210541,204
cfia_metropoli,9.9282132,-84.0925688,205
cfia_metropoli,9.928478,-84.0927599,206
cfia_metropoli,9.9289052,-84.0930263,207
cfia_metropoli,9.9299259,-84.0937125,208
cfia_metropoli,9.9302116,-84.0939136,209
cfia_metropoli,9.9303611,-84.0940513,210
cfia_metropoli,9.9305382,-84.0942428,211
cfia_metropoli,9.9306868,-84.0944314,212
cfia_metropoli,9.9308313,-84.0946484,213
cfia_metropoli,9.9308862,-84.0947073,214
cfia_metropoli,9.9316947,-84.0962424,215
cfia_metropoli,9.9320095,-84.096875,216
cfia_metropoli,9.9321681,-84.0972603,217
cfia_metropoli,9.9322482,-84.097488,218
cfia_metropoli,9.9323003,-84.0977075,219
cfia_metropoli,9.9323561,-84.0982177,220
cfia_metropoli,9.9323627,-84.0982979,221
cfia_metropoli,9.9323793,-84.0984424,222
cfia_metropoli,9.9324057,-84.0987077,223
cfia_metropoli,9.9326467,-84.1014158,224
cfia_metropoli,9.9326563,-84.1014151,225
cfia_metropoli,9.9334995,-84.1099142,226
cfia_metropoli,9.9335372,-84.1103089,227
cfia_metropoli,9.9336421,-84.1114284,228
cfia_metropoli,9.9338354,-84.1119459,229
cfia_metropoli,9.9341474,-84.1123171,230
cfia_metropoli,9.9344853,-84.1125672,231
cfia_metropoli,9.9347997,-84.1126877,232
cfia_metropoli,9.9354121,-84.1126823,233
cfia_metropoli,9.935707,-84.1126616,234
cfia_metropoli,9.9358435,-84.1126773,235
cfia_metropoli,9.9359513,-84.1127081,236
cfia_metropoli,9.9360803,-84.1127559,237
cfia_metropoli,9.9361774,-84.1128082,238
cfia_metropoli,9.9363284,-84.1129085,239
cfia_metropoli,9.9364527,-84.1130095,240
cfia_metropoli,9.9365531,-84.1131141,241
cfia_metropoli,9.9366324,-84.1132214,242
cfia_metropoli,9.9366958,-84.1133448,243
cfia_metropoli,9.9367592,-84.1135567,244
cfia_metropoli,9.936775,-84.1138061,245
cfia_metropoli,9.9367909,-84.1144471,246
cfia_metropoli,9.936775,-84.1150989,247
cfia_metropoli,9.9367621,-84.1154394,248
cfia_metropoli,9.9367783,-84.1156674,249
cfia_metropoli,9.9367966,-84.1157881,250
cfia_metropoli,9.9368955,-84.1163195,251
cfia_metropoli,9.9369684,-84.1167884,252
cfia_metropoli,9.9370198,-84.1171187,253
cfia_metropoli,9.9371184,-84.1174587,254
cfia_metropoli,9.9378877,-84.1193668,255
cfia_metropoli,9.9379988,-84.1196425,256
cfia_metropoli,9.9382944,-84.1202932,257
cfia_metropoli,9.9384759,-84.1205828,258
cfia_metropoli,9.9386357,-84.1207226,259
cfia_metropoli,9.9393833,-84.1213764,260
cfia_metropoli,9.9398456,-84.1220143,261
cfia_metropoli,9.9401587,-84.1227607,262
cfia_metropoli,9.9402396,-84.1235259,263
cfia_metropoli,9.9402355,-84.1237152,264
cfia_metropoli,9.9403739,-84.1237316,265
cfia_metropoli,9.9401569,-84.1273819,266
cfia_metropoli,9.9400121,-84.130606,267
cfia_metropoli,9.9399871,-84.1315596,268
cfia_metropoli,9.9399541,-84.1324677,269
cfia_metropoli,9.93996,-84.1333511,270
cfia_metropoli,9.9399761,-84.1335334,271
cfia_metropoli,9.9400393,-84.1342488,272
cfia_metropoli,9.9400741,-84.1346063,273
cfia_metropoli,9.940129,-84.1351172,274
cfia_metropoli,9.9401334,-84.1351584,275
cfia_metropoli,9.9401443,-84.1352011,276
cfia_metropoli,9.9402052,-84.13544,277
cfia_metropoli,9.9403245,-84.1357196,278
cfia_metropoli,9.9404913,-84.1359072,279
cfia_metropoli,9.9407277,-84.1360783,280
cfia_metropoli,9.9407782,-84.1361102,281
cfia_metropoli,9.9408153,-84.1361264,282
cfia_metropoli,9.940893,-84.1361434,283
cfia_metropoli,9.9410177,-84.1361691,284
cfia_metropoli,9.941222,-84.1361764,285
cfia_metropoli,9.9417103,-84.1361333,286
cfia_metropoli,9.9426069,-84.1360214,287
cfia_metropoli,9.9434921,-84.1359248,288
cfia_metropoli,9.9439874,-84.1358682,289
cfia_metropoli,9.9441934,-84.1358491,290
cfia_metropoli,9.9444947,-84.1358265,291
cfia_metropoli,9.9448979,-84.1358105,292
cfia_metropoli,9.9451345,-84.1358763,293
cfia_metropoli,9.945368,-84.1359982,294
cfia_metropoli,9.9456094,-84.1362038,295
cfia_metropoli,9.9457991,-84.136453,296
cfia_metropoli,9.9461457,-84.1374652,297
cfia_metropoli,9.9463192,-84.1380366,298
cfia_metropoli,9.9469399,-84.1400628,299
cfia_metropoli,9.947496,-84.1421,300
cfia_metropoli,9.9476398,-84.1424505,301
cfia_metropoli,9.9478248,-84.1427591,302
cfia_metropoli,9.9481148,-84.1430724,303
cfia_metropoli,9.9484209,-84.1433056,304
cfia_metropoli,9.9493497,-84.1437941,305
cfia_metropoli,9.9498597,-84.1440878,306
cfia_metropoli,9.9498709,-84.1440943,307
cfia_metropoli,9.9512865,-84.1448767,308
cfia_metropoli,9.9535703,-84.1460022,309
cfia_metropoli,9.9537889,-84.1461154,310
cfia_metropoli,9.9539983,-84.1462897,311
cfia_metropoli,9.9541803,-84.1465164,312
cfia_metropoli,9.9543582,-84.1468083,313
cfia_metropoli,9.955132,-84.1485207,314
cfia_metropoli,9.9556673,-84.1497053,315
cfia_metropoli,9.955766,-84.1498934,316
cfia_metropoli,9.9559195,-84.1500782,317
cfia_metropoli,9.956142,-84.1502948,318
cfia_metropoli,9.9562952,-84.150403,319
cfia_metropoli,9.9564417,-84.1504816,320
cfia_metropoli,9.9569459,-84.1506836,321
cfia_metropoli,9.957101,-84.1507712,322
cfia_metropoli,9.9572144,-84.1508221,323
cfia_metropoli,9.9573359,-84.1509105,324
cfia_metropoli,9.9575594,-84.151059,325
cfia_metropoli,9.9576935,-84.1511888,326
cfia_metropoli,9.9578623,-84.15138,327
cfia_metropoli,9.9588981,-84.1530463,328
cfia_metropoli,9.9597493,-84.1544204,329
cfia_metropoli,9.9616592,-84.1574295,330
cfia_metropoli,9.9618536,-84.1577814,331
cfia_metropoli,9.9619297,-84.1580303,332
cfia_metropoli,9.9619551,-84.1586569,333
cfia_metropoli,9.962048,-84.1592577,334
cfia_metropoli,9.9622124,-84.1596532,335
cfia_metropoli,9.9623777,-84.1598843,336
cfia_metropoli,9.9632479,-84.161048,337
cfia_metropoli,9.9641615,-84.1615065,338
cfia_metropoli,9.9644151,-84.1617811,339
cfia_metropoli,9.9646264,-84.1621588,340
cfia_metropoli,9.9649645,-84.1629656,341
cfia_metropoli,9.9650848,-84.1633237,342
cfia_metropoli,9.9653196,-84.1639956,343
cfia_metropoli,9.965514,-84.1642531,344
cfia_metropoli,9.965793,-84.164605,345
cfia_metropoli,9.9661227,-84.165695,346
cfia_metropoli,9.9661565,-84.1660298,347
cfia_metropoli,9.9660804,-84.1665791,348
cfia_metropoli,9.9661819,-84.1669825,349
cfia_metropoli,9.9664186,-84.1672538,350
cfia_metropoli,9.9668652,-84.1676427,351
cfia_metropoli,9.9678895,-84.1690682,352
cfia_metropoli,9.9681769,-84.16936,353
cfia_metropoli,9.9685488,-84.1694887,354
cfia_metropoli,9.9704931,-84.1703642,355
cfia_metropoli,9.9717358,-84.1706904,356
cfia_metropoli,9.972243,-84.1709307,357
cfia_metropoli,9.972784,-84.1713255,358
cfia_metropoli,9.9731306,-84.1717632,359
cfia_metropoli,9.9734011,-84.1722439,360
cfia_metropoli,9.973604,-84.172716,361
cfia_metropoli,9.9737139,-84.1731795,362
cfia_metropoli,9.9737562,-84.1738318,363
cfia_metropoli,9.9737731,-84.1753681,364
cfia_metropoli,9.9739252,-84.1766642,365
cfia_metropoli,9.9741112,-84.1776169,366
cfia_metropoli,9.974361,-84.1781875,367
cfia_metropoli,9.9744155,-84.1783121,368
cfia_metropoli,9.9744622,-84.1783816,369
cfia_metropoli,9.974779,-84.1788529,370
cfia_metropoli,9.9750918,-84.1792219,371
cfia_metropoli,9.975413,-84.179488,372
cfia_metropoli,9.9757417,-84.1798155,373
cfia_metropoli,9.9758695,-84.1799429,374
cfia_metropoli,9.9763851,-84.1804407,375
cfia_metropoli,9.9767571,-84.1806896,376
cfia_metropoli,9.9770529,-84.1808184,377
cfia_metropoli,9.9775433,-84.1808634,378
cfia_metropoli,9.9778276,-84.1808959,379
cfia_metropoli,9.9781399,-84.1809304,380
cfia_metropoli,9.9784983,-84.1810097,381
cfia_metropoli,9.9786304,-84.1810788,382
cfia_metropoli,9.9787445,-84.1811784,383
cfia_metropoli,9.9788886,-84.1813492,384
cfia_metropoli,9.9789867,-84.1815179,385
cfia_metropoli,9.9790388,-84.1816825,386
cfia_metropoli,9.9790888,-84.1819793,387
cfia_metropoli,9.9790969,-84.1822009,388
cfia_metropoli,9.9790989,-84.1823513,389
cfia_metropoli,9.9790928,-84.1824753,390
cfia_metropoli,9.9790408,-84.1827172,391
cfia_metropoli,9.9788586,-84.1833087,392
cfia_metropoli,9.9785043,-84.1847012,393
cfia_metropoli,9.9784986,-84.1848199,394
cfia_metropoli,9.9784607,-84.1849399,395
heredia_atlantico,9.9947002,-84.1170613,0
heredia_atlantico,9.9946758,-84.1170597,1
heredia_atlantico,9.9946617,-84.1166939,2
heredia_atlantico,9.9946381,-84.1166941,3
heredia_atlantico,9.9945773,-84.1161345,4
heredia_atlantico,9.9945473,-84.1159633,5
heredia_atlantico,9.9945191,-84.1158752,6
heredia_atlantico,9.9945003,-84.1158126,7
heredia_atlantico,9.9944768,-84.115744,8
heredia_atlantico,9.9941559,-84.1150124,9
heredia_atlantico,9.99407,-84.1147968,10
heredia_atlantico,9.9940138,-84.1145987,11
heredia_atlantico,9.9939789,-84.114399,12
heredia_atlantico,9.9939685,-84.1142225,13
heredia_atlantico,9.993987,-84.1140367,14
heredia_atlantico,9.9940545,-84.1137678,15
heredia_atlantico,9.9941433,-84.1134865,16
heredia_atlantico,9.9941796,-84.1132916,17
heredia_atlantico,9.9941595,-84.112975,18
heredia_atlantico,9.994133,-84.1128775,19
heredia_atlantico,9.9940166,-84.1126614,20
heredia_atlantico,9.9939337,-84.1125424,21
heredia_atlantico,9.9938449,-84.1124476,22
heredia_atlantico,9.9937622,-84.1123789,23
heredia_atlantico,9.9934746,-84.1122267,24
heredia_atlantico,9.9919342,-84.1116738,25
heredia_atlantico,9.991744,-84.1116007,26
heredia_atlantico,9.9916039,-84.1115498,27
heredia_atlantico,9.9910999,-84.1113456,28
heredia_atlantico,9.9908846,-84.1112698,29
heredia_atlantico,9.9905784,-84.1111621,30
heredia_atlantico,9.9900494,-84.1109143,31
heredia_atlantico,9.98963,-84.1106426,32
heredia_atlantico,9.9874515,-84.1090156,33
heredia_atlantico,9.9869738,-84.108677,34
heredia_atlantico,9.9857048,-84.1077508,35
heredia_atlantico,9.9843436,-84.1067613,36
heredia_atlantico,9.9828911,-84.1057018,37
heredia_atlantico,9.9827004,-84.1055626,38
heredia_atlantico,9.9798045,-84.1034064,39
heredia_atlantico,9.9781417,-84.1021781,40
heredia_atlantico,9.9779544,-84.1020166,41
heredia_atlantico,9.9773002,-84.1013367,42
heredia_atlantico,9.9768907,-84.1009346,43
heredia_atlantico,9.9764662,-84.1006516,44
heredia_atlantico,9.9759971,-84.1004506,45
heredia_atlantico,9.9752706,-84.1002575,46
heredia_atlantico,9.974934,-84.100166,47
heredia_atlantico,9.9743317,-84.1000102,48
heredia_atlantico,9.974061,-84.0999219,49
heredia_atlantico,9.9734728,-84.099624,50
heredia_atlantico,9.9729738,-84.0991475,51
heredia_atlantico,9.9724809,-84.0986159,52
heredia_atlantico,9.9721402,-84.0982397,53
heredia_atlantico,9.9719462,-84.098023,54
heredia_atlantico,9.971351,-84.0973432,55
heredia_atlantico,9.9709037,-84.0968391,56
heredia_atlantico,9.9696621,-84.095552,57
heredia_atlantico,9.9693772,-84.0952306,58
heredia_atlantico,9.9689718,-84.0947839,59
heredia_atlantico,9.967195,-84.0928496,60
heredia_atlantico,9.9669361,-84.092532,61
heredia_atlantico,9.9667561,-84.0920585,62
heredia_atlantico,9.9667371,-84.0915702,63
heredia_atlantico,9.9668381,-84.0911277,64
heredia_atlantico,9.9668201,-84.0907639,65
heredia_atlantico,9.9666795,-84.0904702,66
heredia_atlantico,9.9663838,-84.0902639,67
heredia_atlantico,9.9655498,-84.0899586,68
heredia_atlantico,9.9651328,-84.0898096,69
heredia_atlantico,9.9646934,-84.0897352,70
heredia_atlantico,9.964202,-84.0897501,71
heredia_atlantico,9.9638669,-84.0899511,72
heredia_atlantico,9.963636,-84.0902862,73
heredia_atlantico,9.9634493,-84.0907677,74
heredia_atlantico,9.963219,-84.090977,75
heredia_atlantico,9.9628906,-84.0910748,76
heredia_atlantico,9.9625563,-84.0910861,77
heredia_atlantico,9.9624647,-84.0910739,78
heredia_atlantico,9.9621067,-84.0909123,79
heredia_atlantico,9.9616526,-84.0906076,80
heredia_atlantico,9.9599741,-84.0895209,81
heredia_atlantico,9.958879,-84.0887993,82
heredia_atlantico,9.9578283,-84.0881389,83
heredia_atlantico,9.9555752,-84.0866788,84
heredia_atlantico,9.9554726,-84.0866106,85
heredia_atlantico,9.9551575,-84.086401,86
heredia_atlantico,9.9549392,-84.0862465,87
heredia_atlantico,9.9548351,-84.0861835,88
heredia_atlantico,9.9547059,-84.0861228,89
heredia_atlantico,9.9541497,-84.0857663,90
heredia_atlantico,9.9505538,-84.0834022,91
heredia_atlantico,9.9503989,-84.0832502,92
heredia_atlantico,9.9502724,-84.0830634,93
heredia_atlantico,9.9501321,-84.0827365,94
heredia_atlantico,9.9500654,-84.0823582,95
heredia_atlantico,9.95007,-84.0820547,96
heredia_atlantico,9.9501022,-84.0817511,97
heredia_atlantico,9.9502149,-84.0809782,98
heredia_atlantico,9.9502494,-84.080682,99
heredia_atlantico,9.9502586,-84.0804832,100
heredia_atlantico,9.9502425,-84.0803011,101
heredia_atlantico,9.950185,-84.0800979,102
heredia_atlantico,9.9500746,-84.0799088,103
heredia_atlantico,9.9499343,-84.0797337,104
heredia_atlantico,9.9497871,-84.0794932,105
heredia_atlantico,9.9496468,-84.0792807,106
heredia_atlantico,9.9494813,-84.0789725,107
heredia_atlantico,9.9494077,-84.0787086,108
heredia_atlantico,9.9493594,-84.0784004,109
heredia_atlantico,9.9492732,-84.0776168,110
heredia_atlantico,9.9491962,-84.0773625,111
heredia_atlantico,9.9491087,-84.0772049,112
heredia_atlantico,9.949042,-84.0771185,113
heredia_atlantico,9.9489592,-84.0770344,114
heredia_atlantico,9.9488465,-84.076948,115
heredia_atlantico,9.9486625,-84.0768523,116
heredia_atlantico,9.9482876,-84.0766702,117
heredia_atlantico,9.9481266,-84.0765604,118
heredia_atlantico,9.948016,-84.0764298,119
heredia_atlantico,9.9479147,-84.0762948,120
heredia_atlantico,9.9477517,-84.0759043,121
heredia_atlantico,9.9476091,-84.075484,122
heredia_atlantico,9.9475056,-84.0751151,123
heredia_atlantico,9.9473125,-84.0746527,124
heredia_atlantico,9.9471308,-84.0743562,125
heredia_atlantico,9.9469376,-84.0740713,126
heredia_atlantico,9.9465374,-84.0735536,127
heredia_atlantico,9.9460112,-84.0728059,128
heredia_atlantico,9.9459928,-84.0728221,129
heredia_atlantico,9.945944,-84.072759,130
heredia_atlantico,9.9456862,-84.0724065,131
heredia_atlantico,9.9455116,-84.0721975,132
heredia_atlantico,9.9453678,-84.0719915,133
heredia_atlantico,9.9451772,-84.0717715,134
heredia_atlantico,9.9449365,-84.0714596,135
heredia_atlantico,9.9447226,-84.0711887,136
heredia_atlantico,9.9444673,-84.0708875,137
heredia_atlantico,9.9442499,-84.0706101,138
heredia_atlantico,9.9439989,-84.070299,139
heredia_atlantico,9.9437767,-84.0700177,140
heredia_atlantico,9.9436517,-84.0699144,141
heredia_atlantico,9.9434626,-84.0698001,142
heredia_atlantico,9.9432935,-84.0697142,143
heredia_atlantico,9.9431503,-84.0696688,144
heredia_atlantico,9.9430029,-84.0696418,145
heredia_atlantico,9.9428555,-84.0696171,146
heredia_atlantico,9.9426301,-84.0695793,147
heredia_atlantico,9.9425046,-84.0695582,148
heredia_atlantico,9.9423986,-84.0695514,149
heredia_atlantico,9.942091,-84.069535,150
heredia_atlantico,9.9416846,-84.0695319,151
heredia_atlantico,9.9413881,-84.0695257,152
heredia_atlantico,9.9409149,-84.0695186,153
heredia_atlantico,9.9406373,-84.0695178,154
heredia_atlantico,9.9403506,-84.0695387,155
heredia_atlantico,9.9402789,-84.069542,156
heredia_atlantico,9.9401405,-84.0695643,157
heredia_atlantico,9.9400022,-84.0695967,158
heredia_atlantico,9.9395146,-84.0697851,159
heredia_atlantico,9.939014,-84.0701113,160
heredia_atlantico,9.9385042,-84.0704572,161
heredia_atlantico,9.938185,-84.0706703,162
heredia_atlantico,9.9377861,-84.0709258,163
heredia_atlantico,9.9375341,-84.0710849,164
heredia_atlantico,9.9373571,-84.0712002,165
heredia_atlantico,9.9371853,-84.0712699,166
heredia_atlantico,9.9370595,-84.0713109,167
heredia_atlantico,9.9369634,-84.0713229,168
heredia_atlantico,9.9368683,-84.0713287,169
heredia_atlantico,9.9368268,-84.0713281,170
heredia_atlantico,9.9367661,-84.0713274,171
heredia_atlantico,9.9366569,-84.071319,172
heredia_atlantico,9.9365909,-84.0713123,173
heredia_atlantico,9.9365213,-84.0713003,174
heredia_atlantico,9.9364146,-84.0712741,175
heredia_atlantico,9.9363145,-84.0712396,176
heredia_atlantico,9.9362484,-84.071214,177
heredia_atlantico,9.9361588,-84.0711793,178
heredia_atlantico,9.9360964,-84.0711552,179
heredia_atlantico,9.9360274,-84.071121,180
heredia_atlantico,9.9359023,-84.0710408,181
heredia_atlantico,9.9357955,-84.0709578,182
heredia_atlantico,9.9357232,-84.0708946,183
heredia_atlantico,9.935657,-84.0708206,184
heredia_atlantico,9.9355726,-84.0706706,185
heredia_atlantico,9.9355382,-84.0706013,186
heredia_atlantico,9.935412,-84.0702807,187
heredia_atlantico,9.9352055,-84.0697586,188
heredia_atlantico,9.9350811,-84.0694177,189
heredia_atlantico,9.9350004,-84.0692158,190
heredia_atlantico,9.934998,-84.0692169,191
heredia_atlantico,9.9348794,-84.0689488,192
heredia_atlantico,9.9348801,-84.0689425,193
heredia_atlantico,9.9348741,-84.0689369,194
heredia_ulatina,9.9947002,-84.1170613,0
heredia_ulatina,9.9946758,-84.1170597,1
heredia_ulatina,9.9946617,-84.1166939,2
heredia_ulatina,9.9946381,-84.1166941,3
heredia_ulatina,9.9945773,-84.1161345,4
heredia_ulatina,9.9945473,-84.1159633,5
heredia_ulatina,9.9945191,-84.1158752,6
heredia_ulatina,9.9945003,-84.1158126,7
heredia_ulatina,9.9944768,-84.115744,8
heredia_ulatina,9.9941559,-84.1150124,9
heredia_ulatina,9.99407,-84.1147968,10
heredia_ulatina,9.9940138,-84.1145987,11
heredia_ulatina,9.9939789,-84.114399,12
heredia_ulatina,9.9939685,-84.1142225,13
heredia_ulatina,9.993987,-84.1140367,14
heredia_ulatina,9.9940545,-84.1137678,15
heredia_ulatina,9.9941433,-84.1134865,16
heredia_ulatina,9.9941796,-84.1132916,17
heredia_ulatina,9.9941595,-84.112975,18
heredia_ulatina,9.994133,-84.1128775,19
heredia_ulatina,9.9940166,-84.1126614,20
heredia_ulatina,9.9939337,-84.1125424,21
heredia_ulatina,9.9938449,-84.1124476,22
heredia_ulatina,9.9937622,-84.1123789,23
heredia_ulatina,9.9934746,-84.1122267,24
heredia_ulatina,9.9919342,-84.1116738,25
heredia_ulatina,9.991744,-84.1116007,26
heredia_ulatina,9.9916039,-84.1115498,27
heredia_ulatina,9.9910999,-84.1113456,28
heredia_ulatina,9.9908846,-84.1112698,29
heredia_ulatina,9.9905784,-84.1111621,30
heredia_ulatina,9.9900494,-84.1109143,31
heredia_ulatina,9.98963,-84.1106426,32
heredia_ulatina,9.9874515,-84.1090156,33
heredia_ulatina,9.9869738,-84.108677,34
heredia_ulatina,9.9857048,-84.1077508,35
heredia_ulatina,9.9843436,-84.1067613,36
heredia_ulatina,9.9828911,-84.1057018,37
heredia_ulatina,9.9827004,-84.1055626,38
heredia_ulatina,9.9798045,-84.1034064,39
heredia_ulatina,9.9781417,-84.1021781,40
heredia_ulatina,9.9779544,-84.1020166,41
heredia_ulatina,9.9773002,-84.1013367,42
heredia_ulatina,9.9768907,-84.1009346,43
heredia_ulatina,9.9764662,-84.1006516,44
heredia_ulatina,9.9759971,-84.1004506,45
heredia_ulatina,9.9752706,-84.1002575,46
heredia_ulatina,9.974934,-84.100166,47
heredia_ulatina,9.9743317,-84.1000102,48
heredia_ulatina,9.974061,-84.0999219,49
heredia_ulatina,9.9734728,-84.099624,50
heredia_ulatina,9.9729738,-84.0991475,51
heredia_ulatina,9.9724809,-84.0986159,52
heredia_ulatina,9.9721402,-84.0982397,53
heredia_ulatina,9.9719462,-84.098023,54
heredia_ulatina,9.971351,-84.0973432,55
heredia_ulatina,9.9709037,-84.0968391,56
heredia_ulatina,9.9696621,-84.095552,57
heredia_ulatina,9.9693772,-84.0952306,58
heredia_ulatina,9.9689718,-84.0947839,59
heredia_ulatina,9.967195,-84.0928496,60
heredia_ulatina,9.9669361,-84.092532,61
heredia_ulatina,9.9667561,-84.0920585,62
heredia_ulatina,9.9667371,-84.0915702,63
heredia_ulatina,9.9668381,-84.0911277,64
heredia_ulatina,9.9668201,-84.0907639,65
heredia_ulatina,9.9666795,-84.0904702,66
heredia_ulatina,9.9663838,-84.0902639,67
heredia_ulatina,9.9655498,-84.0899586,68
heredia_ulatina,9.9651328,-84.0898096,69
heredia_ulatina,9.9646934,-84.0897352,70
heredia_ulatina,9.964202,-84.0897501,71
heredia_ulatina,9.9638669,-84.0899511,72
heredia_ulatina,9.963636,-84.0902862,73
heredia_ulatina,9.9634493,-84.0907677,74
heredia_ulatina,9.963219,-84.090977,75
heredia_ulatina,9.9628906,-84.0910748,76
heredia_ulatina,9.9625563,-84.0910861,77
heredia_ulatina,9.9624647,-84.0910739,78
heredia_ulatina,9.9621067,-84.0909123,79
heredia_ulatina,9.9616526,-84.0906076,80
heredia_ulatina,9.9599741,-84.0895209,81
heredia_ulatina,9.958879,-84.0887993,82
heredia_ulatina,9.9578283,-84.0881389,83
heredia_ulatina,9.9555752,-84.0866788,84
heredia_ulatina,9.9554726,-84.0866106,85
heredia_ulatina,9.9551575,-84.086401,86
heredia_ulatina,9.9549392,-84.0862465,87
heredia_ulatina,9.9548351,-84.0861835,88
heredia_ulatina,9.9547059,-84.0861228,89
heredia_ulatina,9.9541497,-84.0857663,90
heredia_ulatina,9.9505538,-84.0834022,91
heredia_ulatina,9.9503989,-84.0832502,92
heredia_ulatina,9.9502724,-84.0830634,93
heredia_ulatina,9.9501321,-84.0827365,94
heredia_ulatina,9.9500654,-84.0823582,95
heredia_ulatina,9.95007,-84.0820547,96
heredia_ulatina,9.9501022,-84.0817511,97
heredia_ulatina,9.9502149,-84.0809782,98
heredia_ulatina,9.9502494,-84.080682,99
heredia_ulatina,9.9502586,-84.0804832,100
heredia_ulatina,9.9502425,-84.0803011,101
heredia_ulatina,9.950185,-84.0800979,102
heredia_ulatina,9.9500746,-84.0799088,103
heredia_ulatina,9.9499343,-84.0797337,104
heredia_ulatina,9.9497871,-84.0794932,105
heredia_ulatina,9.9496468,-84.0792807,106
heredia_ulatina,9.9494813,-84.0789725,107
heredia_ulatina,9.9494077,-84.0787086,108
heredia_ulatina,9.9493594,-84.0784004,109
heredia_ulatina,9.9492732,-84.0776168,110
heredia_ulatina,9.9491962,-84.0773625,111
heredia_ulatina,9.9491087,-84.0772049,112
heredia_ulatina,9.949042,-84.0771185,113
heredia_ulatina,9.9489592,-84.0770344,114
heredia_ulatina,9.9488465,-84.076948,115
heredia_ulatina,9.9486625,-84.0768523,116
heredia_ulatina,9.9482876,-84.0766702,117
heredia_ulatina,9.9481266,-84.0765604,118
heredia_ulatina,9.948016,-84.0764298,119
heredia_ulatina,9.9479147,-84.0762948,120
heredia_ulatina,9.9477517,-84.0759043,121
heredia_ulatina,9.9476091,-84.075484,122
heredia_ulatina,9.9475056,-84.0751151,123
heredia_ulatina,9.9473125,-84.0746527,124
heredia_ulatina,9.9471308,-84.0743562,125
heredia_ulatina,9.9469376,-84.0740713,126
heredia_ulatina,9.9465374,-84.0735536,127
heredia_ulatina,9.9460112,-84.0728059,128
heredia_ulatina,9.9459928,-84.0728221,129
heredia_ulatina,9.945944,-84.072759,130
heredia_ulatina,9.9456862,-84.0724065,131
heredia_ulatina,9.9455116,-84.0721975,132
heredia_ulatina,9.9453678,-84.0719915,133
heredia_ulatina,9.9451772,-84.0717715,134
heredia_ulatina,9.9449365,-84.0714596,135
heredia_ulatina,9.9447226,-84.0711887,136
heredia_ulatina,9.9444673,-84.0708875,137
heredia_ulatina,9.9442499,-84.0706101,138
heredia_ulatina,9.9439989,-84.070299,139
heredia_ulatina,9.9437767,-84.0700177,140
heredia_ulatina,9.9436517,-84.0699144,141
heredia_ulatina,9.9434626,-84.0698001,142
heredia_ulatina,9.9432935,-84.0697142,143
heredia_ulatina,9.9431503,-84.0696688,144
heredia_ulatina,9.9430029,-84.0696418,145
heredia_ulatina,9.9428555,-84.0696171,146
heredia_ulatina,9.9426301,-84.0695793,147
heredia_ulatina,9.9425046,-84.0695582,148
heredia_ulatina,9.9423986,-84.0695514,149
heredia_ulatina,9.942091,-84.069535,150
heredia_ulatina,9.9416846,-84.0695319,151
heredia_ulatina,9.9413881,-84.0695257,152
heredia_ulatina,9.9409149,-84.0695186,153
heredia_ulatina,9.9406373,-84.0695178,154
heredia_ulatina,9.9403506,-84.0695387,155
heredia_ulatina,9.9402789,-84.069542,156
heredia_ulatina,9.9401405,-84.0695643,157
heredia_ulatina,9.9400022,-84.0695967,158
heredia_ulatina,9.9395146,-84.0697851,159
heredia_ulatina,9.939014,-84.0701113,160
heredia_ulatina,9.9385042,-84.0704572,161
heredia_ulatina,9.938185,-84.0706703,162
heredia_ulatina,9.9377861,-84.0709258,163
heredia_ulatina,9.9375341,-84.0710849,164
heredia_ulatina,9.9373571,-84.0712002,165
heredia_ulatina,9.9371853,-84.0712699,166
heredia_ulatina,9.9370595,-84.0713109,167
heredia_ulatina,9.9369634,-84.0713229,168
heredia_ulatina,9.9368683,-84.0713287,169
heredia_ulatina,9.9368268,-84.0713281,170
heredia_ulatina,9.9367661,-84.0713274,171
heredia_ulatina,9.9366569,-84.071319,172
heredia_ulatina,9.9365909,-84.0713123,173
heredia_ulatina,9.9365213,-84.0713003,174
heredia_ulatina,9.9364146,-84.0712741,175
heredia_ulatina,9.9363145,-84.0712396,176
heredia_ulatina,9.9362484,-84.071214,177
heredia_ulatina,9.9361588,-84.0711793,178
heredia_ulatina,9.9360964,-84.0711552,179
heredia_ulatina,9.9360274,-84.071121,180
heredia_ulatina,9.9359023,-84.0710408,181
heredia_ulatina,9.9357955,-84.0709578,182
heredia_ulatina,9.9357232,-84.0708946,183
heredia_ulatina,9.935657,-84.0708206,184
heredia_ulatina,9.9355726,-84.0706706,185
heredia_ulatina,9.9355382,-84.0706013,186
heredia_ulatina,9.935412,-84.0702807,187
heredia_ulatina,9.9352055,-84.0697586,188
heredia_ulatina,9.9350811,-84.0694177,189
heredia_ulatina,9.9350004,-84.0692158,190
heredia_ulatina,9.934998,-84.0692169,191
heredia_ulatina,9.9348794,-84.0689488,192
heredia_ulatina,9.9348801,-84.0689425,193
heredia_ulatina,9.9348741,-84.0689369,194
heredia_ulatina,9.9347849,-84.0687269,195
heredia_ulatina,9.9347298,-84.068614,196
heredia_ulatina,9.9347342,-84.0686116,197
heredia_ulatina,9.9343972,-84.067946,198
heredia_ulatina,9.9343165,-84.0677596,199
heredia_ulatina,9.9341662,-84.0674254,200
heredia_ulatina,9.9340801,-84.0672424,201
heredia_ulatina,9.9340078,-84.0670711,202
heredia_ulatina,9.9337832,-84.0666193,203
heredia_ulatina,9.9336536,-84.0662543,204
heredia_ulatina,9.9336442,-84.066215,205
heredia_ulatina,9.9336275,-84.0661287,206
heredia_ulatina,9.9335718,-84.0656888,207
heredia_ulatina,9.9335423,-84.0653349,208
heredia_ulatina,9.9335552,-84.0650526,209
heredia_ulatina,9.9335683,-84.0649459,210
heredia_ulatina,9.9335883,-84.0648111,211
heredia_ulatina,9.9336919,-84.0643327,212
heredia_ulatina,9.93386,-84.0637196,213
heredia_ulatina,9.9339051,-84.0635476,214
heredia_ulatina,9.9343135,-84.0621665,215
heredia_ulatina,9.9345539,-84.0613648,216
heredia_ulatina,9.9346013,-84.0612067,217
heredia_ulatina,9.9347494,-84.0607128,218
heredia_ulatina,9.934974,-84.0599349,219
heredia_ulatina,9.9353703,-84.0585294,220
heredia_ulatina,9.935424,-84.0582103,221
heredia_ulatina,9.9354493,-84.0578951,222
heredia_ulatina,9.935449,-84.0578346,223
heredia_ulatina,9.9354472,-84.0577088,224
heredia_ulatina,9.9354447,-84.0576149,225
heredia_ulatina,9.9354263,-84.0573417,226
heredia_ulatina,9.9353809,-84.0570515,227
heredia_ulatina,9.9352778,-84.0566251,228
heredia_ulatina,9.9351827,-84.056271,229
heredia_ulatina,9.935085,-84.0559143,230
heredia_ulatina,9.9349716,-84.0555179,231
heredia_ulatina,9.9349514,-84.0554471,232
heredia_ulatina,9.9349123,-84.0553234,233
heredia_ulatina,9.9344573,-84.0537972,234
heredia_ulatina,9.9344104,-84.0536339,235
heredia_ulatina,9.9341796,-84.0528887,236
heredia_ulatina,9.9340346,-84.05241899,237
heredia_ulatina,9.9340324,-84.0523175,238
heredia_ulatina,9.9339859,-84.0521666,239
heredia_ulatina,9.9336837,-84.051054,240
heredia_ulatina,9.9334745,-84.0503073,241
heredia_ulatina,9.9332674,-84.0495966,242
heredia_ulatina,9.9332136,-84.0493276,243
heredia_ulatina,9.9329369,-84.0481679,244
heredia_ulatina,9.9328589,-84.0477108,245
heredia_ulatina,9.9327561,-84.0469136,246
heredia_ulatina,9.9327383,-84.0467622,247
heredia_ulatina,9.9326892,-84.045777,248
heredia_ulatina,9.9326469,-84.0450655,249
heredia_ulatina,9.9326429,-84.0448899,250
heredia_ulatina,9.932641,-84.0448184,251
heredia_ulatina,9.9326307,-84.0444387,252
heredia_ulatina,9.9326027,-84.0439976,253
heredia_ulatina,9.9325526,-84.0438187,254
heredia_ulatina,9.9324705,-84.0435545,255
metropoli_atlantico,9.955766,-84.1499,0
metropoli_atlantico,9.955667,-84.1497,1
metropoli_atlantico,9.955132,-84.1485,2
metropoli_atlantico,9.954358,-84.1468,3
metropoli_atlantico,9.95418,-84.1465,4
metropoli_atlantico,9.953998,-84.1463,5
metropoli_atlantico,9.953789,-84.1461,6
metropoli_atlantico,9.95357,-84.146,7
metropoli_atlantico,9.951287,-84.1449,8
metropoli_atlantico,9.949871,-84.1441,9
metropoli_atlantico,9.94986,-84.1441,10
metropoli_atlantico,9.94935,-84.1438,11
metropoli_atlantico,9.948421,-84.1433,12
metropoli_atlantico,9.948115,-84.1431,13
metropoli_atlantico,9.947825,-84.1428,14
metropoli_atlantico,9.94764,-84.1425,15
metropoli_atlantico,9.947496,-84.1421,16
metropoli_atlantico,9.94694,-84.1401,17
metropoli_atlantico,9.946319,-84.138,18
metropoli_atlantico,9.946146,-84.1375,19
metropoli_atlantico,9.945799,-84.1365,20
metropoli_atlantico,9.945609,-84.1362,21
metropoli_atlantico,9.945368,-84.136,22
metropoli_atlantico,9.945135,-84.1359,23
metropoli_atlantico,9.944898,-84.1358,24
metropoli_atlantico,9.944495,-84.1358,25
metropoli_atlantico,9.944193,-84.1358,26
metropoli_atlantico,9.943987,-84.1359,27
metropoli_atlantico,9.943492,-84.1359,28
metropoli_atlantico,9.942607,-84.136,29
metropoli_atlantico,9.94171,-84.1361,30
metropoli_atlantico,9.941222,-84.1362,31
metropoli_atlantico,9.941018,-84.1362,32
metropoli_atlantico,9.940893,-84.1361,33
metropoli_atlantico,9.940815,-84.1361,34
metropoli_atlantico,9.940778,-84.1361,35
metropoli_atlantico,9.940728,-84.1361,36
metropoli_atlantico,9.940491,-84.1359,37
metropoli_atlantico,9.940325,-84.1357,38
metropoli_atlantico,9.940205,-84.1354,39
metropoli_atlantico,9.940144,-84.1352,40
metropoli_atlantico,9.940133,-84.1352,41
metropoli_atlantico,9.940129,-84.1351,42
metropoli_atlantico,9.940074,-84.1346,43
metropoli_atlantico,9.940039,-84.1342,44
metropoli_atlantico,9.939976,-84.1335,45
metropoli_atlantico,9.93996,-84.1334,46
metropoli_atlantico,9.939954,-84.1325,47
metropoli_atlantico,9.939987,-84.1316,48
metropoli_atlantico,9.940012,-84.1306,49
metropoli_atlantico,9.940157,-84.1274,50
metropoli_atlantico,9.940374,-84.1237,51
metropoli_atlantico,9.940236,-84.1237,52
metropoli_atlantico,9.94024,-84.1235,53
metropoli_atlantico,9.940159,-84.1228,54
metropoli_atlantico,9.939846,-84.122,55
metropoli_atlantico,9.939383,-84.1214,56
metropoli_atlantico,9.938636,-84.1207,57
metropoli_atlantico,9.938476,-84.1206,58
metropoli_atlantico,9.938294,-84.1203,59
metropoli_atlantico,9.937999,-84.1196,60
metropoli_atlantico,9.937888,-84.1194,61
metropoli_atlantico,9.937118,-84.1175,62
metropoli_atlantico,9.93702,-84.1171,63
metropoli_atlantico,9.936968,-84.1168,64
metropoli_atlantico,9.936896,-84.1163,65
metropoli_atlantico,9.936797,-84.1158,66
metropoli_atlantico,9.936778,-84.1157,67
metropoli_atlantico,9.936762,-84.1154,68
metropoli_atlantico,9.936775,-84.1151,69
metropoli_atlantico,9.936791,-84.1144,70
metropoli_atlantico,9.936775,-84.1138,71
metropoli_atlantico,9.936759,-84.1136,72
metropoli_atlantico,9.936696,-84.1133,73
metropoli_atlantico,9.936632,-84.1132,74
metropoli_atlantico,9.936553,-84.1131,75
metropoli_atlantico,9.936453,-84.113,76
metropoli_atlantico,9.936328,-84.1129,77
metropoli_atlantico,9.936177,-84.1128,78
metropoli_atlantico,9.93608,-84.1128,79
metropoli_atlantico,9.935951,-84.1127,80
metropoli_atlantico,9.935844,-84.1127,81
metropoli_atlantico,9.935707,-84.1127,82
metropoli_atlantico,9.935412,-84.1127,83
metropoli_atlantico,9.9348,-84.1127,84
metropoli_atlantico,9.934485,-84.1126,85
metropoli_atlantico,9.934147,-84.1123,86
metropoli_atlantico,9.933835,-84.1119,87
metropoli_atlantico,9.933642,-84.1114,88
metropoli_atlantico,9.933537,-84.1103,89
metropoli_atlantico,9.9335,-84.1099,90
metropoli_atlantico,9.932656,-84.1014,91
metropoli_atlantico,9.932647,-84.1014,92
metropoli_atlantico,9.932406,-84.0987,93
metropoli_atlantico,9.932379,-84.0984,94
metropoli_atlantico,9.932363,-84.0983,95
metropoli_atlantico,9.932356,-84.0982,96
metropoli_atlantico,9.9323,-84.0977,97
metropoli_atlantico,9.932248,-84.0975,98
metropoli_atlantico,9.932168,-84.0973,99
metropoli_atlantico,9.93201,-84.0969,100
metropoli_atlantico,9.931695,-84.0962,101
metropoli_atlantico,9.930886,-84.0947,102
metropoli_atlantico,9.930831,-84.0946,103
metropoli_atlantico,9.930687,-84.0944,104
metropoli_atlantico,9.930538,-84.0942,105
metropoli_atlantico,9.930361,-84.0941,106
metropoli_atlantico,9.930212,-84.0939,107
metropoli_atlantico,9.929926,-84.0937,108
metropoli_atlantico,9.928905,-84.093,109
metropoli_atlantico,9.928478,-84.0928,110
metropoli_atlantico,9.928213,-84.0926,111
metropoli_atlantico,9.927502,-84.0921,112
metropoli_atlantico,9.927306,-84.0919,113
metropoli_atlantico,9.927132,-84.0919,114
metropoli_atlantico,9.926961,-84.0918,115
metropoli_atlantico,9.926488,-84.0915,116
metropoli_atlantico,9.926184,-84.0913,117
metropoli_atlantico,9.926026,-84.0911,118
metropoli_atlantico,9.925969,-84.0911,119
metropoli_atlantico,9.925924,-84.0911,120
metropoli_atlantico,9.925812,-84.091,121
metropoli_atlantico,9.92566,-84.0908,122
metropoli_atlantico,9.925582,-84.0906,123
metropoli_atlantico,9.925508,-84.0904,124
metropoli_atlantico,9.925398,-84.0898,125
metropoli_atlantico,9.925276,-84.0892,126
metropoli_atlantico,9.924989,-84.0874,127
metropoli_atlantico,9.924976,-84.0871,128
metropoli_atlantico,9.925037,-84.0869,129
metropoli_atlantico,9.925214,-84.0864,130
metropoli_atlantico,9.925384,-84.0861,131
metropoli_atlantico,9.925577,-84.0856,132
metropoli_atlantico,9.925682,-84.0854,133
metropoli_atlantico,9.925756,-84.0851,134
metropoli_atlantico,9.925803,-84.0847,135
metropoli_atlantico,9.9258,-84.0844,136
metropoli_atlantico,9.925729,-84.0836,137
metropoli_atlantico,9.925395,-84.0811,138
metropoli_atlantico,9.924944384,-84.07480289,139
metropoli_atlantico,9.924940991,-84.07466214,140
metropoli_atlantico,9.925006168,-84.07434785,141
metropoli_atlantico,9.925128376,-84.07410799,142
metropoli_atlantico,9.92531576,-84.07385159,143
metropoli_atlantico,9.925543881,-84.07363655,144
metropoli_atlantico,9.925772001,-84.07348767,145
metropoli_atlantico,9.926171212,-84.07337188,146
metropoli_atlantico,9.926708923,-84.07335533,147
metropoli_atlantico,9.93060551,-84.07319669,148
metropoli_atlantico,9.930726881,-84.07316352,149
metropoli_atlantico,9.930862256,-84.07309717,150
metropoli_atlantico,9.930997631,-84.07300239,151
metropoli_atlantico,9.931147011,-84.07284126,152
metropoli_atlantico,9.931926583,-84.0714053,153
metropoli_atlantico,9.932038617,-84.07116361,154
metropoli_atlantico,9.932139352,-84.07071865,155
metropoli_atlantico,9.932170688,-84.07042779,156
metropoli_atlantico,9.932166211,-84.07006648,157
metropoli_atlantico,9.932146063,-84.06984833,158
metropoli_atlantico,9.932132633,-84.06972108,159
metropoli_atlantico,9.932087867,-84.06957565,160
metropoli_atlantico,9.932034148,-84.06944385,161
metropoli_atlantico,9.931908802,-84.06916208,162
metropoli_atlantico,9.9314298,-84.06825767,163
metropoli_atlantico,9.931391749,-84.06817132,164
metropoli_atlantico,9.931326837,-84.06798044,165
metropoli_atlantico,9.931275356,-84.06777593,166
metropoli_atlantico,9.931235066,-84.06755096,167
metropoli_atlantico,9.931232828,-84.06725328,168
metropoli_atlantico,9.931268644,-84.06697606,169
metropoli_atlantico,9.931425326,-84.06659657,170
metropoli_atlantico,9.931937901,-84.06575579,171
metropoli_atlantico,9.932022956,-84.06556264,172
metropoli_atlantico,9.932061007,-84.06541494,173
metropoli_atlantico,9.932052054,-84.06523315,174
metropoli_atlantico,9.932007287,-84.06502636,175
metropoli_atlantico,9.931872987,-84.06451508,176
metropoli_atlantico,9.931808076,-84.06420149,177
metropoli_atlantico,9.931774501,-84.06390835,178
metropoli_atlantico,9.931752118,-84.0635675,179
metropoli_atlantico,9.931770024,-84.06329481,180
metropoli_atlantico,9.93185732,-84.06310848,181
metropoli_atlantico,9.931993857,-84.06291987,182
metropoli_atlantico,9.93209682,-84.06280171,183
metropoli_atlantico,9.932262455,-84.06264946,184
metropoli_atlantico,9.932445997,-84.06253584,185
metropoli_atlantico,9.932712356,-84.06244722,186
metropoli_atlantico,9.932893661,-84.06242223,187
metropoli_atlantico,9.933034674,-84.06241768,188
metropoli_atlantico,9.93313316,-84.06242677,189
metropoli_atlantico,9.933200309,-84.06244268,190
metropoli_atlantico,9.933446523,-84.06254266,191
metropoli_atlantico,9.93351591,-84.06257902,192
metropoli_atlantico,9.933630064,-84.06267219,193
metropoli_atlantico,9.933764362,-84.06284489,194
metropoli_atlantico,9.933824796,-84.06299259,195
metropoli_atlantico,9.933880754,-84.06318574,196
metropoli_atlantico,9.933894184,-84.06327437,197
metropoli_atlantico,9.933900899,-84.06343116,198
metropoli_atlantico,9.93388523,-84.06357659,199
metropoli_atlantico,9.933860609,-84.06370612,200
metropoli_atlantico,9.93368826,-84.06434011,201
metropoli_atlantico,9.933589774,-84.06481503,202
metropoli_atlantico,9.933556199,-84.06505363,203
metropoli_atlantico,9.933542769,-84.06533541,204
metropoli_atlantico,9.93359425,-84.06591032,205
metropoli_atlantico,9.933625586,-84.0661171,206
metropoli_atlantico,9.933670352,-84.06633298,207
metropoli_atlantico,9.933717357,-84.06648523,208
metropoli_atlantico,9.933947902,-84.06700333,209
metropoli_atlantico,9.934012812,-84.06713967,210
metropoli_atlantico,9.934861126,-84.06894393,211
metropoli_cfia,9.955766,-84.1498934,0
metropoli_cfia,9.9556673,-84.1497053,1
metropoli_cfia,9.955132,-84.1485207,2
metropoli_cfia,9.9543582,-84.1468083,3
metropoli_cfia,9.9541803,-84.1465164,4
metropoli_cfia,9.9539983,-84.1462897,5
metropoli_cfia,9.9537889,-84.1461154,6
metropoli_cfia,9.9535703,-84.1460022,7
metropoli_cfia,9.9512865,-84.1448767,8
metropoli_cfia,9.9498709,-84.1440943,9
metropoli_cfia,9.9498597,-84.1440878,10
metropoli_cfia,9.9493497,-84.1437941,11
metropoli_cfia,9.9484209,-84.1433056,12
metropoli_cfia,9.9481148,-84.1430724,13
metropoli_cfia,9.9478248,-84.1427591,14
metropoli_cfia,9.9476398,-84.1424505,15
metropoli_cfia,9.947496,-84.1421,16
metropoli_cfia,9.9469399,-84.1400628,17
metropoli_cfia,9.9463192,-84.1380366,18
metropoli_cfia,9.9461457,-84.1374652,19
metropoli_cfia,9.9457991,-84.136453,20
metropoli_cfia,9.9456094,-84.1362038,21
metropoli_cfia,9.945368,-84.1359982,22
metropoli_cfia,9.9451345,-84.1358763,23
metropoli_cfia,9.9448979,-84.1358105,24
metropoli_cfia,9.9444947,-84.1358265,25
metropoli_cfia,9.9441934,-84.1358491,26
metropoli_cfia,9.9439874,-84.1358682,27
metropoli_cfia,9.9434921,-84.1359248,28
metropoli_cfia,9.9426069,-84.1360214,29
metropoli_cfia,9.9417103,-84.1361333,30
metropoli_cfia,9.941222,-84.1361764,31
metropoli_cfia,9.9410177,-84.1361691,32
metropoli_cfia,9.940893,-84.1361434,33
metropoli_cfia,9.9408153,-84.1361264,34
metropoli_cfia,9.9407782,-84.1361102,35
metropoli_cfia,9.9407277,-84.1360783,36
metropoli_cfia,9.9404913,-84.1359072,37
metropoli_cfia,9.9403245,-84.1357196,38
metropoli_cfia,9.9402052,-84.13544,39
metropoli_cfia,9.9401443,-84.1352011,40
metropoli_cfia,9.9401334,-84.1351584,41
metropoli_cfia,9.940129,-84.1351172,42
metropoli_cfia,9.9400741,-84.1346063,43
metropoli_cfia,9.9400393,-84.1342488,44
metropoli_cfia,9.9399761,-84.1335334,45
metropoli_cfia,9.93996,-84.1333511,46
metropoli_cfia,9.9399541,-84.1324677,47
metropoli_cfia,9.9399871,-84.1315596,48
metropoli_cfia,9.9400121,-84.130606,49
metropoli_cfia,9.9401569,-84.1273819,50
metropoli_cfia,9.9403739,-84.1237316,51
metropoli_cfia,9.9402355,-84.1237152,52
metropoli_cfia,9.9402396,-84.1235259,53
metropoli_cfia,9.9401587,-84.1227607,54
metropoli_cfia,9.9398456,-84.1220143,55
metropoli_cfia,9.9393833,-84.1213764,56
metropoli_cfia,9.9386357,-84.1207226,57
metropoli_cfia,9.9384759,-84.1205828,58
metropoli_cfia,9.9382944,-84.1202932,59
metropoli_cfia,9.9379988,-84.1196425,60
metropoli_cfia,9.9378877,-84.1193668,61
metropoli_cfia,9.9371184,-84.1174587,62
metropoli_cfia,9.9370198,-84.1171187,63
metropoli_cfia,9.9369684,-84.1167884,64
metropoli_cfia,9.9368955,-84.1163195,65
metropoli_cfia,9.9367966,-84.1157881,66
metropoli_cfia,9.9367783,-84.1156674,67
metropoli_cfia,9.9367621,-84.1154394,68
metropoli_cfia,9.936775,-84.1150989,69
metropoli_cfia,9.9367909,-84.1144471,70
metropoli_cfia,9.936775,-84.1138061,71
metropoli_cfia,9.9367592,-84.1135567,72
metropoli_cfia,9.9366958,-84.1133448,73
metropoli_cfia,9.9366324,-84.1132214,74
metropoli_cfia,9.9365531,-84.1131141,75
metropoli_cfia,9.9364527,-84.1130095,76
metropoli_cfia,9.9363284,-84.1129085,77
metropoli_cfia,9.9361774,-84.1128082,78
metropoli_cfia,9.9360803,-84.1127559,79
metropoli_cfia,9.9359513,-84.1127081,80
metropoli_cfia,9.9358435,-84.1126773,81
metropoli_cfia,9.935707,-84.1126616,82
metropoli_cfia,9.9354121,-84.1126823,83
metropoli_cfia,9.9347997,-84.1126877,84
metropoli_cfia,9.9344853,-84.1125672,85
metropoli_cfia,9.9341474,-84.1123171,86
metropoli_cfia,9.9338354,-84.1119459,87
metropoli_cfia,9.9336421,-84.1114284,88
metropoli_cfia,9.9335372,-84.1103089,89
metropoli_cfia,9.9334995,-84.1099142,90
metropoli_cfia,9.9326563,-84.1014151,91
metropoli_cfia,9.9326467,-84.1014158,92
metropoli_cfia,9.9324057,-84.0987077,93
metropoli_cfia,9.9323793,-84.0984424,94
metropoli_cfia,9.9323627,-84.0982979,95
metropoli_cfia,9.9323561,-84.0982177,96
metropoli_cfia,9.9323003,-84.0977075,97
metropoli_cfia,9.9322482,-84.097488,98
metropoli_cfia,9.9321681,-84.0972603,99
metropoli_cfia,9.9320095,-84.096875,100
metropoli_cfia,9.9316947,-84.0962424,101
metropoli_cfia,9.9308862,-84.0947073,102
metropoli_cfia,9.9308313,-84.0946484,103
metropoli_cfia,9.9306868,-84.0944314,104
metropoli_cfia,9.9305382,-84.0942428,105
metropoli_cfia,9.9303611,-84.0940513,106
metropoli_cfia,9.9302116,-84.0939136,107
metropoli_cfia,9.9299259,-84.0937125,108
metropoli_cfia,9.9289052,-84.0930263,109
metropoli_cfia,9.928478,-84.0927599,110
metropoli_cfia,9.9282132,-84.0925688,111
metropoli_cfia,9.92750186,-84.09210541,112
metropoli_cfia,9.9273064,-84.0919248,113
metropoli_cfia,9.9271319,-84.0918611,114
metropoli_cfia,9.9269607,-84.0917519,115
metropoli_cfia,9.9264878,-84.0914501,116
metropoli_cfia,9.9261842,-84.091254,117
metropoli_cfia,9.9260257,-84.09114,118
metropoli_cfia,9.9259689,-84.0910992,119
metropoli_cfia,9.9259238,-84.0910545,120
metropoli_cfia,9.9258116,-84.0909738,121
metropoli_cfia,9.9256598,-84.0907566,122
metropoli_cfia,9.9255816,-84.0906049,123
metropoli_cfia,9.9255076,-84.0904344,124
metropoli_cfia,9.9253976,-84.0898437,125
metropoli_cfia,9.9252757,-84.0892389,126
metropoli_cfia,9.924989,-84.0874217,127
metropoli_cfia,9.9249764,-84.0870523,128
metropoli_cfia,9.9250369,-84.0868748,129
metropoli_cfia,9.9252137,-84.0864369,130
metropoli_cfia,9.9253837,-84.0861128,131
metropoli_cfia,9.9255773,-84.0856152,132
metropoli_cfia,9.9256818,-84.0853768,133
metropoli_cfia,9.9257564,-84.0850864,134
metropoli_cfia,9.9258029,-84.084703,135
metropoli_cfia,9.9258004,-84.0844052,136
metropoli_cfia,9.9257294,-84.0836314,137
metropoli_cfia,9.9253945,-84.0811014,138
metropoli_cfia,9.92537369,-84.0808722,139
metropoli_cfia,9.9253523,-84.0806108,140
metropoli_cfia,9.9253576,-84.0803989,141
metropoli_cfia,9.92541693,-84.0803725,142
metropoli_cfia,9.925431,-84.0803734,143
metropoli_cfia,9.92540567,-84.0802126,144
metropoli_cfia,9.9253866,-84.0799658,145
metropoli_cfia,9.9253651,-84.0797588,146
metropoli_cfia,9.9253156,-84.0791463,147
metropoli_cfia,9.9253116,-84.0791117,148
metropoli_cfia,9.9251862,-84.0777445,149
metropoli_cfia,9.9251296,-84.0771475,150
metropoli_cfia,9.9250817,-84.076611,151
metropoli_cfia,9.9250057,-84.0756998,152
metropoli_cfia,9.9249314,-84.0748187,153
metropoli_cfia,9.9249291,-84.0747599,154
metropoli_cfia,9.9249434,-84.0746097,155
metropoli_cfia,9.9250258,-84.0743336,156
metropoli_cfia,9.925085,-84.0741406,157
metropoli_cfia,9.9252034,-84.073948,158
metropoli_cfia,9.9253187,-84.0738048,159
metropoli_cfia,9.9254993,-84.0736507,160
metropoli_cfia,9.9256595,-84.0735292,161
metropoli_cfia,9.9257026,-84.0735136,162
metropoli_cfia,9.9257754,-84.0734821,163
metropoli_cfia,9.9259232,-84.073426,164
metropoli_cfia,9.9261057,-84.0733682,165
metropoli_cfia,9.9268467,-84.073331,166
metropoli_cfia,9.9273891,-84.0733182,167
metropoli_cfia,9.9278973,-84.073298,168
metropoli_cfia,9.9283552,-84.0732729,169
metropoli_cfia,9.928865,-84.0732596,170
metropoli_cfia,9.9294115,-84.0732285,171
metropoli_cfia,9.9301951,-84.0731828,172
metropoli_cfia,9.9306293,-84.0731681,173
metropoli_cfia,9.9307374,-84.0731224,174
metropoli_cfia,9.9308689,-84.0730492,175
metropoli_cfia,9.9309536,-84.0729907,176
metropoli_cfia,9.9311337,-84.0728796,177
metropoli_cfia,9.9311851,-84.0727575,178
metropoli_cfia,9.9312068,-84.0727059,179
metropoli_cfia,9.9312756,-84.0725767,180
metropoli_cfia,9.931663,-84.0718639,181
metropoli_cfia,9.9318228,-84.0715658,182
metropoli_cfia,9.9320045,-84.0712178,183
metropoli_cfia,9.932063,-84.071038,184
metropoli_cfia,9.9321183,-84.0707967,185
metropoli_cfia,9.9321482,-84.0705146,186
metropoli_cfia,9.9321644,-84.0701113,187
metropoli_cfia,9.932163,-84.0700585,188
metropoli_cfia,9.9321114,-84.0695759,189
metropoli_cfia,9.932044,-84.0693697,190
metropoli_cfia,9.9319769,-84.0692549,191
metropoli_cfia,9.9314307,-84.0681863,192
metropoli_cfia,9.9313153,-84.0678878,193
metropoli_cfia,9.9312532,-84.0675936,194
metropoli_cfia,9.9312486,-84.0672643,195
metropoli_cfia,9.9313013,-84.0669606,196
metropoli_cfia,9.9313728,-84.0667109,197
metropoli_cfia,9.9314579,-84.0665335,198
metropoli_cfia,9.9315591,-84.0663747,199
metropoli_cfia,9.9318825,-84.0658726,200
metropoli_cfia,9.9319766,-84.0657133,201
metropoli_cfia,9.9320171,-84.065646,202
metropoli_cfia,9.932034,-84.0656278,203
metropoli_cfia,9.9320708,-84.0654868,204
metropoli_cfia,9.932069,-84.0653951,205
metropoli_cfia,9.9320656,-84.0652956,206
metropoli_cfia,9.9320424,-84.0650798,207
metropoli_cfia,9.9319546,-84.0646937,208
metropoli_cfia,9.9318601,-84.0643195,209
metropoli_cfia,9.9317982,-84.0638305,210
metropoli_cfia,9.9317909,-84.0632935,211
metropoli_cfia,9.9318829,-84.0630999,212
metropoli_cfia,9.9319727,-84.062939,213
metropoli_cfia,9.9322025,-84.0626895,214
metropoli_cfia,9.9324482,-84.0625098,215
metropoli_cfia,9.9326226,-84.0624294,216
metropoli_cfia,9.9328815,-84.0623865,217
metropoli_cfia,9.9331517,-84.0624012,218
metropoli_cfia,9.9333914,-84.0624991,219
metropoli_cfia,9.933513,-84.0625742,220
metropoli_cfia,9.9336266,-84.0626734,221
metropoli_cfia,9.9337772,-84.0628666,222
metropoli_cfia,9.9338538,-84.0630543,223
metropoli_cfia,9.9338934,-84.0632555,224
metropoli_cfia,9.9339051,-84.0635476,225
metropoli_cfia,9.93386,-84.0637196,226
metropoli_cfia,9.9336919,-84.0643327,227
metropoli_cfia,9.9335883,-84.0648111,228
metropoli_cfia,9.9335683,-84.0649459,229
metropoli_cfia,9.9335552,-84.0650526,230
metropoli_cfia,9.9335423,-84.0653349,231
metropoli_cfia,9.9335718,-84.0656888,232
metropoli_cfia,9.9336275,-84.0661287,233
metropoli_cfia,9.9336442,-84.066215,234
metropoli_cfia,9.9336536,-84.0662543,235
metropoli_cfia,9.9337832,-84.0666193,236
metropoli_cfia,9.9340078,-84.0670711,237
metropoli_cfia,9.9340801,-84.0672424,238
metropoli_cfia,9.9341662,-84.0674254,239
metropoli_cfia,9.9343165,-84.0677596,240
metropoli_cfia,9.9343972,-84.067946,241
metropoli_cfia,9.9347342,-84.0686116,242
metropoli_cfia,9.9347849,-84.0687269,243
metropoli_cfia,9.9348741,-84.0689369,244
metropoli_cfia,9.9347849,-84.0687269,245
metropoli_cfia,9.9347298,-84.068614,246
metropoli_cfia,9.9347342,-84.0686116,247
metropoli_cfia,9.9343972,-84.067946,248
metropoli_cfia,9.9343165,-84.0677596,249
metropoli_cfia,9.9341662,-84.0674254,250
metropoli_cfia,9.9340801,-84.0672424,251
metropoli_cfia,9.9340078,-84.0670711,252
metropoli_cfia,9.9337832,-84.0666193,253
metropoli_cfia,9.9336536,-84.0662543,254
metropoli_cfia,9.9336442,-84.066215,255
metropoli_cfia,9.9336275,-84.0661287,256
metropoli_cfia,9.9335718,-84.0656888,257
metropoli_cfia,9.9335423,-84.0653349,258
metropoli_cfia,9.9335552,-84.0650526,259
metropoli_cfia,9.9335683,-84.0649459,260
metropoli_cfia,9.9335883,-84.0648111,261
metropoli_cfia,9.9336919,-84.0643327,262
metropoli_cfia,9.93386,-84.0637196,263
metropoli_cfia,9.9339051,-84.0635476,264
metropoli_cfia,9.9343135,-84.0621665,265
metropoli_cfia,9.9345539,-84.0613648,266
metropoli_cfia,9.9346013,-84.0612067,267
metropoli_cfia,9.9347494,-84.0607128,268
metropoli_cfia,9.934974,-84.0599349,269
metropoli_cfia,9.9353703,-84.0585294,270
metropoli_cfia,9.935424,-84.0582103,271
metropoli_cfia,9.9354493,-84.0578951,272
metropoli_cfia,9.935449,-84.0578346,273
metropoli_cfia,9.9354472,-84.0577088,274
metropoli_cfia,9.9354447,-84.0576149,275
metropoli_cfia,9.9354263,-84.0573417,276
metropoli_cfia,9.9353809,-84.0570515,277
metropoli_cfia,9.9352778,-84.0566251,278
metropoli_cfia,9.9351827,-84.056271,279
metropoli_cfia,9.935085,-84.0559143,280
metropoli_cfia,9.9349716,-84.0555179,281
metropoli_cfia,9.9349514,-84.0554471,282
metropoli_cfia,9.9349123,-84.0553234,283
metropoli_cfia,9.9344573,-84.0537972,284
metropoli_cfia,9.9344104,-84.0536339,285
metropoli_cfia,9.9341796,-84.0528887,286
metropoli_cfia,9.9340346,-84.05241899,287
metropoli_cfia,9.9340324,-84.0523175,288
metropoli_cfia,9.9339859,-84.0521666,289
metropoli_cfia,9.9336837,-84.051054,290
metropoli_cfia,9.9334745,-84.0503073,291
metropoli_cfia,9.9332674,-84.0495966,292
metropoli_cfia,9.9332136,-84.0493276,293
metropoli_cfia,9.9329369,-84.0481679,294
metropoli_cfia,9.9328589,-84.0477108,295
metropoli_cfia,9.9327561,-84.0469136,296
metropoli_cfia,9.9327383,-84.0467622,297
metropoli_cfia,9.9326892,-84.045777,298
metropoli_cfia,9.9326469,-84.0450655,299
metropoli_cfia,9.9326429,-84.0448899,300
metropoli_cfia,9.932641,-84.0448184,301
metropoli_cfia,9.9326307,-84.0444387,302
metropoli_cfia,9.9326027,-84.0439976,303
metropoli_cfia,9.9325526,-84.0438187,304
metropoli_cfia,9.9324705,-84.0435545,305
metropoli_cfia,9.9323369,-84.043285,306
metropoli_cfia,9.9321414,-84.0429751,307
metropoli_cfia,9.9319024,-84.0426701,308
metropoli_cfia,9.93169,-84.0424946,309
metropoli_cfia,9.9312972,-84.0421986,310
metropoli_cfia,9.9309168,-84.0419831,311
metropoli_cfia,9.9304082,-84.0418368,312
metropoli_cfia,9.9300262,-84.0417014,313
metropoli_cfia,9.9276345,-84.0394379,314
metropoli_cfia,9.9273253,-84.0391439,315
metropoli_cfia,9.9252818,-84.0371297,316
metropoli_pacifico,9.955766,-84.1498934,0
metropoli_pacifico,9.9556673,-84.1497053,1
metropoli_pacifico,9.955132,-84.1485207,2
metropoli_pacifico,9.9543582,-84.1468083,3
metropoli_pacifico,9.9541803,-84.1465164,4
metropoli_pacifico,9.9539983,-84.1462897,5
metropoli_pacifico,9.9537889,-84.1461154,6
metropoli_pacifico,9.9535703,-84.1460022,7
metropoli_pacifico,9.9512865,-84.1448767,8
metropoli_pacifico,9.9498709,-84.1440943,9
metropoli_pacifico,9.9498597,-84.1440878,10
metropoli_pacifico,9.9493497,-84.1437941,11
metropoli_pacifico,9.9484209,-84.1433056,12
metropoli_pacifico,9.9481148,-84.1430724,13
metropoli_pacifico,9.9478248,-84.1427591,14
metropoli_pacifico,9.9476398,-84.1424505,15
metropoli_pacifico,9.947496,-84.1421,16
metropoli_pacifico,9.9469399,-84.1400628,17
metropoli_pacifico,9.9463192,-84.1380366,18
metropoli_pacifico,9.9461457,-84.1374652,19
metropoli_pacifico,9.9457991,-84.136453,20
metropoli_pacifico,9.9456094,-84.1362038,21
metropoli_pacifico,9.945368,-84.1359982,22
metropoli_pacifico,9.9451345,-84.1358763,23
metropoli_pacifico,9.9448979,-84.1358105,24
metropoli_pacifico,9.9444947,-84.1358265,25
metropoli_pacifico,9.9441934,-84.1358491,26
metropoli_pacifico,9.9439874,-84.1358682,27
metropoli_pacifico,9.9434921,-84.1359248,28
metropoli_pacifico,9.9426069,-84.1360214,29
metropoli_pacifico,9.9417103,-84.1361333,30
metropoli_pacifico,9.941222,-84.1361764,31
metropoli_pacifico,9.9410177,-84.1361691,32
metropoli_pacifico,9.940893,-84.1361434,33
metropoli_pacifico,9.9408153,-84.1361264,34
metropoli_pacifico,9.9407782,-84.1361102,35
metropoli_pacifico,9.9407277,-84.1360783,36
metropoli_pacifico,9.9404913,-84.1359072,37
metropoli_pacifico,9.9403245,-84.1357196,38
metropoli_pacifico,9.9402052,-84.13544,39
metropoli_pacifico,9.9401443,-84.1352011,40
metropoli_pacifico,9.9401334,-84.1351584,41
metropoli_pacifico,9.940129,-84.1351172,42
metropoli_pacifico,9.9400741,-84.1346063,43
metropoli_pacifico,9.9400393,-84.1342488,44
metropoli_pacifico,9.9399761,-84.1335334,45
metropoli_pacifico,9.93996,-84.1333511,46
metropoli_pacifico,9.9399541,-84.1324677,47
metropoli_pacifico,9.9399871,-84.1315596,48
metropoli_pacifico,9.9400121,-84.130606,49
metropoli_pacifico,9.9401569,-84.1273819,50
metropoli_pacifico,9.9403739,-84.1237316,51
metropoli_pacifico,9.9402355,-84.1237152,52
metropoli_pacifico,9.9402396,-84.1235259,53
metropoli_pacifico,9.9401587,-84.1227607,54
metropoli_pacifico,9.9398456,-84.1220143,55
metropoli_pacifico,9.9393833,-84.1213764,56
metropoli_pacifico,9.9386357,-84.1207226,57
metropoli_pacifico,9.9384759,-84.1205828,58
metropoli_pacifico,9.9382944,-84.1202932,59
metropoli_pacifico,9.9379988,-84.1196425,60
metropoli_pacifico,9.9378877,-84.1193668,61
metropoli_pacifico,9.9371184,-84.1174587,62
metropoli_pacifico,9.9370198,-84.1171187,63
metropoli_pacifico,9.9369684,-84.1167884,64
metropoli_pacifico,9.9368955,-84.1163195,65
metropoli_pacifico,9.9367966,-84.1157881,66
metropoli_pacifico,9.9367783,-84.1156674,67
metropoli_pacifico,9.9367621,-84.1154394,68
metropoli_pacifico,9.936775,-84.1150989,69
metropoli_pacifico,9.9367909,-84.1144471,70
metropoli_pacifico,9.936775,-84.1138061,71
metropoli_pacifico,9.9367592,-84.1135567,72
metropoli_pacifico,9.9366958,-84.1133448,73
metropoli_pacifico,9.9366324,-84.1132214,74
metropoli_pacifico,9.9365531,-84.1131141,75
metropoli_pacifico,9.9364527,-84.1130095,76
metropoli_pacifico,9.9363284,-84.1129085,77
metropoli_pacifico,9.9361774,-84.1128082,78
metropoli_pacifico,9.9360803,-84.1127559,79
metropoli_pacifico,9.9359513,-84.1127081,80
metropoli_pacifico,9.9358435,-84.1126773,81
metropoli_pacifico,9.935707,-84.1126616,82
metropoli_pacifico,9.9354121,-84.1126823,83
metropoli_pacifico,9.9347997,-84.1126877,84
metropoli_pacifico,9.9344853,-84.1125672,85
metropoli_pacifico,9.9341474,-84.1123171,86
metropoli_pacifico,9.9338354,-84.1119459,87
metropoli_pacifico,9.9336421,-84.1114284,88
metropoli_pacifico,9.9335372,-84.1103089,89
metropoli_pacifico,9.9334995,-84.1099142,90
metropoli_pacifico,9.9326563,-84.1014151,91
metropoli_pacifico,9.9326467,-84.1014158,92
metropoli_pacifico,9.9324057,-84.0987077,93
metropoli_pacifico,9.9323793,-84.0984424,94
metropoli_pacifico,9.9323627,-84.0982979,95
metropoli_pacifico,9.9323561,-84.0982177,96
metropoli_pacifico,9.9323003,-84.0977075,97
metropoli_pacifico,9.9322482,-84.097488,98
metropoli_pacifico,9.9321681,-84.0972603,99
metropoli_pacifico,9.9320095,-84.096875,100
metropoli_pacifico,9.9316947,-84.0962424,101
metropoli_pacifico,9.9308862,-84.0947073,102
metropoli_pacifico,9.9308313,-84.0946484,103
metropoli_pacifico,9.9306868,-84.0944314,104
metropoli_pacifico,9.9305382,-84.0942428,105
metropoli_pacifico,9.9303611,-84.0940513,106
metropoli_pacifico,9.9302116,-84.0939136,107
metropoli_pacifico,9.9299259,-84.0937125,108
metropoli_pacifico,9.9289052,-84.0930263,109
metropoli_pacifico,9.928478,-84.0927599,110
metropoli_pacifico,9.9282132,-84.0925688,111
metropoli_pacifico,9.92750186,-84.09210541,112
metropoli_pacifico,9.9273064,-84.0919248,113
metropoli_pacifico,9.9271319,-84.0918611,114
metropoli_pacifico,9.9269607,-84.0917519,115
metropoli_pacifico,9.9264878,-84.0914501,116
metropoli_pacifico,9.9261842,-84.091254,117
metropoli_pacifico,9.9260257,-84.09114,118
metropoli_pacifico,9.9259689,-84.0910992,119
metropoli_pacifico,9.9259238,-84.0910545,120
metropoli_pacifico,9.9258116,-84.0909738,121
metropoli_pacifico,9.9256598,-84.0907566,122
metropoli_pacifico,9.9255816,-84.0906049,123
metropoli_pacifico,9.9255076,-84.0904344,124
metropoli_pacifico,9.9253976,-84.0898437,125
metropoli_pacifico,9.9252757,-84.0892389,126
metropoli_pacifico,9.924989,-84.0874217,127
metropoli_pacifico,9.9249764,-84.0870523,128
metropoli_pacifico,9.9250369,-84.0868748,129
metropoli_pacifico,9.9252137,-84.0864369,130
metropoli_pacifico,9.9253837,-84.0861128,131
metropoli_pacifico,9.9255773,-84.0856152,132
metropoli_pacifico,9.9256818,-84.0853768,133
metropoli_pacifico,9.9257564,-84.0850864,134
metropoli_pacifico,9.9258029,-84.084703,135
metropoli_pacifico,9.9258004,-84.0844052,136
metropoli_pacifico,9.9257294,-84.0836314,137
metropoli_pacifico,9.9253945,-84.0811014,138
oreamuno_atlantico,9.8612974,-83.9052364,0
oreamuno_atlantico,9.864212,-83.911,1
oreamuno_atlantico,9.864335,-83.9115,2
oreamuno_atlantico,9.864431,-83.9121,3
oreamuno_atlantico,9.864472,-83.9124,4
oreamuno_atlantico,9.864527,-83.9126,5
oreamuno_atlantico,9.864575,-83.9127,6
oreamuno_atlantico,9.864692,-83.9129,7
oreamuno_atlantico,9.864991,-83.9132,8
oreamuno_atlantico,9.865263,-83.9136,9
oreamuno_atlantico,9.865439,-83.9138,10
oreamuno_atlantico,9.865535,-83.914,11
oreamuno_atlantico,9.865562,-83.9141,12
oreamuno_atlantico,9.865598,-83.9144,13
oreamuno_atlantico,9.865706,-83.9152,14
oreamuno_atlantico,9.865871,-83.9163,15
oreamuno_atlantico,9.8659797,-83.9174036,16
oreamuno_atlantico,9.8661078,-83.9182542,17
oreamuno_atlantico,9.8662297,-83.9192025,18
oreamuno_atlantico,9.8662858,-83.9196865,19
oreamuno_atlantico,9.8663773,-83.9202869,20
oreamuno_atlantico,9.8663846,-83.9203141,21
oreamuno_atlantico,9.8664468,-83.9208962,22
oreamuno_atlantico,9.8665066,-83.9213134,23
oreamuno_atlantico,9.8665627,-83.9216934,24
oreamuno_atlantico,9.8665822,-83.9218345,25
oreamuno_atlantico,9.866589,-83.9219,26
oreamuno_atlantico,9.8666005,-83.9220165,27
oreamuno_atlantico,9.8666249,-83.9221428,28
oreamuno_atlantico,9.866634,-83.9222,29
oreamuno_atlantico,9.866736,-83.9226,30
oreamuno_atlantico,9.866793,-83.9229,31
oreamuno_atlantico,9.8668225,-83.9229689,32
oreamuno_atlantico,9.866833,-83.9229843,33
oreamuno_atlantico,9.866842,-83.923,34
oreamuno_atlantico,9.8668939,-83.9230673,35
oreamuno_atlantico,9.866911,-83.9231,36
oreamuno_atlantico,9.8669604,-83.923134,37
oreamuno_atlantico,9.867232,-83.9234,38
oreamuno_atlantico,9.86801,-83.9242,39
oreamuno_atlantico,9.868515,-83.9246,40
oreamuno_atlantico,9.868784,-83.9249,41
oreamuno_atlantico,9.868861,-83.9249,42
oreamuno_atlantico,9.868962,-83.925,43
oreamuno_atlantico,9.869146,-83.9252,44
oreamuno_atlantico,9.86941,-83.9254,45
oreamuno_atlantico,9.869811,-83.9255,46
oreamuno_atlantico,9.869922,-83.9256,47
oreamuno_atlantico,9.871496,-83.9264,48
oreamuno_atlantico,9.87191,-83.9267,49
oreamuno_atlantico,9.872552,-83.9271,50
oreamuno_atlantico,9.872909,-83.9274,51
oreamuno_atlantico,9.873833,-83.928,52
oreamuno_atlantico,9.874233,-83.9283,53
oreamuno_atlantico,9.874322,-83.9283,54
oreamuno_atlantico,9.874794,-83.9286,55
oreamuno_atlantico,9.875285,-83.9289,56
oreamuno_atlantico,9.876364,-83.9295,57
oreamuno_atlantico,9.876674,-83.9297,58
oreamuno_atlantico,9.877059,-83.9298,59
oreamuno_atlantico,9.87721,-83.9299,60
oreamuno_atlantico,9.877466,-83.93,61
oreamuno_atlantico,9.878005,-83.93,62
oreamuno_atlantico,9.87847,-83.93,63
oreamuno_atlantico,9.878673,-83.93,64
oreamuno_atlantico,9.878957,-83.93,65
oreamuno_atlantico,9.880995,-83.9299,66
oreamuno_atlantico,9.881964,-83.9298,67
oreamuno_atlantico,9.882677,-83.9298,68
oreamuno_atlantico,9.883486,-83.9297,69
oreamuno_atlantico,9.883671,-83.9297,70
oreamuno_atlantico,9.883792,-83.9297,71
oreamuno_atlantico,9.885568,-83.9296,72
oreamuno_atlantico,9.886582,-83.9295,73
oreamuno_atlantico,9.886836,-83.9295,74
oreamuno_atlantico,9.887064,-83.9296,75
oreamuno_atlantico,9.887249,-83.9296,76
oreamuno_atlantico,9.887391,-83.9296,77
oreamuno_atlantico,9.887745,-83.9296,78
oreamuno_atlantico,9.887944,-83.9296,79
oreamuno_atlantico,9.888501,-83.9299,80
oreamuno_atlantico,9.888677,-83.93,81
oreamuno_atlantico,9.88886,-83.9302,82
oreamuno_atlantico,9.889105,-83.9305,83
oreamuno_atlantico,9.889299,-83.9309,84
oreamuno_atlantico,9.889387,-83.9311,85
oreamuno_atlantico,9.889463,-83.9314,86
oreamuno_atlantico,9.889484,-83.9318,87
oreamuno_atlantico,9.889447,-83.9322,88
oreamuno_atlantico,9.889421,-83.9326,89
oreamuno_atlantico,9.889399,-83.9327,90
oreamuno_atlantico,9.889395,-83.9328,91
oreamuno_atlantico,9.889389,-83.933,92
oreamuno_atlantico,9.889521,-83.9333,93
oreamuno_atlantico,9.889801,-83.934,94
oreamuno_atlantico,9.889997,-83.9343,95
oreamuno_atlantico,9.890265,-83.9345,96
oreamuno_atlantico,9.890435,-83.9345,97
oreamuno_atlantico,9.890546,-83.9345,98
oreamuno_atlantico,9.890699,-83.9345,99
oreamuno_atlantico,9.890842,-83.9346,100
oreamuno_atlantico,9.891038,-83.9346,101
oreamuno_atlantico,9.891164,-83.9346,102
oreamuno_atlantico,9.891291,-83.9347,103
oreamuno_atlantico,9.891413,-83.9347,104
oreamuno_atlantico,9.891529,-83.9348,105
oreamuno_atlantico,9.891661,-83.9349,106
oreamuno_atlantico,9.891719,-83.935,107
oreamuno_atlantico,9.891857,-83.9352,108
oreamuno_atlantico,9.891915,-83.9353,109
oreamuno_atlantico,9.891989,-83.9355,110
oreamuno_atlantico,9.891994,-83.9356,111
oreamuno_atlantico,9.891978,-83.9358,112
oreamuno_atlantico,9.891947,-83.936,113
oreamuno_atlantico,9.891931,-83.9361,114
oreamuno_atlantico,9.891899,-83.9362,115
oreamuno_atlantico,9.891862,-83.9364,116
oreamuno_atlantico,9.891841,-83.9365,117
oreamuno_atlantico,9.891783,-83.9368,118
oreamuno_atlantico,9.891719,-83.9369,119
oreamuno_atlantico,9.891682,-83.9371,120
oreamuno_atlantico,9.891624,-83.9373,121
oreamuno_atlantico,9.891577,-83.9374,122
oreamuno_atlantico,9.891545,-83.9376,123
oreamuno_atlantico,9.891519,-83.9377,124
oreamuno_atlantico,9.891497,-83.9378,125
oreamuno_atlantico,9.891434,-83.938,126
oreamuno_atlantico,9.891418,-83.9381,127
oreamuno_atlantico,9.891386,-83.9384,128
oreamuno_atlantico,9.891392,-83.9387,129
oreamuno_atlantico,9.891423,-83.9389,130
oreamuno_atlantico,9.891508,-83.9392,131
oreamuno_atlantico,9.891614,-83.9395,132
oreamuno_atlantico,9.891756,-83.9398,133
oreamuno_atlantico,9.891998,-83.9402,134
oreamuno_atlantico,9.892306,-83.9406,135
oreamuno_atlantico,9.892702,-83.941,136
oreamuno_atlantico,9.893167,-83.9414,137
oreamuno_atlantico,9.893458,-83.9416,138
oreamuno_atlantico,9.894144,-83.9422,139
oreamuno_atlantico,9.894467,-83.9424,140
oreamuno_atlantico,9.895016,-83.9428,141
oreamuno_atlantico,9.895297,-83.943,142
oreamuno_atlantico,9.895677,-83.9431,143
oreamuno_atlantico,9.8962,-83.9433,144
oreamuno_atlantico,9.896698,-83.9435,145
oreamuno_atlantico,9.897097,-83.9437,146
oreamuno_atlantico,9.89731,-83.9438,147
oreamuno_atlantico,9.897568,-83.9439,148
oreamuno_atlantico,9.897955,-83.9442,149
oreamuno_atlantico,9.898595,-83.9446,150
oreamuno_atlantico,9.89943,-83.9451,151
oreamuno_atlantico,9.900011,-83.9454,152
oreamuno_atlantico,9.90028,-83.9456,153
oreamuno_atlantico,9.900555,-83.9459,154
oreamuno_atlantico,9.900872,-83.9462,155
oreamuno_atlantico,9.901211,-83.9467,156
oreamuno_atlantico,9.901358,-83.947,157
oreamuno_atlantico,9.901503,-83.9475,158
oreamuno_atlantico,9.901563,-83.9478,159
oreamuno_atlantico,9.901654,-83.949,160
oreamuno_atlantico,9.901658,-83.9491,161
oreamuno_atlantico,9.901706,-83.9498,162
oreamuno_atlantico,9.90178,-83.951,163
oreamuno_atlantico,9.901811,-83.9518,164
oreamuno_atlantico,9.90188,-83.9524,165
oreamuno_atlantico,9.902032,-83.9528,166
oreamuno_atlantico,9.902424,-83.9536,167
oreamuno_atlantico,9.902947,-83.9543,168
oreamuno_atlantico,9.902962,-83.9543,169
oreamuno_atlantico,9.903179,-83.9547,170
oreamuno_atlantico,9.903344,-83.9553,171
oreamuno_atlantico,9.903601,-83.9559,172
oreamuno_atlantico,9.90398,-83.9566,173
oreamuno_atlantico,9.904466,-83.9571,174
oreamuno_atlantico,9.905111,-83.9575,175
oreamuno_atlantico,9.90561,-83.9576,176
oreamuno_atlantico,9.906019,-83.9577,177
oreamuno_atlantico,9.906404,-83.9578,178
oreamuno_atlantico,9.906846,-83.9581,179
oreamuno_atlantico,9.907268,-83.9585,180
oreamuno_atlantico,9.907511,-83.9591,181
oreamuno_atlantico,9.907974,-83.9603,182
oreamuno_atlantico,9.908465,-83.9614,183
oreamuno_atlantico,9.908904,-83.9622,184
oreamuno_atlantico,9.909362,-83.9628,185
oreamuno_atlantico,9.909501,-83.963,186
oreamuno_atlantico,9.909936,-83.9637,187
oreamuno_atlantico,9.910515,-83.9643,188
oreamuno_atlantico,9.910985,-83.9648,189
oreamuno_atlantico,9.911175,-83.9654,190
oreamuno_atlantico,9.911441,-83.9665,191
oreamuno_atlantico,9.911949,-83.9681,192
oreamuno_atlantico,9.911892,-83.9691,193
oreamuno_atlantico,9.911889,-83.9696,194
oreamuno_atlantico,9.911917,-83.9699,195
oreamuno_atlantico,9.911931,-83.97,196
oreamuno_atlantico,9.91201,-83.9704,197
oreamuno_atlantico,9.912635,-83.9715,198
oreamuno_atlantico,9.912957,-83.9719,199
oreamuno_atlantico,9.913295,-83.9723,200
oreamuno_atlantico,9.913467,-83.9725,201
oreamuno_atlantico,9.913988,-83.9733,202
oreamuno_atlantico,9.914174,-83.9738,203
oreamuno_atlantico,9.914331,-83.9744,204
oreamuno_atlantico,9.914355,-83.9745,205
oreamuno_atlantico,9.914513,-83.9753,206
oreamuno_atlantico,9.914753,-83.9763,207
oreamuno_atlantico,9.914775,-83.977,208
oreamuno_atlantico,9.914775,-83.9771,209
oreamuno_atlantico,9.914626,-83.9776,210
oreamuno_atlantico,9.914612,-83.9777,211
oreamuno_atlantico,9.914555,-83.9778,212
oreamuno_atlantico,9.914462,-83.978,213
oreamuno_atlantico,9.914272,-83.9785,214
oreamuno_atlantico,9.913856,-83.9795,215
oreamuno_atlantico,9.913542,-83.98,216
oreamuno_atlantico,9.91314,-83.9805,217
oreamuno_atlantico,9.912992,-83.9807,218
oreamuno_atlantico,9.912836,-83.9811,219
oreamuno_atlantico,9.912673,-83.9818,220
oreamuno_atlantico,9.912661,-83.9819,221
oreamuno_atlantico,9.912559,-83.9827,222
oreamuno_atlantico,9.912515,-83.983,223
oreamuno_atlantico,9.912382,-83.9835,224
oreamuno_atlantico,9.912158,-83.984,225
oreamuno_atlantico,9.912111,-83.984,226
oreamuno_atlantico,9.912063,-83.9841,227
oreamuno_atlantico,9.911749,-83.9846,228
oreamuno_atlantico,9.911617,-83.9847,229
oreamuno_atlantico,9.911424,-83.985,230
oreamuno_atlantico,9.911213,-83.9853,231
oreamuno_atlantico,9.911025,-83.9857,232
oreamuno_atlantico,9.910736,-83.9863,233
oreamuno_atlantico,9.910593,-83.9867,234
oreamuno_atlantico,9.910574,-83.9869,235
oreamuno_atlantico,9.910508,-83.987,236
oreamuno_atlantico,9.910443,-83.9872,237
oreamuno_atlantico,9.910356,-83.9875,238
oreamuno_atlantico,9.910309,-83.9878,239
oreamuno_atlantico,9.910283,-83.9881,240
oreamuno_atlantico,9.910282,-83.9881,241
oreamuno_atlantico,9.910238,-83.9887,242
oreamuno_atlantico,9.910184,-83.9895,243
oreamuno_atlantico,9.91031,-83.9901,244
oreamuno_atlantico,9.910403,-83.9907,245
oreamuno_atlantico,9.910691,-83.9914,246
oreamuno_atlantico,9.911266,-83.9924,247
oreamuno_atlantico,9.911452,-83.9927,248
oreamuno_atlantico,9.911519,-83.9931,249
oreamuno_atlantico,9.911435,-83.9949,250
oreamuno_atlantico,9.911442,-83.996,251
oreamuno_atlantico,9.911443,-83.9962,252
oreamuno_atlantico,9.911875,-83.9977,253
oreamuno_atlantico,9.912061,-83.9983,254
oreamuno_atlantico,9.912035,-83.999,255
oreamuno_atlantico,9.911891,-83.9995,256
oreamuno_atlantico,9.911494,-84.0005,257
oreamuno_atlantico,9.911367,-84.0017,258
oreamuno_atlantico,9.911332,-84.0031,259
oreamuno_atlantico,9.91126,-84.0039,260
oreamuno_atlantico,9.911219,-84.0041,261
oreamuno_atlantico,9.911135,-84.0044,262
oreamuno_atlantico,9.911003,-84.0047,263
oreamuno_atlantico,9.910571,-84.0056,264
oreamuno_atlantico,9.910417,-84.006,265
oreamuno_atlantico,9.910282,-84.0063,266
oreamuno_atlantico,9.910223,-84.0066,267
oreamuno_atlantico,9.910212,-84.0069,268
oreamuno_atlantico,9.910219,-84.0072,269
oreamuno_atlantico,9.91026,-84.0076,270
oreamuno_atlantico,9.910331,-84.0079,271
oreamuno_atlantico,9.910458,-84.0082,272
oreamuno_atlantico,9.910663,-84.0085,273
oreamuno_atlantico,9.910877,-84.0088,274
oreamuno_atlantico,9.911612,-84.0099,275
oreamuno_atlantico,9.912449,-84.011,276
oreamuno_atlantico,9.912854,-84.0115,277
oreamuno_atlantico,9.913241,-84.0119,278
oreamuno_atlantico,9.913608,-84.0122,279
oreamuno_atlantico,9.914274,-84.0127,280
oreamuno_atlantico,9.914467,-84.0129,281
oreamuno_atlantico,9.914611,-84.0132,282
oreamuno_atlantico,9.91471,-84.0134,283
oreamuno_atlantico,9.914788,-84.0136,284
oreamuno_atlantico,9.91482,-84.0139,285
oreamuno_atlantico,9.914834,-84.0141,286
oreamuno_atlantico,9.914794,-84.0147,287
oreamuno_atlantico,9.914846,-84.0152,288
oreamuno_atlantico,9.915005,-84.0157,289
oreamuno_atlantico,9.915109,-84.0158,290
oreamuno_atlantico,9.915551,-84.0164,291
oreamuno_atlantico,9.915666,-84.0165,292
oreamuno_atlantico,9.916072,-84.0169,293
oreamuno_atlantico,9.916409,-84.0172,294
oreamuno_atlantico,9.916555,-84.0174,295
oreamuno_atlantico,9.91668,-84.0176,296
oreamuno_atlantico,9.916838,-84.0178,297
oreamuno_atlantico,9.916939,-84.018,298
oreamuno_atlantico,9.91698,-84.0181,299
oreamuno_atlantico,9.917005,-84.0183,300
oreamuno_atlantico,9.917013,-84.0184,301
oreamuno_atlantico,9.916998,-84.0186,302
oreamuno_atlantico,9.916854,-84.0191,303
oreamuno_atlantico,9.916778,-84.0195,304
oreamuno_atlantico,9.916863,-84.02,305
oreamuno_atlantico,9.917074,-84.0204,306
oreamuno_atlantico,9.917494,-84.0208,307
oreamuno_atlantico,9.917734,-84.0211,308
oreamuno_atlantico,9.918207,-84.0216,309
oreamuno_atlantico,9.918427,-84.0221,310
oreamuno_atlantico,9.918554,-84.0223,311
oreamuno_atlantico,9.918683,-84.0228,312
oreamuno_atlantico,9.919064,-84.0235,313
oreamuno_atlantico,9.919277,-84.0238,314
oreamuno_atlantico,9.919307,-84.0239,315
oreamuno_atlantico,9.919635,-84.0245,316
oreamuno_atlantico,9.919759,-84.0248,317
oreamuno_atlantico,9.919819,-84.0251,318
oreamuno_atlantico,9.919819,-84.0256,319
oreamuno_atlantico,9.919736,-84.026,320
oreamuno_atlantico,9.91958,-84.0268,321
oreamuno_atlantico,9.919525,-84.0272,322
oreamuno_atlantico,9.91952,-84.0276,323
oreamuno_atlantico,9.919603,-84.0279,324
oreamuno_atlantico,9.919758,-84.0283,325
oreamuno_atlantico,9.920045,-84.0288,326
oreamuno_atlantico,9.920887,-84.0302,327
oreamuno_atlantico,9.921209,-84.0307,328
oreamuno_atlantico,9.921389,-84.0312,329
oreamuno_atlantico,9.921438,-84.0314,330
oreamuno_atlantico,9.921457,-84.0317,331
oreamuno_atlantico,9.921456,-84.0323,332
oreamuno_atlantico,9.921466,-84.0328,333
oreamuno_atlantico,9.921525,-84.0332,334
oreamuno_atlantico,9.921769,-84.0336,335
oreamuno_atlantico,9.92212,-84.034,336
oreamuno_atlantico,9.922879,-84.0348,337
oreamuno_atlantico,9.92294,-84.0349,338
oreamuno_atlantico,9.923143,-84.035,339
oreamuno_atlantico,9.92346,-84.0353,340
oreamuno_atlantico,9.925282,-84.0371,341
oreamuno_atlantico,9.927325,-84.0391,342
oreamuno_atlantico,9.927635,-84.0394,343
oreamuno_atlantico,9.930026,-84.0417,344
oreamuno_atlantico,9.930408,-84.0418,345
oreamuno_atlantico,9.930917,-84.042,346
oreamuno_atlantico,9.931297,-84.0422,347
oreamuno_atlantico,9.93169,-84.0425,348
oreamuno_atlantico,9.931902,-84.0427,349
oreamuno_atlantico,9.932141,-84.043,350
oreamuno_atlantico,9.932337,-84.0433,351
oreamuno_atlantico,9.932471,-84.0436,352
oreamuno_atlantico,9.932553,-84.0438,353
oreamuno_atlantico,9.932603,-84.044,354
oreamuno_atlantico,9.932631,-84.0444,355
oreamuno_atlantico,9.932641,-84.0448,356
oreamuno_atlantico,9.932643,-84.0449,357
oreamuno_atlantico,9.932647,-84.0451,358
oreamuno_atlantico,9.932689,-84.0458,359
oreamuno_atlantico,9.932738,-84.0468,360
oreamuno_atlantico,9.932756,-84.0469,361
oreamuno_atlantico,9.932859,-84.0477,362
oreamuno_atlantico,9.932937,-84.0482,363
oreamuno_atlantico,9.933214,-84.0493,364
oreamuno_atlantico,9.933267,-84.0496,365
oreamuno_atlantico,9.933475,-84.0503,366
oreamuno_atlantico,9.933684,-84.0511,367
oreamuno_atlantico,9.933986,-84.0522,368
oreamuno_atlantico,9.934032,-84.0523,369
oreamuno_atlantico,9.934035,-84.0524,370
oreamuno_atlantico,9.93418,-84.0529,371
oreamuno_atlantico,9.93441,-84.0536,372
oreamuno_atlantico,9.934457,-84.0538,373
oreamuno_atlantico,9.934912,-84.0553,374
oreamuno_atlantico,9.934951,-84.0554,375
oreamuno_atlantico,9.934972,-84.0555,376
oreamuno_atlantico,9.935085,-84.0559,377
oreamuno_atlantico,9.935183,-84.0563,378
oreamuno_atlantico,9.935278,-84.0566,379
oreamuno_atlantico,9.935381,-84.0571,380
oreamuno_atlantico,9.935426,-84.0573,381
oreamuno_atlantico,9.935445,-84.0576,382
oreamuno_atlantico,9.935447,-84.0577,383
oreamuno_atlantico,9.935449,-84.0578,384
oreamuno_atlantico,9.935449,-84.0579,385
oreamuno_atlantico,9.935424,-84.0582,386
oreamuno_atlantico,9.93537,-84.0585,387
oreamuno_atlantico,9.934974,-84.0599,388
oreamuno_atlantico,9.934749,-84.0607,389
oreamuno_atlantico,9.934601,-84.0612,390
oreamuno_atlantico,9.934554,-84.0614,391
oreamuno_atlantico,9.934314,-84.0622,392
oreamuno_atlantico,9.933905,-84.0635,393
oreamuno_atlantico,9.93386,-84.0637,394
oreamuno_atlantico,9.933692,-84.0643,395
oreamuno_atlantico,9.933588,-84.0648,396
oreamuno_atlantico,9.933568,-84.0649,397
oreamuno_atlantico,9.933555,-84.0651,398
oreamuno_atlantico,9.933542,-84.0653,399
oreamuno_atlantico,9.933572,-84.0657,400
oreamuno_atlantico,9.933628,-84.0661,401
oreamuno_atlantico,9.933644,-84.0662,402
oreamuno_atlantico,9.933654,-84.0663,403
oreamuno_atlantico,9.933783,-84.0666,404
oreamuno_atlantico,9.934008,-84.0671,405
oreamuno_atlantico,9.93408,-84.0672,406
oreamuno_atlantico,9.934166,-84.0674,407
oreamuno_atlantico,9.934317,-84.0678,408
oreamuno_atlantico,9.934397,-84.0679,409
oreamuno_atlantico,9.934734,-84.0686,410
oreamuno_atlantico,9.93473,-84.0686,411
oreamuno_atlantico,9.934785,-84.0687,412
oreamuno_atlantico,9.934874,-84.0689,413
pacifico_belen,9.9253945,-84.0811014,0
pacifico_belen,9.9257294,-84.0836314,1
pacifico_belen,9.9258004,-84.0844052,2
pacifico_belen,9.9258029,-84.084703,3
pacifico_belen,9.9257564,-84.0850864,4
pacifico_belen,9.9256818,-84.0853768,5
pacifico_belen,9.9255773,-84.0856152,6
pacifico_belen,9.9253837,-84.0861128,7
pacifico_belen,9.9252137,-84.0864369,8
pacifico_belen,9.9250369,-84.0868748,9
pacifico_belen,9.9249764,-84.0870523,10
pacifico_belen,9.924989,-84.0874217,11
pacifico_belen,9.9252757,-84.0892389,12
pacifico_belen,9.9253976,-84.0898437,13
pacifico_belen,9.9255076,-84.0904344,14
pacifico_belen,9.9255816,-84.0906049,15
pacifico_belen,9.9256598,-84.0907566,16
pacifico_belen,9.9258116,-84.0909738,17
pacifico_belen,9.9259238,-84.0910545,18
pacifico_belen,9.9259689,-84.0910992,19
pacifico_belen,9.9260257,-84.09114,20
pacifico_belen,9.9261842,-84.091254,21
pacifico_belen,9.9264878,-84.0914501,22
pacifico_belen,9.9269607,-84.0917519,23
pacifico_belen,9.9271319,-84.0918611,24
pacifico_belen,9.9273064,-84.0919248,25
pacifico_belen,9.92750186,-84.09210541,26
pacifico_belen,9.9282132,-84.0925688,27
pacifico_belen,9.928478,-84.0927599,28
pacifico_belen,9.9289052,-84.0930263,29
pacifico_belen,9.9299259,-84.0937125,30
pacifico_belen,9.9302116,-84.0939136,31
pacifico_belen,9.9303611,-84.0940513,32
pacifico_belen,9.9305382,-84.0942428,33
pacifico_belen,9.9306868,-84.0944314,34
pacifico_belen,9.9308313,-84.0946484,35
pacifico_belen,9.9308862,-84.0947073,36
pacifico_belen,9.9316947,-84.0962424,37
pacifico_belen,9.9320095,-84.096875,38
pacifico_belen,9.9321681,-84.0972603,39
pacifico_belen,9.9322482,-84.097488,40
pacifico_belen,9.9323003,-84.0977075,41
pacifico_belen,9.9323561,-84.0982177,42
pacifico_belen,9.9323627,-84.0982979,43
pacifico_belen,9.9323793,-84.0984424,44
pacifico_belen,9.9324057,-84.0987077,45
pacifico_belen,9.9326467,-84.1014158,46
pacifico_belen,9.9326563,-84.1014151,47
pacifico_belen,9.9334995,-84.1099142,48
pacifico_belen,9.9335372,-84.1103089,49
pacifico_belen,9.9336421,-84.1114284,50
pacifico_belen,9.9338354,-84.1119459,51
pacifico_belen,9.9341474,-84.1123171,52
pacifico_belen,9.9344853,-84.1125672,53
pacifico_belen,9.9347997,-84.1126877,54
pacifico_belen,9.9354121,-84.1126823,55
pacifico_belen,9.935707,-84.1126616,56
pacifico_belen,9.9358435,-84.1126773,57
pacifico_belen,9.9359513,-84.1127081,58
pacifico_belen,9.9360803,-84.1127559,59
pacifico_belen,9.9361774,-84.1128082,60
pacifico_belen,9.9363284,-84.1129085,61
pacifico_belen,9.9364527,-84.1130095,62
pacifico_belen,9.9365531,-84.1131141,63
pacifico_belen,9.9366324,-84.1132214,64
pacifico_belen,9.9366958,-84.1133448,65
pacifico_belen,9.9367592,-84.1135567,66
pacifico_belen,9.936775,-84.1138061,67
pacifico_belen,9.9367909,-84.1144471,68
pacifico_belen,9.936775,-84.1150989,69
pacifico_belen,9.9367621,-84.1154394,70
pacifico_belen,9.9367783,-84.1156674,71
pacifico_belen,9.9367966,-84.1157881,72
pacifico_belen,9.9368955,-84.1163195,73
pacifico_belen,9.9369684,-84.1167884,74
pacifico_belen,9.9370198,-84.1171187,75
pacifico_belen,9.9371184,-84.1174587,76
pacifico_belen,9.9378877,-84.1193668,77
pacifico_belen,9.9379988,-84.1196425,78
pacifico_belen,9.9382944,-84.1202932,79
pacifico_belen,9.9384759,-84.1205828,80
pacifico_belen,9.9386357,-84.1207226,81
pacifico_belen,9.9393833,-84.1213764,82
pacifico_belen,9.9398456,-84.1220143,83
pacifico_belen,9.9401587,-84.1227607,84
pacifico_belen,9.9402396,-84.1235259,85
pacifico_belen,9.9402355,-84.1237152,86
pacifico_belen,9.9403739,-84.1237316,87
pacifico_belen,9.9401569,-84.1273819,88
pacifico_belen,9.9400121,-84.130606,89
pacifico_belen,9.9399871,-84.1315596,90
pacifico_belen,9.9399541,-84.1324677,91
pacifico_belen,9.93996,-84.1333511,92
pacifico_belen,9.9399761,-84.1335334,93
pacifico_belen,9.9400393,-84.1342488,94
pacifico_belen,9.9400741,-84.1346063,95
pacifico_belen,9.940129,-84.1351172,96
pacifico_belen,9.9401334,-84.1351584,97
pacifico_belen,9.9401443,-84.1352011,98
pacifico_belen,9.9402052,-84.13544,99
pacifico_belen,9.9403245,-84.1357196,100
pacifico_belen,9.9404913,-84.1359072,101
pacifico_belen,9.9407277,-84.1360783,102
pacifico_belen,9.9407782,-84.1361102,103
pacifico_belen,9.9408153,-84.1361264,104
pacifico_belen,9.940893,-84.1361434,105
pacifico_belen,9.9410177,-84.1361691,106
pacifico_belen,9.941222,-84.1361764,107
pacifico_belen,9.9417103,-84.1361333,108
pacifico_belen,9.9426069,-84.1360214,109
pacifico_belen,9.9434921,-84.1359248,110
pacifico_belen,9.9439874,-84.1358682,111
pacifico_belen,9.9441934,-84.1358491,112
pacifico_belen,9.9444947,-84.1358265,113
pacifico_belen,9.9448979,-84.1358105,114
pacifico_belen,9.9451345,-84.1358763,115
pacifico_belen,9.945368,-84.1359982,116
pacifico_belen,9.9456094,-84.1362038,117
pacifico_belen,9.9457991,-84.136453,118
pacifico_belen,9.9461457,-84.1374652,119
pacifico_belen,9.9463192,-84.1380366,120
pacifico_belen,9.9469399,-84.1400628,121
pacifico_belen,9.947496,-84.1421,122
pacifico_belen,9.9476398,-84.1424505,123
pacifico_belen,9.9478248,-84.1427591,124
pacifico_belen,9.9481148,-84.1430724,125
pacifico_belen,9.9484209,-84.1433056,126
pacifico_belen,9.9493497,-84.1437941,127
pacifico_belen,9.9498597,-84.1440878,128
pacifico_belen,9.9498709,-84.1440943,129
pacifico_belen,9.9512865,-84.1448767,130
pacifico_belen,9.9535703,-84.1460022,131
pacifico_belen,9.9537889,-84.1461154,132
pacifico_belen,9.9539983,-84.1462897,133
pacifico_belen,9.9541803,-84.1465164,134
pacifico_belen,9.9543582,-84.1468083,135
pacifico_belen,9.955132,-84.1485207,136
pacifico_belen,9.9556673,-84.1497053,137
pacifico_belen,9.955766,-84.1498934,138
pacifico_belen,9.9559195,-84.1500782,139
pacifico_belen,9.956142,-84.1502948,140
pacifico_belen,9.9562952,-84.150403,141
pacifico_belen,9.9564417,-84.1504816,142
pacifico_belen,9.9569459,-84.1506836,143
pacifico_belen,9.957101,-84.1507712,144
pacifico_belen,9.9572144,-84.1508221,145
pacifico_belen,9.9573359,-84.1509105,146
pacifico_belen,9.9575594,-84.151059,147
pacifico_belen,9.9576935,-84.1511888,148
pacifico_belen,9.9578623,-84.15138,149
pacifico_belen,9.9588981,-84.1530463,150
pacifico_belen,9.9597493,-84.1544204,151
pacifico_belen,9.9616592,-84.1574295,152
pacifico_belen,9.9618536,-84.1577814,153
pacifico_belen,9.9619297,-84.1580303,154
pacifico_belen,9.9619551,-84.1586569,155
pacifico_belen,9.962048,-84.1592577,156
pacifico_belen,9.9622124,-84.1596532,157
pacifico_belen,9.9623777,-84.1598843,158
pacifico_belen,9.9632479,-84.161048,159
pacifico_belen,9.9641615,-84.1615065,160
pacifico_belen,9.9644151,-84.1617811,161
pacifico_belen,9.9646264,-84.1621588,162
pacifico_belen,9.9649645,-84.1629656,163
pacifico_belen,9.9650848,-84.1633237,164
pacifico_belen,9.9653196,-84.1639956,165
pacifico_belen,9.965514,-84.1642531,166
pacifico_belen,9.965793,-84.164605,167
pacifico_belen,9.9661227,-84.165695,168
pacifico_belen,9.9661565,-84.1660298,169
pacifico_belen,9.9660804,-84.1665791,170
pacifico_belen,9.9661819,-84.1669825,171
pacifico_belen,9.9664186,-84.1672538,172
pacifico_belen,9.9668652,-84.1676427,173
pacifico_belen,9.9678895,-84.1690682,174
pacifico_belen,9.9681769,-84.16936,175
pacifico_belen,9.9685488,-84.1694887,176
pacifico_belen,9.9704931,-84.1703642,177
pacifico_belen,9.9717358,-84.1706904,178
pacifico_belen,9.972243,-84.1709307,179
pacifico_belen,9.972784,-84.1713255,180
pacifico_belen,9.9731306,-84.1717632,181
pacifico_belen,9.9734011,-84.1722439,182
pacifico_belen,9.973604,-84.172716,183
pacifico_belen,9.9737139,-84.1731795,184
pacifico_belen,9.9737562,-84.1738318,185
pacifico_belen,9.9737731,-84.1753681,186
pacifico_belen,9.9739252,-84.1766642,187
pacifico_belen,9.9741112,-84.1776169,188
pacifico_belen,9.974361,-84.1781875,189
pacifico_belen,9.9744155,-84.1783121,190
pacifico_belen,9.9744622,-84.1783816,191
pacifico_belen,9.974779,-84.1788529,192
pacifico_belen,9.9750918,-84.1792219,193
pacifico_belen,9.975413,-84.179488,194
pacifico_belen,9.9757417,-84.1798155,195
pacifico_belen,9.9758695,-84.1799429,196
pacifico_belen,9.9763851,-84.1804407,197
pacifico_belen,9.9767571,-84.1806896,198
pacifico_belen,9.9770529,-84.1808184,199
pacifico_belen,9.9775433,-84.1808634,200
pacifico_belen,9.9778276,-84.1808959,201
pacifico_belen,9.9781399,-84.1809304,202
pacifico_belen,9.9784983,-84.1810097,203
pacifico_belen,9.9786304,-84.1810788,204
pacifico_belen,9.9787445,-84.1811784,205
pacifico_belen,9.9788886,-84.1813492,206
pacifico_belen,9.9789867,-84.1815179,207
pacifico_belen,9.9790388,-84.1816825,208
pacifico_belen,9.9790888,-84.1819793,209
pacifico_belen,9.9790969,-84.1822009,210
pacifico_belen,9.9790989,-84.1823513,211
pacifico_belen,9.9790928,-84.1824753,212
pacifico_belen,9.9790408,-84.1827172,213
pacifico_belen,9.9788586,-84.1833087,214
pacifico_belen,9.9785043,-84.1847012,215
pacifico_belen,9.9784986,-84.1848199,216
pacifico_belen,9.9784607,-84.1849399,217
pacifico_metropoli,9.9253945,-84.0811014,0
pacifico_metropoli,9.9257294,-84.0836314,1
pacifico_metropoli,9.9258004,-84.0844052,2
pacifico_metropoli,9.9258029,-84.084703,3
pacifico_metropoli,9.9257564,-84.0850864,4
pacifico_metropoli,9.9256818,-84.0853768,5
pacifico_metropoli,9.9255773,-84.0856152,6
pacifico_metropoli,9.9253837,-84.0861128,7
pacifico_metropoli,9.9252137,-84.0864369,8
pacifico_metropoli,9.9250369,-84.0868748,9
pacifico_metropoli,9.9249764,-84.0870523,10
pacifico_metropoli,9.924989,-84.0874217,11
pacifico_metropoli,9.9252757,-84.0892389,12
pacifico_metropoli,9.9253976,-84.0898437,13
pacifico_metropoli,9.9255076,-84.0904344,14
pacifico_metropoli,9.9255816,-84.0906049,15
pacifico_metropoli,9.9256598,-84.0907566,16
pacifico_metropoli,9.9258116,-84.0909738,17
pacifico_metropoli,9.9259238,-84.0910545,18
pacifico_metropoli,9.9259689,-84.0910992,19
pacifico_metropoli,9.9260257,-84.09114,20
pacifico_metropoli,9.9261842,-84.091254,21
pacifico_metropoli,9.9264878,-84.0914501,22
pacifico_metropoli,9.9269607,-84.0917519,23
pacifico_metropoli,9.9271319,-84.0918611,24
pacifico_metropoli,9.9273064,-84.0919248,25
pacifico_metropoli,9.92750186,-84.09210541,26
pacifico_metropoli,9.9282132,-84.0925688,27
pacifico_metropoli,9.928478,-84.0927599,28
pacifico_metropoli,9.9289052,-84.0930263,29
pacifico_metropoli,9.9299259,-84.0937125,30
pacifico_metropoli,9.9302116,-84.0939136,31
pacifico_metropoli,9.9303611,-84.0940513,32
pacifico_metropoli,9.9305382,-84.0942428,33
pacifico_metropoli,9.9306868,-84.0944314,34
pacifico_metropoli,9.9308313,-84.0946484,35
pacifico_metropoli,9.9308862,-84.0947073,36
pacifico_metropoli,9.9316947,-84.0962424,37
pacifico_metropoli,9.9320095,-84.096875,38
pacifico_metropoli,9.9321681,-84.0972603,39
pacifico_metropoli,9.9322482,-84.097488,40
pacifico_metropoli,9.9323003,-84.0977075,41
pacifico_metropoli,9.9323561,-84.0982177,42
pacifico_metropoli,9.9323627,-84.0982979,43
pacifico_metropoli,9.9323793,-84.0984424,44
pacifico_metropoli,9.9324057,-84.0987077,45
pacifico_metropoli,9.9326467,-84.1014158,46
pacifico_metropoli,9.9326563,-84.1014151,47
pacifico_metropoli,9.9334995,-84.1099142,48
pacifico_metropoli,9.9335372,-84.1103089,49
pacifico_metropoli,9.9336421,-84.1114284,50
pacifico_metropoli,9.9338354,-84.1119459,51
pacifico_metropoli,9.9341474,-84.1123171,52
pacifico_metropoli,9.9344853,-84.1125672,53
pacifico_metropoli,9.9347997,-84.1126877,54
pacifico_metropoli,9.9354121,-84.1126823,55
pacifico_metropoli,9.935707,-84.1126616,56
pacifico_metropoli,9.9358435,-84.1126773,57
pacifico_metropoli,9.9359513,-84.1127081,58
pacifico_metropoli,9.9360803,-84.1127559,59
pacifico_metropoli,9.9361774,-84.1128082,60
pacifico_metropoli,9.9363284,-84.1129085,61
pacifico_metropoli,9.9364527,-84.1130095,62
pacifico_metropoli,9.9365531,-84.1131141,63
pacifico_metropoli,9.9366324,-84.1132214,64
pacifico_metropoli,9.9366958,-84.1133448,65
pacifico_metropoli,9.9367592,-84.1135567,66
pacifico_metropoli,9.936775,-84.1138061,67
pacifico_metropoli,9.9367909,-84.1144471,68
pacifico_metropoli,9.936775,-84.1150989,69
pacifico_metropoli,9.9367621,-84.1154394,70
pacifico_metropoli,9.9367783,-84.1156674,71
pacifico_metropoli,9.9367966,-84.1157881,72
pacifico_metropoli,9.9368955,-84.1163195,73
pacifico_metropoli,9.9369684,-84.1167884,74
pacifico_metropoli,9.9370198,-84.1171187,75
pacifico_metropoli,9.9371184,-84.1174587,76
pacifico_metropoli,9.9378877,-84.1193668,77
pacifico_metropoli,9.9379988,-84.1196425,78
pacifico_metropoli,9.9382944,-84.1202932,79
pacifico_metropoli,9.9384759,-84.1205828,80
pacifico_metropoli,9.9386357,-84.1207226,81
pacifico_metropoli,9.9393833,-84.1213764,82
pacifico_metropoli,9.9398456,-84.1220143,83
pacifico_metropoli,9.9401587,-84.1227607,84
pacifico_metropoli,9.9402396,-84.1235259,85
pacifico_metropoli,9.9402355,-84.1237152,86
pacifico_metropoli,9.9403739,-84.1237316,87
pacifico_metropoli,9.9401569,-84.1273819,88
pacifico_metropoli,9.9400121,-84.130606,89
pacifico_metropoli,9.9399871,-84.1315596,90
pacifico_metropoli,9.9399541,-84.1324677,91
pacifico_metropoli,9.93996,-84.1333511,92
pacifico_metropoli,9.9399761,-84.1335334,93
pacifico_metropoli,9.9400393,-84.1342488,94
pacifico_metropoli,9.9400741,-84.1346063,95
pacifico_metropoli,9.940129,-84.1351172,96
pacifico_metropoli,9.9401334,-84.1351584,97
pacifico_metropoli,9.9401443,-84.1352011,98
pacifico_metropoli,9.9402052,-84.13544,99
pacifico_metropoli,9.9403245,-84.1357196,100
pacifico_metropoli,9.9404913,-84.1359072,101
pacifico_metropoli,9.9407277,-84.1360783,102
pacifico_metropoli,9.9407782,-84.1361102,103
pacifico_metropoli,9.9408153,-84.1361264,104
pacifico_metropoli,9.940893,-84.1361434,105
pacifico_metropoli,9.9410177,-84.1361691,106
pacifico_metropoli,9.941222,-84.1361764,107
pacifico_metropoli,9.9417103,-84.1361333,108
pacifico_metropoli,9.9426069,-84.1360214,109
pacifico_metropoli,9.9434921,-84.1359248,110
pacifico_metropoli,9.9439874,-84.1358682,111
pacifico_metropoli,9.9441934,-84.1358491,112
pacifico_metropoli,9.9444947,-84.1358265,113
pacifico_metropoli,9.9448979,-84.1358105,114
pacifico_metropoli,9.9451345,-84.1358763,115
pacifico_metropoli,9.945368,-84.1359982,116
pacifico_metropoli,9.9456094,-84.1362038,117
pacifico_metropoli,9.9457991,-84.136453,118
pacifico_metropoli,9.9461457,-84.1374652,119
pacifico_metropoli,9.9463192,-84.1380366,120
pacifico_metropoli,9.9469399,-84.1400628,121
pacifico_metropoli,9.947496,-84.1421,122
pacifico_metropoli,9.9476398,-84.1424505,123
pacifico_metropoli,9.9478248,-84.1427591,124
pacifico_metropoli,9.9481148,-84.1430724,125
pacifico_metropoli,9.9484209,-84.1433056,126
pacifico_metropoli,9.9493497,-84.1437941,127
pacifico_metropoli,9.9498597,-84.1440878,128
pacifico_metropoli,9.9498709,-84.1440943,129
pacifico_metropoli,9.9512865,-84.1448767,130
pacifico_metropoli,9.9535703,-84.1460022,131
pacifico_metropoli,9.9537889,-84.1461154,132
pacifico_metropoli,9.9539983,-84.1462897,133
pacifico_metropoli,9.9541803,-84.1465164,134
pacifico_metropoli,9.9543582,-84.1468083,135
pacifico_metropoli,9.955132,-84.1485207,136
pacifico_metropoli,9.9556673,-84.1497053,137
pacifico_metropoli,9.955766,-84.1498934,138
paraiso_atlantico,9.850602,-83.8900487,0
paraiso_atlantico,9.85071,-83.8902571,1
paraiso_atlantico,9.8509669,-83.8907285,2
paraiso_atlantico,9.8514268,-83.8915676,3
paraiso_atlantico,9.8519444,-83.8925966,4
paraiso_atlantico,9.8522128,-83.8930891,5
paraiso_atlantico,9.8524427,-83.8934378,6
paraiso_atlantico,9.8527338,-83.8937716,7
paraiso_atlantico,9.8538747,-83.8947777,8
paraiso_atlantico,9.8549535,-83.8956963,9
paraiso_atlantico,9.8571807,-83.8975798,10
paraiso_atlantico,9.8576812,-83.8981143,11
paraiso_atlantico,9.8577892,-83.8982719,12
paraiso_atlantico,9.8580442,-83.8987375,13
paraiso_atlantico,9.8596807,-83.9020123,14
paraiso_atlantico,9.8612774,-83.9051948,15
paraiso_atlantico,9.864212,-83.911,16
paraiso_atlantico,9.864335,-83.9115,17
paraiso_atlantico,9.864431,-83.9121,18
paraiso_atlantico,9.864472,-83.9124,19
paraiso_atlantico,9.864527,-83.9126,20
paraiso_atlantico,9.864575,-83.9127,21
paraiso_atlantico,9.864692,-83.9129,22
paraiso_atlantico,9.864991,-83.9132,23
paraiso_atlantico,9.865263,-83.9136,24
paraiso_atlantico,9.865439,-83.9138,25
paraiso_atlantico,9.865535,-83.914,26
paraiso_atlantico,9.865562,-83.9141,27
paraiso_atlantico,9.865598,-83.9144,28
paraiso_atlantico,9.8656715,-83.9151976,29
paraiso_atlantico,9.8658343,-83.9163057,30
paraiso_atlantico,9.8659718,-83.9173949,31
paraiso_atlantico,9.866113,-83.9182991,32
paraiso_atlantico,9.866224,-83.919193,33
paraiso_atlantico,9.8662899,-83.9196937,34
paraiso_atlantico,9.8663671,-83.9202478,35
paraiso_atlantico,9.8663765,-83.9202937,36
paraiso_atlantico,9.8664443,-83.9208937,37
paraiso_atlantico,9.8665045,-83.9213121,38
paraiso_atlantico,9.8665629,-83.9217115,39
paraiso_atlantico,9.8665798,-83.9218357,40
paraiso_atlantico,9.866589,-83.9219,41
paraiso_atlantico,9.8665997,-83.9220209,42
paraiso_atlantico,9.8666223,-83.9221357,43
paraiso_atlantico,9.866634,-83.9222,44
paraiso_atlantico,9.866736,-83.9226,45
paraiso_atlantico,9.866793,-83.9229,46
paraiso_atlantico,9.8668168,-83.9229602,47
paraiso_atlantico,9.8668301,-83.9229785,48
paraiso_atlantico,9.866842,-83.923,49
paraiso_atlantico,9.8668929,-83.9230606,50
paraiso_atlantico,9.8669224,-83.9230944,51
paraiso_atlantico,9.8669671,-83.9231484,52
paraiso_atlantico,9.867232,-83.9234,53
paraiso_atlantico,9.86801,-83.9242,54
paraiso_atlantico,9.868515,-83.9246,55
paraiso_atlantico,9.868784,-83.9249,56
paraiso_atlantico,9.868861,-83.9249,57
paraiso_atlantico,9.868962,-83.925,58
paraiso_atlantico,9.869146,-83.9252,59
paraiso_atlantico,9.86941,-83.9254,60
paraiso_atlantico,9.869811,-83.9255,61
paraiso_atlantico,9.869922,-83.9256,62
paraiso_atlantico,9.871496,-83.9264,63
paraiso_atlantico,9.87191,-83.9267,64
paraiso_atlantico,9.872552,-83.9271,65
paraiso_atlantico,9.872909,-83.9274,66
paraiso_atlantico,9.873833,-83.928,67
paraiso_atlantico,9.874233,-83.9283,68
paraiso_atlantico,9.874322,-83.9283,69
paraiso_atlantico,9.874794,-83.9286,70
paraiso_atlantico,9.875285,-83.9289,71
paraiso_atlantico,9.876364,-83.9295,72
paraiso_atlantico,9.876674,-83.9297,73
paraiso_atlantico,9.877059,-83.9298,74
paraiso_atlantico,9.87721,-83.9299,75
paraiso_atlantico,9.877466,-83.93,76
paraiso_atlantico,9.878005,-83.93,77
paraiso_atlantico,9.87847,-83.93,78
paraiso_atlantico,9.878673,-83.93,79
paraiso_atlantico,9.878957,-83.93,80
paraiso_atlantico,9.880995,-83.9299,81
paraiso_atlantico,9.881964,-83.9298,82
paraiso_atlantico,9.882677,-83.9298,83
paraiso_atlantico,9.883486,-83.9297,84
paraiso_atlantico,9.883671,-83.9297,85
paraiso_atlantico,9.883792,-83.9297,86
paraiso_atlantico,9.885568,-83.9296,87
paraiso_atlantico,9.886582,-83.9295,88
paraiso_atlantico,9.886836,-83.9295,89
paraiso_atlantico,9.887064,-83.9296,90
paraiso_atlantico,9.887249,-83.9296,91
paraiso_atlantico,9.887391,-83.9296,92
paraiso_atlantico,9.887745,-83.9296,93
paraiso_atlantico,9.887944,-83.9296,94
paraiso_atlantico,9.888501,-83.9299,95
paraiso_atlantico,9.888677,-83.93,96
paraiso_atlantico,9.88886,-83.9302,97
paraiso_atlantico,9.889105,-83.9305,98
paraiso_atlantico,9.889299,-83.9309,99
paraiso_atlantico,9.889387,-83.9311,100
paraiso_atlantico,9.889463,-83.9314,101
paraiso_atlantico,9.889484,-83.9318,102
paraiso_atlantico,9.889447,-83.9322,103
paraiso_atlantico,9.889421,-83.9326,104
paraiso_atlantico,9.889399,-83.9327,105
paraiso_atlantico,9.889395,-83.9328,106
paraiso_atlantico,9.889389,-83.933,107
paraiso_atlantico,9.889521,-83.9333,108
paraiso_atlantico,9.889801,-83.934,109
paraiso_atlantico,9.889997,-83.9343,110
paraiso_atlantico,9.890265,-83.9345,111
paraiso_atlantico,9.890435,-83.9345,112
paraiso_atlantico,9.890546,-83.9345,113
paraiso_atlantico,9.890699,-83.9345,114
paraiso_atlantico,9.890842,-83.9346,115
paraiso_atlantico,9.891038,-83.9346,116
paraiso_atlantico,9.891164,-83.9346,117
paraiso_atlantico,9.891291,-83.9347,118
paraiso_atlantico,9.891413,-83.9347,119
paraiso_atlantico,9.891529,-83.9348,120
paraiso_atlantico,9.891661,-83.9349,121
paraiso_atlantico,9.891719,-83.935,122
paraiso_atlantico,9.891857,-83.9352,123
paraiso_atlantico,9.891915,-83.9353,124
paraiso_atlantico,9.891989,-83.9355,125
paraiso_atlantico,9.891994,-83.9356,126
paraiso_atlantico,9.891978,-83.9358,127
paraiso_atlantico,9.891947,-83.936,128
paraiso_atlantico,9.891931,-83.9361,129
paraiso_atlantico,9.891899,-83.9362,130
paraiso_atlantico,9.891862,-83.9364,131
paraiso_atlantico,9.891841,-83.9365,132
paraiso_atlantico,9.891783,-83.9368,133
paraiso_atlantico,9.891719,-83.9369,134
paraiso_atlantico,9.891682,-83.9371,135
paraiso_atlantico,9.891624,-83.9373,136
paraiso_atlantico,9.891577,-83.9374,137
paraiso_atlantico,9.891545,-83.9376,138
paraiso_atlantico,9.891519,-83.9377,139
paraiso_atlantico,9.891497,-83.9378,140
paraiso_atlantico,9.891434,-83.938,141
paraiso_atlantico,9.891418,-83.9381,142
paraiso_atlantico,9.891386,-83.9384,143
paraiso_atlantico,9.891392,-83.9387,144
paraiso_atlantico,9.891423,-83.9389,145
paraiso_atlantico,9.891508,-83.9392,146
paraiso_atlantico,9.891614,-83.9395,147
paraiso_atlantico,9.891756,-83.9398,148
paraiso_atlantico,9.891998,-83.9402,149
paraiso_atlantico,9.892306,-83.9406,150
paraiso_atlantico,9.892702,-83.941,151
paraiso_atlantico,9.893167,-83.9414,152
paraiso_atlantico,9.893458,-83.9416,153
paraiso_atlantico,9.894144,-83.9422,154
paraiso_atlantico,9.894467,-83.9424,155
paraiso_atlantico,9.895016,-83.9428,156
paraiso_atlantico,9.895297,-83.943,157
paraiso_atlantico,9.895677,-83.9431,158
paraiso_atlantico,9.8962,-83.9433,159
paraiso_atlantico,9.896698,-83.9435,160
paraiso_atlantico,9.897097,-83.9437,161
paraiso_atlantico,9.89731,-83.9438,162
paraiso_atlantico,9.897568,-83.9439,163
paraiso_atlantico,9.897955,-83.9442,164
paraiso_atlantico,9.898595,-83.9446,165
paraiso_atlantico,9.89943,-83.9451,166
paraiso_atlantico,9.900011,-83.9454,167
paraiso_atlantico,9.90028,-83.9456,168
paraiso_atlantico,9.900555,-83.9459,169
paraiso_atlantico,9.900872,-83.9462,170
paraiso_atlantico,9.901211,-83.9467,171
paraiso_atlantico,9.901358,-83.947,172
paraiso_atlantico,9.901503,-83.9475,173
paraiso_atlantico,9.901563,-83.9478,174
paraiso_atlantico,9.901654,-83.949,175
paraiso_atlantico,9.901658,-83.9491,176
paraiso_atlantico,9.901706,-83.9498,177
paraiso_atlantico,9.90178,-83.951,178
paraiso_atlantico,9.901811,-83.9518,179
paraiso_atlantico,9.90188,-83.9524,180
paraiso_atlantico,9.902032,-83.9528,181
paraiso_atlantico,9.902424,-83.9536,182
paraiso_atlantico,9.902947,-83.9543,183
paraiso_atlantico,9.902962,-83.9543,184
paraiso_atlantico,9.903179,-83.9547,185
paraiso_atlantico,9.903344,-83.9553,186
paraiso_atlantico,9.903601,-83.9559,187
paraiso_atlantico,9.90398,-83.9566,188
paraiso_atlantico,9.904466,-83.9571,189
paraiso_atlantico,9.905111,-83.9575,190
paraiso_atlantico,9.90561,-83.9576,191
paraiso_atlantico,9.906019,-83.9577,192
paraiso_atlantico,9.906404,-83.9578,193
paraiso_atlantico,9.906846,-83.9581,194
paraiso_atlantico,9.907268,-83.9585,195
paraiso_atlantico,9.907511,-83.9591,196
paraiso_atlantico,9.907974,-83.9603,197
paraiso_atlantico,9.908465,-83.9614,198
paraiso_atlantico,9.908904,-83.9622,199
paraiso_atlantico,9.909362,-83.9628,200
paraiso_atlantico,9.909501,-83.963,201
paraiso_atlantico,9.909936,-83.9637,202
paraiso_atlantico,9.910515,-83.9643,203
paraiso_atlantico,9.910985,-83.9648,204
paraiso_atlantico,9.911175,-83.9654,205
paraiso_atlantico,9.911441,-83.9665,206
paraiso_atlantico,9.911949,-83.9681,207
paraiso_atlantico,9.911892,-83.9691,208
paraiso_atlantico,9.911889,-83.9696,209
paraiso_atlantico,9.911917,-83.9699,210
paraiso_atlantico,9.911931,-83.97,211
paraiso_atlantico,9.91201,-83.9704,212
paraiso_atlantico,9.912635,-83.9715,213
paraiso_atlantico,9.912957,-83.9719,214
paraiso_atlantico,9.913295,-83.9723,215
paraiso_atlantico,9.913467,-83.9725,216
paraiso_atlantico,9.913988,-83.9733,217
paraiso_atlantico,9.914174,-83.9738,218
paraiso_atlantico,9.914331,-83.9744,219
paraiso_atlantico,9.914355,-83.9745,220
paraiso_atlantico,9.914513,-83.9753,221
paraiso_atlantico,9.914753,-83.9763,222
paraiso_atlantico,9.914775,-83.977,223
paraiso_atlantico,9.914775,-83.9771,224
paraiso_atlantico,9.914626,-83.9776,225
paraiso_atlantico,9.914612,-83.9777,226
paraiso_atlantico,9.914555,-83.9778,227
paraiso_atlantico,9.914462,-83.978,228
paraiso_atlantico,9.914272,-83.9785,229
paraiso_atlantico,9.913856,-83.9795,230
paraiso_atlantico,9.913542,-83.98,231
paraiso_atlantico,9.91314,-83.9805,232
paraiso_atlantico,9.912992,-83.9807,233
paraiso_atlantico,9.912836,-83.9811,234
paraiso_atlantico,9.912673,-83.9818,235
paraiso_atlantico,9.912661,-83.9819,236
paraiso_atlantico,9.912559,-83.9827,237
paraiso_atlantico,9.912515,-83.983,238
paraiso_atlantico,9.912382,-83.9835,239
paraiso_atlantico,9.912158,-83.984,240
paraiso_atlantico,9.912111,-83.984,241
paraiso_atlantico,9.912063,-83.9841,242
paraiso_atlantico,9.911749,-83.9846,243
paraiso_atlantico,9.911617,-83.9847,244
paraiso_atlantico,9.911424,-83.985,245
paraiso_atlantico,9.911213,-83.9853,246
paraiso_atlantico,9.911025,-83.9857,247
paraiso_atlantico,9.910736,-83.9863,248
paraiso_atlantico,9.910593,-83.9867,249
paraiso_atlantico,9.910574,-83.9869,250
paraiso_atlantico,9.910508,-83.987,251
paraiso_atlantico,9.910443,-83.9872,252
paraiso_atlantico,9.910356,-83.9875,253
paraiso_atlantico,9.910309,-83.9878,254
paraiso_atlantico,9.910283,-83.9881,255
paraiso_atlantico,9.910282,-83.9881,256
paraiso_atlantico,9.910238,-83.9887,257
paraiso_atlantico,9.910184,-83.9895,258
paraiso_atlantico,9.91031,-83.9901,259
paraiso_atlantico,9.910403,-83.9907,260
paraiso_atlantico,9.910691,-83.9914,261
paraiso_atlantico,9.911266,-83.9924,262
paraiso_atlantico,9.911452,-83.9927,263
paraiso_atlantico,9.911519,-83.9931,264
paraiso_atlantico,9.911435,-83.9949,265
paraiso_atlantico,9.911442,-83.996,266
paraiso_atlantico,9.911443,-83.9962,267
paraiso_atlantico,9.911875,-83.9977,268
paraiso_atlantico,9.912061,-83.9983,269
paraiso_atlantico,9.912035,-83.999,270
paraiso_atlantico,9.911891,-83.9995,271
paraiso_atlantico,9.911494,-84.0005,272
paraiso_atlantico,9.911367,-84.0017,273
paraiso_atlantico,9.911332,-84.0031,274
paraiso_atlantico,9.91126,-84.0039,275
paraiso_atlantico,9.911219,-84.0041,276
paraiso_atlantico,9.911135,-84.0044,277
paraiso_atlantico,9.911003,-84.0047,278
paraiso_atlantico,9.910571,-84.0056,279
paraiso_atlantico,9.910417,-84.006,280
paraiso_atlantico,9.910282,-84.0063,281
paraiso_atlantico,9.910223,-84.0066,282
paraiso_atlantico,9.910212,-84.0069,283
paraiso_atlantico,9.910219,-84.0072,284
paraiso_atlantico,9.91026,-84.0076,285
paraiso_atlantico,9.910331,-84.0079,286
paraiso_atlantico,9.910458,-84.0082,287
paraiso_atlantico,9.910663,-84.0085,288
paraiso_atlantico,9.910877,-84.0088,289
paraiso_atlantico,9.911612,-84.0099,290
paraiso_atlantico,9.912449,-84.011,291
paraiso_atlantico,9.912854,-84.0115,292
paraiso_atlantico,9.913241,-84.0119,293
paraiso_atlantico,9.913608,-84.0122,294
paraiso_atlantico,9.914274,-84.0127,295
paraiso_atlantico,9.914467,-84.0129,296
paraiso_atlantico,9.914611,-84.0132,297
paraiso_atlantico,9.91471,-84.0134,298
paraiso_atlantico,9.914788,-84.0136,299
paraiso_atlantico,9.91482,-84.0139,300
paraiso_atlantico,9.914834,-84.0141,301
paraiso_atlantico,9.914794,-84.0147,302
paraiso_atlantico,9.914846,-84.0152,303
paraiso_atlantico,9.915005,-84.0157,304
paraiso_atlantico,9.915109,-84.0158,305
paraiso_atlantico,9.915551,-84.0164,306
paraiso_atlantico,9.915666,-84.0165,307
paraiso_atlantico,9.916072,-84.0169,308
paraiso_atlantico,9.916409,-84.0172,309
paraiso_atlantico,9.916555,-84.0174,310
paraiso_atlantico,9.91668,-84.0176,311
paraiso_atlantico,9.916838,-84.0178,312
paraiso_atlantico,9.916939,-84.018,313
paraiso_atlantico,9.91698,-84.0181,314
paraiso_atlantico,9.917005,-84.0183,315
paraiso_atlantico,9.917013,-84.0184,316
paraiso_atlantico,9.916998,-84.0186,317
paraiso_atlantico,9.916854,-84.0191,318
paraiso_atlantico,9.916778,-84.0195,319
paraiso_atlantico,9.916863,-84.02,320
paraiso_atlantico,9.917074,-84.0204,321
paraiso_atlantico,9.917494,-84.0208,322
paraiso_atlantico,9.917734,-84.0211,323
paraiso_atlantico,9.918207,-84.0216,324
paraiso_atlantico,9.918427,-84.0221,325
paraiso_atlantico,9.918554,-84.0223,326
paraiso_atlantico,9.918683,-84.0228,327
paraiso_atlantico,9.919064,-84.0235,328
paraiso_atlantico,9.919277,-84.0238,329
paraiso_atlantico,9.919307,-84.0239,330
paraiso_atlantico,9.919635,-84.0245,331
paraiso_atlantico,9.919759,-84.0248,332
paraiso_atlantico,9.919819,-84.0251,333
paraiso_atlantico,9.919819,-84.0256,334
paraiso_atlantico,9.919736,-84.026,335
paraiso_atlantico,9.91958,-84.0268,336
paraiso_atlantico,9.919525,-84.0272,337
paraiso_atlantico,9.91952,-84.0276,338
paraiso_atlantico,9.919603,-84.0279,339
paraiso_atlantico,9.919758,-84.0283,340
paraiso_atlantico,9.920045,-84.0288,341
paraiso_atlantico,9.920887,-84.0302,342
paraiso_atlantico,9.921209,-84.0307,343
paraiso_atlantico,9.921389,-84.0312,344
paraiso_atlantico,9.921438,-84.0314,345
paraiso_atlantico,9.921457,-84.0317,346
paraiso_atlantico,9.921456,-84.0323,347
paraiso_atlantico,9.921466,-84.0328,348
paraiso_atlantico,9.921525,-84.0332,349
paraiso_atlantico,9.921769,-84.0336,350
paraiso_atlantico,9.92212,-84.034,351
paraiso_atlantico,9.922879,-84.0348,352
paraiso_atlantico,9.92294,-84.0349,353
paraiso_atlantico,9.923143,-84.035,354
paraiso_atlantico,9.92346,-84.0353,355
paraiso_atlantico,9.925282,-84.0371,356
paraiso_atlantico,9.927325,-84.0391,357
paraiso_atlantico,9.927635,-84.0394,358
paraiso_atlantico,9.930026,-84.0417,359
paraiso_atlantico,9.930408,-84.0418,360
paraiso_atlantico,9.930917,-84.042,361
paraiso_atlantico,9.931297,-84.0422,362
paraiso_atlantico,9.93169,-84.0425,363
paraiso_atlantico,9.931902,-84.0427,364
paraiso_atlantico,9.932141,-84.043,365
paraiso_atlantico,9.932337,-84.0433,366
paraiso_atlantico,9.932471,-84.0436,367
paraiso_atlantico,9.932553,-84.0438,368
paraiso_atlantico,9.932603,-84.044,369
paraiso_atlantico,9.932631,-84.0444,370
paraiso_atlantico,9.932641,-84.0448,371
paraiso_atlantico,9.932643,-84.0449,372
paraiso_atlantico,9.932647,-84.0451,373
paraiso_atlantico,9.932689,-84.0458,374
paraiso_atlantico,9.932738,-84.0468,375
paraiso_atlantico,9.932756,-84.0469,376
paraiso_atlantico,9.932859,-84.0477,377
paraiso_atlantico,9.932937,-84.0482,378
paraiso_atlantico,9.933214,-84.0493,379
paraiso_atlantico,9.933267,-84.0496,380
paraiso_atlantico,9.933475,-84.0503,381
paraiso_atlantico,9.933684,-84.0511,382
paraiso_atlantico,9.933986,-84.0522,383
paraiso_atlantico,9.934032,-84.0523,384
paraiso_atlantico,9.934035,-84.0524,385
paraiso_atlantico,9.93418,-84.0529,386
paraiso_atlantico,9.93441,-84.0536,387
paraiso_atlantico,9.934457,-84.0538,388
paraiso_atlantico,9.934912,-84.0553,389
paraiso_atlantico,9.934951,-84.0554,390
paraiso_atlantico,9.934972,-84.0555,391
paraiso_atlantico,9.935085,-84.0559,392
paraiso_atlantico,9.935183,-84.0563,393
paraiso_atlantico,9.935278,-84.0566,394
paraiso_atlantico,9.935381,-84.0571,395
paraiso_atlantico,9.935426,-84.0573,396
paraiso_atlantico,9.935445,-84.0576,397
paraiso_atlantico,9.935447,-84.0577,398
paraiso_atlantico,9.935449,-84.0578,399
paraiso_atlantico,9.935449,-84.0579,400
paraiso_atlantico,9.935424,-84.0582,401
paraiso_atlantico,9.93537,-84.0585,402
paraiso_atlantico,9.934974,-84.0599,403
paraiso_atlantico,9.934749,-84.0607,404
paraiso_atlantico,9.934601,-84.0612,405
paraiso_atlantico,9.934554,-84.0614,406
paraiso_atlantico,9.934314,-84.0622,407
paraiso_atlantico,9.933905,-84.0635,408
paraiso_atlantico,9.93386,-84.0637,409
paraiso_atlantico,9.933692,-84.0643,410
paraiso_atlantico,9.933588,-84.0648,411
paraiso_atlantico,9.933568,-84.0649,412
paraiso_atlantico,9.933555,-84.0651,413
paraiso_atlantico,9.933542,-84.0653,414
paraiso_atlantico,9.933572,-84.0657,415
paraiso_atlantico,9.933628,-84.0661,416
paraiso_atlantico,9.933644,-84.0662,417
paraiso_atlantico,9.933654,-84.0663,418
paraiso_atlantico,9.933783,-84.0666,419
paraiso_atlantico,9.934008,-84.0671,420
paraiso_atlantico,9.93408,-84.0672,421
paraiso_atlantico,9.934166,-84.0674,422
paraiso_atlantico,9.934317,-84.0678,423
paraiso_atlantico,9.934397,-84.0679,424
paraiso_atlantico,9.934734,-84.0686,425
paraiso_atlantico,9.93473,-84.0686,426
paraiso_atlantico,9.934785,-84.0687,427
paraiso_atlantico,9.934874,-84.0689,428
ulatina_heredia,9.9325526,-84.0438187,0
ulatina_heredia,9.9326027,-84.0439976,1
ulatina_heredia,9.9326307,-84.0444387,2
ulatina_heredia,9.932641,-84.0448184,3
ulatina_heredia,9.9326429,-84.0448899,4
ulatina_heredia,9.9326469,-84.0450655,5
ulatina_heredia,9.9326892,-84.045777,6
ulatina_heredia,9.9327383,-84.0467622,7
ulatina_heredia,9.9327561,-84.0469136,8
ulatina_heredia,9.9328589,-84.0477108,9
ulatina_heredia,9.9329369,-84.0481679,10
ulatina_heredia,9.9332136,-84.0493276,11
ulatina_heredia,9.9332674,-84.0495966,12
ulatina_heredia,9.9334745,-84.0503073,13
ulatina_heredia,9.9336837,-84.051054,14
ulatina_heredia,9.9339859,-84.0521666,15
ulatina_heredia,9.9340324,-84.0523175,16
ulatina_heredia,9.9340346,-84.05241899,17
ulatina_heredia,9.9341796,-84.0528887,18
ulatina_heredia,9.9344104,-84.0536339,19
ulatina_heredia,9.9344573,-84.0537972,20
ulatina_heredia,9.9349123,-84.0553234,21
ulatina_heredia,9.9349514,-84.0554471,22
ulatina_heredia,9.9349716,-84.0555179,23
ulatina_heredia,9.935085,-84.0559143,24
ulatina_heredia,9.9351827,-84.056271,25
ulatina_heredia,9.9352778,-84.0566251,26
ulatina_heredia,9.9353809,-84.0570515,27
ulatina_heredia,9.9354263,-84.0573417,28
ulatina_heredia,9.9354447,-84.0576149,29
ulatina_heredia,9.9354472,-84.0577088,30
ulatina_heredia,9.935449,-84.0578346,31
ulatina_heredia,9.9354493,-84.0578951,32
ulatina_heredia,9.935424,-84.0582103,33
ulatina_heredia,9.9353703,-84.0585294,34
ulatina_heredia,9.934974,-84.0599349,35
ulatina_heredia,9.9347494,-84.0607128,36
ulatina_heredia,9.9346013,-84.0612067,37
ulatina_heredia,9.9345539,-84.0613648,38
ulatina_heredia,9.9343135,-84.0621665,39
ulatina_heredia,9.9339051,-84.0635476,40
ulatina_heredia,9.93386,-84.0637196,41
ulatina_heredia,9.9336919,-84.0643327,42
ulatina_heredia,9.9335883,-84.0648111,43
ulatina_heredia,9.9335683,-84.0649459,44
ulatina_heredia,9.9335552,-84.0650526,45
ulatina_heredia,9.9335423,-84.0653349,46
ulatina_heredia,9.9335718,-84.0656888,47
ulatina_heredia,9.9336275,-84.0661287,48
ulatina_heredia,9.9336442,-84.066215,49
ulatina_heredia,9.9336536,-84.0662543,50
ulatina_heredia,9.9337832,-84.0666193,51
ulatina_heredia,9.9340078,-84.0670711,52
ulatina_heredia,9.9340801,-84.0672424,53
ulatina_heredia,9.9341662,-84.0674254,54
ulatina_heredia,9.9343165,-84.0677596,55
ulatina_heredia,9.9343972,-84.067946,56
ulatina_heredia,9.9347342,-84.0686116,57
ulatina_heredia,9.9347298,-84.068614,58
ulatina_heredia,9.9347849,-84.0687269,59
ulatina_heredia,9.9348741,-84.0689369,60
ulatina_heredia,9.9348801,-84.0689425,61
ulatina_heredia,9.9348794,-84.0689488,62
ulatina_heredia,9.934998,-84.0692169,63
ulatina_heredia,9.9350004,-84.0692158,64
ulatina_heredia,9.9350811,-84.0694177,65
ulatina_heredia,9.9352055,-84.0697586,66
ulatina_heredia,9.935412,-84.0702807,67
ulatina_heredia,9.9355382,-84.0706013,68
ulatina_heredia,9.9355726,-84.0706706,69
ulatina_heredia,9.935657,-84.0708206,70
ulatina_heredia,9.9357232,-84.0708946,71
ulatina_heredia,9.9357955,-84.0709578,72
ulatina_heredia,9.9359023,-84.0710408,73
ulatina_heredia,9.9360274,-84.071121,74
ulatina_heredia,9.9360964,-84.0711552,75
ulatina_heredia,9.9361588,-84.0711793,76
ulatina_heredia,9.9362484,-84.071214,77
ulatina_heredia,9.9363145,-84.0712396,78
ulatina_heredia,9.9364146,-84.0712741,79
ulatina_heredia,9.9365213,-84.0713003,80
ulatina_heredia,9.9365909,-84.0713123,81
ulatina_heredia,9.9366569,-84.071319,82
ulatina_heredia,9.9367661,-84.0713274,83
ulatina_heredia,9.9368268,-84.0713281,84
ulatina_heredia,9.9368683,-84.0713287,85
ulatina_heredia,9.9369634,-84.0713229,86
ulatina_heredia,9.9370595,-84.0713109,87
ulatina_heredia,9.9371853,-84.0712699,88
ulatina_heredia,9.9373571,-84.0712002,89
ulatina_heredia,9.9375341,-84.0710849,90
ulatina_heredia,9.9377861,-84.0709258,91
ulatina_heredia,9.938185,-84.0706703,92
ulatina_heredia,9.9385042,-84.0704572,93
ulatina_heredia,9.939014,-84.0701113,94
ulatina_heredia,9.9395146,-84.0697851,95
ulatina_heredia,9.9400022,-84.0695967,96
ulatina_heredia,9.9401405,-84.0695643,97
ulatina_heredia,9.9402789,-84.069542,98
ulatina_heredia,9.9403506,-84.0695387,99
ulatina_heredia,9.9406373,-84.0695178,100
ulatina_heredia,9.9409149,-84.0695186,101
ulatina_heredia,9.9413881,-84.0695257,102
ulatina_heredia,9.9416846,-84.0695319,103
ulatina_heredia,9.942091,-84.069535,104
ulatina_heredia,9.9423986,-84.0695514,105
ulatina_heredia,9.9425046,-84.0695582,106
ulatina_heredia,9.9426301,-84.0695793,107
ulatina_heredia,9.9428555,-84.0696171,108
ulatina_heredia,9.9430029,-84.0696418,109
ulatina_heredia,9.9431503,-84.0696688,110
ulatina_heredia,9.9432935,-84.0697142,111
ulatina_heredia,9.9434626,-84.0698001,112
ulatina_heredia,9.9436517,-84.0699144,113
ulatina_heredia,9.9437767,-84.0700177,114
ulatina_heredia,9.9439989,-84.070299,115
ulatina_heredia,9.9442499,-84.0706101,116
ulatina_heredia,9.9444673,-84.0708875,117
ulatina_heredia,9.9447226,-84.0711887,118
ulatina_heredia,9.9449365,-84.0714596,119
ulatina_heredia,9.9451772,-84.0717715,120
ulatina_heredia,9.9453678,-84.0719915,121
ulatina_heredia,9.9455116,-84.0721975,122
ulatina_heredia,9.9456862,-84.0724065,123
ulatina_heredia,9.945944,-84.072759,124
ulatina_heredia,9.9459928,-84.0728221,125
ulatina_heredia,9.9460112,-84.0728059,126
ulatina_heredia,9.9465374,-84.0735536,127
ulatina_heredia,9.9469376,-84.0740713,128
ulatina_heredia,9.9471308,-84.0743562,129
ulatina_heredia,9.9473125,-84.0746527,130
ulatina_heredia,9.9475056,-84.0751151,131
ulatina_heredia,9.9476091,-84.075484,132
ulatina_heredia,9.9477517,-84.0759043,133
ulatina_heredia,9.9479147,-84.0762948,134
ulatina_heredia,9.948016,-84.0764298,135
ulatina_heredia,9.9481266,-84.0765604,136
ulatina_heredia,9.9482876,-84.0766702,137
ulatina_heredia,9.9486625,-84.0768523,138
ulatina_heredia,9.9488465,-84.076948,139
ulatina_heredia,9.9489592,-84.0770344,140
ulatina_heredia,9.949042,-84.0771185,141
ulatina_heredia,9.9491087,-84.0772049,142
ulatina_heredia,9.9491962,-84.0773625,143
ulatina_heredia,9.9492732,-84.0776168,144
ulatina_heredia,9.9493594,-84.0784004,145
ulatina_heredia,9.9494077,-84.0787086,146
ulatina_heredia,9.9494813,-84.0789725,147
ulatina_heredia,9.9496468,-84.0792807,148
ulatina_heredia,9.9497871,-84.0794932,149
ulatina_heredia,9.9499343,-84.0797337,150
ulatina_heredia,9.9500746,-84.0799088,151
ulatina_heredia,9.950185,-84.0800979,152
ulatina_heredia,9.9502425,-84.0803011,153
ulatina_heredia,9.9502586,-84.0804832,154
ulatina_heredia,9.9502494,-84.080682,155
ulatina_heredia,9.9502149,-84.0809782,156
ulatina_heredia,9.9501022,-84.0817511,157
ulatina_heredia,9.95007,-84.0820547,158
ulatina_heredia,9.9500654,-84.0823582,159
ulatina_heredia,9.9501321,-84.0827365,160
ulatina_heredia,9.9502724,-84.0830634,161
ulatina_heredia,9.9503989,-84.0832502,162
ulatina_heredia,9.9505538,-84.0834022,163
ulatina_heredia,9.9541497,-84.0857663,164
ulatina_heredia,9.9547059,-84.0861228,165
ulatina_heredia,9.9548351,-84.0861835,166
ulatina_heredia,9.9549392,-84.0862465,167
ulatina_heredia,9.9551575,-84.086401,168
ulatina_heredia,9.9554726,-84.0866106,169
ulatina_heredia,9.9555752,-84.0866788,170
ulatina_heredia,9.9578283,-84.0881389,171
ulatina_heredia,9.958879,-84.0887993,172
ulatina_heredia,9.9599741,-84.0895209,173
ulatina_heredia,9.9616526,-84.0906076,174
ulatina_heredia,9.9621067,-84.0909123,175
ulatina_heredia,9.9624647,-84.0910739,176
ulatina_heredia,9.9625563,-84.0910861,177
ulatina_heredia,9.9628906,-84.0910748,178
ulatina_heredia,9.963219,-84.090977,179
ulatina_heredia,9.9634493,-84.0907677,180
ulatina_heredia,9.963636,-84.0902862,181
ulatina_heredia,9.9638669,-84.0899511,182
ulatina_heredia,9.964202,-84.0897501,183
ulatina_heredia,9.9646934,-84.0897352,184
ulatina_heredia,9.9651328,-84.0898096,185
ulatina_heredia,9.9655498,-84.0899586,186
ulatina_heredia,9.9663838,-84.0902639,187
ulatina_heredia,9.9666795,-84.0904702,188
ulatina_heredia,9.9668201,-84.0907639,189
ulatina_heredia,9.9668381,-84.0911277,190
ulatina_heredia,9.9667371,-84.0915702,191
ulatina_heredia,9.9667561,-84.0920585,192
ulatina_heredia,9.9669361,-84.092532,193
ulatina_heredia,9.967195,-84.0928496,194
ulatina_heredia,9.9689718,-84.0947839,195
ulatina_heredia,9.9693772,-84.0952306,196
ulatina_heredia,9.9696621,-84.095552,197
ulatina_heredia,9.9709037,-84.0968391,198
ulatina_heredia,9.971351,-84.0973432,199
ulatina_heredia,9.9719462,-84.098023,200
ulatina_heredia,9.9721402,-84.0982397,201
ulatina_heredia,9.9724809,-84.0986159,202
ulatina_heredia,9.9729738,-84.0991475,203
ulatina_heredia,9.9734728,-84.099624,204
ulatina_heredia,9.974061,-84.0999219,205
ulatina_heredia,9.9743317,-84.1000102,206
ulatina_heredia,9.974934,-84.100166,207
ulatina_heredia,9.9752706,-84.1002575,208
ulatina_heredia,9.9759971,-84.1004506,209
ulatina_heredia,9.9764662,-84.1006516,210
ulatina_heredia,9.9768907,-84.1009346,211
ulatina_heredia,9.9773002,-84.1013367,212
ulatina_heredia,9.9779544,-84.1020166,213
ulatina_heredia,9.9781417,-84.1021781,214
ulatina_heredia,9.9798045,-84.1034064,215
ulatina_heredia,9.9827004,-84.1055626,216
ulatina_heredia,9.9828911,-84.1057018,217
ulatina_heredia,9.9843436,-84.1067613,218
ulatina_heredia,9.9857048,-84.1077508,219
ulatina_heredia,9.9869738,-84.108677,220
ulatina_heredia,9.9874515,-84.1090156,221
ulatina_heredia,9.98963,-84.1106426,222
ulatina_heredia,9.9900494,-84.1109143,223
ulatina_heredia,9.9905784,-84.1111621,224
ulatina_heredia,9.9908846,-84.1112698,225
ulatina_heredia,9.9910999,-84.1113456,226
ulatina_heredia,9.9916039,-84.1115498,227
ulatina_heredia,9.991744,-84.1116007,228
ulatina_heredia,9.9919342,-84.1116738,229
ulatina_heredia,9.9934746,-84.1122267,230
ulatina_heredia,9.9937622,-84.1123789,231
ulatina_heredia,9.9938449,-84.1124476,232
ulatina_heredia,9.9939337,-84.1125424,233
ulatina_heredia,9.9940166,-84.1126614,234
ulatina_heredia,9.994133,-84.1128775,235
ulatina_heredia,9.9941595,-84.112975,236
ulatina_heredia,9.9941796,-84.1132916,237
ulatina_heredia,9.9941433,-84.1134865,238
ulatina_heredia,9.9940545,-84.1137678,239
ulatina_heredia,9.993987,-84.1140367,240
ulatina_heredia,9.9939685,-84.1142225,241
ulatina_heredia,9.9939789,-84.114399,242
ulatina_heredia,9.9940138,-84.1145987,243
ulatina_heredia,9.99407,-84.1147968,244
ulatina_heredia,9.9941559,-84.1150124,245
ulatina_heredia,9.9944768,-84.115744,246
ulatina_heredia,9.9945003,-84.1158126,247
ulatina_heredia,9.9945191,-84.1158752,248
ulatina_heredia,9.9945473,-84.1159633,249
ulatina_heredia,9.9945773,-84.1161345,250
ulatina_heredia,9.9946381,-84.1166941,251
ulatina_heredia,9.9946617,-84.1166939,252
ulatina_heredia,9.9946758,-84.1170597,253
ulatina_heredia,9.9947002,-84.1170613,254
