shape_id,shape_pt_lat,shape_pt_lon,shape_pt_sequence,shape_dist_traveled
pacifico_belen,9.9253945,-84.0811014,0,0
pacifico_belen,9.9257294,-84.0836314,1,0.279603
pacifico_belen,9.9258004,-84.0844052,2,0.364725
pacifico_belen,9.9258029,-84.084703,3,0.397344
pacifico_belen,9.9257564,-84.0850864,4,0.439656
pacifico_belen,9.9256818,-84.0853768,5,0.472527
pacifico_belen,9.9255773,-84.0856152,6,0.501108
pacifico_belen,9.9253837,-84.0861128,7,0.559708
pacifico_belen,9.9252137,-84.0864369,8,0.599926
pacifico_belen,9.9250369,-84.0868748,9,0.651762
pacifico_belen,9.9249764,-84.0870523,10,0.672335
pacifico_belen,9.924989,-84.0874217,11,0.712820
pacifico_belen,9.9252757,-84.0892389,12,0.914396
pacifico_belen,9.9253976,-84.0898437,13,0.982013
pacifico_belen,9.9255076,-84.0904344,14,1.047858
pacifico_belen,9.9255816,-84.0906049,15,1.068266
pacifico_belen,9.9256598,-84.0907566,16,1.087019
pacifico_belen,9.9258116,-84.0909738,17,1.116189
pacifico_belen,9.9259238,-84.0910545,18,1.131479
pacifico_belen,9.9259689,-84.0910992,19,1.138488
pacifico_belen,9.9260257,-84.09114,20,1.146225
pacifico_belen,9.9261842,-84.091254,21,1.167824
pacifico_belen,9.9264878,-84.0914501,22,1.207836
pacifico_belen,9.9269607,-84.0917519,23,1.269948
pacifico_belen,9.9271319,-84.0918611,25,1.292430
pacifico_belen,9.9273064,-84.0919248,26,1.313050
pacifico_belen,9.92750186,-84.09210541,27,1.342439
pacifico_belen,9.9282132,-84.0925688,28,1.436420
pacifico_belen,9.928478,-84.0927599,29,1.472546
pacifico_belen,9.9289052,-84.0930263,30,1.528294
pacifico_belen,9.9299259,-84.0937125,31,1.664420
pacifico_belen,9.9302116,-84.0939136,32,1.703078
pacifico_belen,9.9303611,-84.0940513,33,1.725524
pacifico_belen,9.9305382,-84.0942428,34,1.754294
pacifico_belen,9.9306868,-84.0944314,35,1.780747
pacifico_belen,9.9308313,-84.0946484,36,1.809436
pacifico_belen,9.9308862,-84.0947073,37,1.818318
pacifico_belen,9.9316947,-84.0962424,38,2.008981
pacifico_belen,9.9320095,-84.096875,39,2.086609
pacifico_belen,9.9321681,-84.0972603,40,2.132347
pacifico_belen,9.9322482,-84.097488,41,2.158829
pacifico_belen,9.9323003,-84.0977075,42,2.183559
pacifico_belen,9.9323561,-84.0982177,43,2.239784
pacifico_belen,9.9323627,-84.0982979,44,2.248598
pacifico_belen,9.9323793,-84.0984424,45,2.264532
pacifico_belen,9.9324057,-84.0987077,46,2.293738
pacifico_belen,9.9326467,-84.1014158,47,2.591560
pacifico_belen,9.9326563,-84.1014151,48,2.592630
pacifico_belen,9.9334995,-84.1099142,50,3.528230
pacifico_belen,9.9335372,-84.1103089,52,3.571664
pacifico_belen,9.9336421,-84.1114284,53,3.694834
pacifico_belen,9.9338354,-84.1119459,54,3.755453
pacifico_belen,9.9341474,-84.1123171,55,3.808900
pacifico_belen,9.9344853,-84.1125672,56,3.855398
pacifico_belen,9.9347997,-84.1126877,57,3.892766
pacifico_belen,9.9354121,-84.1126823,58,3.960864
pacifico_belen,9.935707,-84.1126616,59,3.993734
pacifico_belen,9.9358435,-84.1126773,60,4.009009
pacifico_belen,9.9359513,-84.1127081,61,4.021462
pacifico_belen,9.9360803,-84.1127559,62,4.036731
pacifico_belen,9.9361774,-84.1128082,63,4.048954
pacifico_belen,9.9363284,-84.1129085,64,4.069019
pacifico_belen,9.9364527,-84.1130095,65,4.086722
pacifico_belen,9.9365531,-84.1131141,66,4.102719
pacifico_belen,9.9366324,-84.1132214,67,4.117411
pacifico_belen,9.9366958,-84.1133448,68,4.132655
pacifico_belen,9.9367592,-84.1135567,69,4.156911
pacifico_belen,9.936775,-84.1138061,70,4.184283
pacifico_belen,9.9367909,-84.1144471,71,4.254512
pacifico_belen,9.936775,-84.1150989,72,4.325923
pacifico_belen,9.9367621,-84.1154394,73,4.363245
pacifico_belen,9.9367783,-84.1156674,74,4.388282
pacifico_belen,9.9367966,-84.1157881,75,4.401658
pacifico_belen,9.9368955,-84.1163195,76,4.460890
pacifico_belen,9.9369684,-84.1167884,77,4.512883
pacifico_belen,9.9370198,-84.1171187,78,4.549508
pacifico_belen,9.9371184,-84.1174587,79,4.588328
pacifico_belen,9.9378877,-84.1193668,80,4.814145
pacifico_belen,9.9379988,-84.1196425,82,4.846771
pacifico_belen,9.9382944,-84.1202932,83,4.925254
pacifico_belen,9.9384759,-84.1205828,84,4.962849
pacifico_belen,9.9386357,-84.1207226,85,4.986305
pacifico_belen,9.9393833,-84.1213764,86,5.096024
pacifico_belen,9.9398456,-84.1220143,87,5.182764
pacifico_belen,9.9401587,-84.1227607,88,5.271619
pacifico_belen,9.9402396,-84.1235259,89,5.355909
pacifico_belen,9.9402355,-84.1237152,90,5.376647
pacifico_belen,9.9403739,-84.1237316,92,5.392141
pacifico_belen,9.9401569,-84.1273819,93,5.792670
pacifico_belen,9.9400121,-84.130606,94,6.146159
pacifico_belen,9.9399871,-84.1315596,95,6.250640
pacifico_belen,9.9399541,-84.1324677,96,6.350168
pacifico_belen,9.93996,-84.1333511,97,6.446925
pacifico_belen,9.9399761,-84.1335334,98,6.466972
pacifico_belen,9.9400393,-84.1342488,100,6.545641
pacifico_belen,9.9400741,-84.1346063,101,6.584988
pacifico_belen,9.940129,-84.1351172,102,6.641276
pacifico_belen,9.9401334,-84.1351584,103,6.645815
pacifico_belen,9.9401443,-84.1352011,104,6.650646
pacifico_belen,9.9402052,-84.13544,105,6.677674
pacifico_belen,9.9403245,-84.1357196,106,6.711047
pacifico_belen,9.9404913,-84.1359072,107,6.738727
pacifico_belen,9.9407277,-84.1360783,108,6.771010
pacifico_belen,9.9407782,-84.1361102,109,6.777623
pacifico_belen,9.9408153,-84.1361264,110,6.782114
pacifico_belen,9.940893,-84.1361434,111,6.790952
pacifico_belen,9.9410177,-84.1361691,112,6.805101
pacifico_belen,9.941222,-84.1361764,113,6.827832
pacifico_belen,9.9417103,-84.1361333,114,6.882334
pacifico_belen,9.9426069,-84.1360214,115,6.982782
pacifico_belen,9.9434921,-84.1359248,116,7.081778
pacifico_belen,9.9439874,-84.1358682,117,7.137201
pacifico_belen,9.9441934,-84.1358491,118,7.160202
pacifico_belen,9.9444947,-84.1358265,119,7.193797
pacifico_belen,9.9448979,-84.1358105,120,7.238665
pacifico_belen,9.9451345,-84.1358763,121,7.265943
pacifico_belen,9.945368,-84.1359982,122,7.295138
pacifico_belen,9.9456094,-84.1362038,123,7.330175
pacifico_belen,9.9457991,-84.136453,124,7.364670
pacifico_belen,9.9461457,-84.1374652,125,7.482038
pacifico_belen,9.9463192,-84.1380366,126,7.547526
pacifico_belen,9.9469399,-84.1400628,128,7.779927
pacifico_belen,9.947496,-84.1421,129,8.011459
pacifico_belen,9.9476398,-84.1424505,130,8.053043
pacifico_belen,9.9478248,-84.1427591,131,8.092610
pacifico_belen,9.9481148,-84.1430724,132,8.139698
pacifico_belen,9.9484209,-84.1433056,133,8.182252
pacifico_belen,9.9493497,-84.1437941,134,8.298565
pacifico_belen,9.9498597,-84.1440878,136,8.363762
pacifico_belen,9.9498709,-84.1440943,137,8.365197
pacifico_belen,9.9512865,-84.1448767,138,8.544417
pacifico_belen,9.9535703,-84.1460022,139,8.826700
pacifico_belen,9.9537889,-84.1461154,140,8.853986
pacifico_belen,9.9539983,-84.1462897,141,8.884096
pacifico_belen,9.9541803,-84.1465164,142,8.916127
pacifico_belen,9.9543582,-84.1468083,143,8.953721
pacifico_belen,9.955132,-84.1485207,144,9.160061
pacifico_belen,9.9556673,-84.1497053,145,9.302801
pacifico_belen,9.955766,-84.1498934,146,9.326143
pacifico_belen,9.9559195,-84.1500782,148,9.352619
pacifico_belen,9.956142,-84.1502948,149,9.386895
pacifico_belen,9.9562952,-84.150403,150,9.407646
pacifico_belen,9.9564417,-84.1504816,151,9.426071
pacifico_belen,9.9569459,-84.1506836,152,9.486343
pacifico_belen,9.957101,-84.1507712,153,9.506078
pacifico_belen,9.9572144,-84.1508221,154,9.519865
pacifico_belen,9.9573359,-84.1509105,155,9.536486
pacifico_belen,9.9575594,-84.151059,156,9.566186
pacifico_belen,9.9576935,-84.1511888,157,9.586788
pacifico_belen,9.9578623,-84.15138,158,9.614909
pacifico_belen,9.9588981,-84.1530463,159,9.830708
pacifico_belen,9.9597493,-84.1544204,160,10.008488
pacifico_belen,9.9616592,-84.1574295,161,10.400543
pacifico_belen,9.9618536,-84.1577814,162,10.444730
pacifico_belen,9.9619297,-84.1580303,163,10.473273
pacifico_belen,9.9619551,-84.1586569,164,10.541955
pacifico_belen,9.962048,-84.1592577,165,10.608560
pacifico_belen,9.9622124,-84.1596532,166,10.655574
pacifico_belen,9.9623777,-84.1598843,167,10.686853
pacifico_belen,9.9632479,-84.161048,168,10.846870
pacifico_belen,9.9641615,-84.1615065,169,10.960191
pacifico_belen,9.9644151,-84.1617811,170,11.001417
pacifico_belen,9.9646264,-84.1621588,171,11.048989
pacifico_belen,9.9649645,-84.1629656,172,11.145013
pacifico_belen,9.9650848,-84.1633237,173,11.186450
pacifico_belen,9.9653196,-84.1639956,174,11.264529
pacifico_belen,9.965514,-84.1642531,175,11.300061
pacifico_belen,9.965793,-84.164605,176,11.349536
pacifico_belen,9.9661227,-84.165695,177,11.474412
pacifico_belen,9.9661565,-84.1660298,178,11.511270
pacifico_belen,9.9660804,-84.1665791,179,11.572020
pacifico_belen,9.9661819,-84.1669825,180,11.617618
pacifico_belen,9.9664186,-84.1672538,181,11.657311
pacifico_belen,9.9668652,-84.1676427,182,11.722734
pacifico_belen,9.9678895,-84.1690682,183,11.915981
pacifico_belen,9.9681769,-84.16936,184,11.961176
pacifico_belen,9.9685488,-84.1694887,185,12.004865
pacifico_belen,9.9704931,-84.1703642,186,12.241369
pacifico_belen,9.9717358,-84.1706904,187,12.384094
pacifico_belen,9.972243,-84.1709307,188,12.446330
pacifico_belen,9.972784,-84.1713255,189,12.520412
pacifico_belen,9.9731306,-84.1717632,190,12.581919
pacifico_belen,9.9734011,-84.1722439,191,12.642549
pacifico_belen,9.973604,-84.172716,192,12.698959
pacifico_belen,9.9737139,-84.1731795,193,12.751169
pacifico_belen,9.9737562,-84.1738318,194,12.822760
pacifico_belen,9.9737731,-84.1753681,195,12.991018
pacifico_belen,9.9739252,-84.1766642,196,13.133964
pacifico_belen,9.9741112,-84.1776169,197,13.240328
pacifico_belen,9.974361,-84.1781875,198,13.308712
pacifico_belen,9.9744155,-84.1783121,200,13.323643
pacifico_belen,9.9744622,-84.1783816,201,13.332857
pacifico_belen,9.974779,-84.1788529,202,13.395346
pacifico_belen,9.9750918,-84.1792219,203,13.448664
pacifico_belen,9.975413,-84.179488,204,13.494760
pacifico_belen,9.9757417,-84.1798155,205,13.545968
pacifico_belen,9.9758695,-84.1799429,206,13.565883
pacifico_belen,9.9763851,-84.1804407,207,13.644997
pacifico_belen,9.9767571,-84.1806896,208,13.694535
pacifico_belen,9.9770529,-84.1808184,209,13.730323
pacifico_belen,9.9775433,-84.1808634,210,13.785075
pacifico_belen,9.9778276,-84.1808959,211,13.816888
pacifico_belen,9.9781399,-84.1809304,212,13.851819
pacifico_belen,9.9784983,-84.1810097,213,13.892606
pacifico_belen,9.9786304,-84.1810788,214,13.909130
pacifico_belen,9.9787445,-84.1811784,215,13.925861
pacifico_belen,9.9788886,-84.1813492,216,13.950491
pacifico_belen,9.9789867,-84.1815179,217,13.971945
pacifico_belen,9.9790388,-84.1816825,218,13.990879
pacifico_belen,9.9790888,-84.1819793,219,14.023855
pacifico_belen,9.9790969,-84.1822009,220,14.048139
pacifico_belen,9.9790989,-84.1823513,221,14.064612
pacifico_belen,9.9790928,-84.1824753,222,14.078208
pacifico_belen,9.9790408,-84.1827172,223,14.105323
pacifico_belen,9.9788586,-84.1833087,224,14.173194
pacifico_belen,9.9785043,-84.1847012,225,14.330697
pacifico_belen,9.9784986,-84.1848199,226,14.343712
pacifico_belen,9.9784607,-84.1849399,227,14.357513
cfia_metropoli,9.9252818,-84.0371297,0,0
cfia_metropoli,9.9273253,-84.0391439,1,0.316707
cfia_metropoli,9.9276345,-84.0394379,2,0.363814
cfia_metropoli,9.9300262,-84.0417014,3,0.727395
cfia_metropoli,9.9304082,-84.0418368,4,0.772386
cfia_metropoli,9.9309168,-84.0419831,5,0.831166
cfia_metropoli,9.9312972,-84.0421986,6,0.879604
cfia_metropoli,9.93169,-84.0424946,7,0.933999
cfia_metropoli,9.9319024,-84.0426701,8,0.964451
cfia_metropoli,9.9321414,-84.0429751,9,1.007138
cfia_metropoli,9.9323369,-84.043285,10,1.047446
cfia_metropoli,9.9324705,-84.0435545,11,1.080491
cfia_metropoli,9.9325526,-84.0438187,13,1.110834
cfia_metropoli,9.9326027,-84.0439976,14,1.131206
cfia_metropoli,9.9326307,-84.0444387,15,1.179619
cfia_metropoli,9.932641,-84.0448184,16,1.221222
cfia_metropoli,9.9326429,-84.0448899,17,1.229056
cfia_metropoli,9.9326469,-84.0450655,18,1.248295
cfia_metropoli,9.9326892,-84.045777,19,1.326366
cfia_metropoli,9.9327383,-84.0467622,20,1.434411
cfia_metropoli,9.9327561,-84.0469136,21,1.451111
cfia_metropoli,9.9328589,-84.0477108,22,1.539172
cfia_metropoli,9.9329369,-84.0481679,23,1.589983
cfia_metropoli,9.9332136,-84.0493276,24,1.720676
cfia_metropoli,9.9332674,-84.0495966,25,1.750741
cfia_metropoli,9.9334745,-84.0503073,26,1.831917
cfia_metropoli,9.9336837,-84.051054,27,1.916945
cfia_metropoli,9.9339859,-84.0521666,28,2.043354
cfia_metropoli,9.9340324,-84.0523175,29,2.060672
cfia_metropoli,9.9340346,-84.05241899,30,2.071791
cfia_metropoli,9.9341796,-84.0528887,31,2.125704
cfia_metropoli,9.9344104,-84.0536339,33,2.211264
cfia_metropoli,9.9344573,-84.0537972,34,2.229895
cfia_metropoli,9.9349123,-84.0553234,35,2.404544
cfia_metropoli,9.9349514,-84.0554471,36,2.418773
cfia_metropoli,9.9349716,-84.0555179,37,2.426847
cfia_metropoli,9.935085,-84.0559143,38,2.472057
cfia_metropoli,9.9351827,-84.056271,39,2.512608
cfia_metropoli,9.9352778,-84.0566251,40,2.552807
cfia_metropoli,9.9353809,-84.0570515,41,2.600896
cfia_metropoli,9.9354263,-84.0573417,42,2.633080
cfia_metropoli,9.9354447,-84.0576149,43,2.663072
cfia_metropoli,9.9354472,-84.0577088,44,2.673361
cfia_metropoli,9.935449,-84.0578346,45,2.687141
cfia_metropoli,9.9354493,-84.0578951,46,2.693767
cfia_metropoli,9.935424,-84.0582103,47,2.728405
cfia_metropoli,9.9353703,-84.0585294,48,2.763861
cfia_metropoli,9.934974,-84.0599349,49,2.923985
cfia_metropoli,9.9347494,-84.0607128,50,3.012771
cfia_metropoli,9.9346013,-84.0612067,51,3.069318
cfia_metropoli,9.9345539,-84.0613648,52,3.087419
cfia_metropoli,9.9343135,-84.0621665,53,3.179206
cfia_metropoli,9.9339051,-84.0635476,54,3.337144
cfia_metropoli,9.93386,-84.0637196,55,3.356639
cfia_metropoli,9.9336919,-84.0643327,56,3.426343
cfia_metropoli,9.9335883,-84.0648111,57,3.479993
cfia_metropoli,9.9335683,-84.0649459,58,3.494924
cfia_metropoli,9.9335552,-84.0650526,59,3.506701
cfia_metropoli,9.9335423,-84.0653349,60,3.537654
cfia_metropoli,9.9335718,-84.0656888,61,3.576554
cfia_metropoli,9.9336275,-84.0661287,62,3.625132
cfia_metropoli,9.9336442,-84.066215,63,3.634765
cfia_metropoli,9.9336536,-84.0662543,64,3.639195
cfia_metropoli,9.9337832,-84.0666193,65,3.681690
cfia_metropoli,9.9340078,-84.0670711,66,3.737120
cfia_metropoli,9.9340801,-84.0672424,67,3.757532
cfia_metropoli,9.9341662,-84.0674254,68,3.779745
cfia_metropoli,9.9343165,-84.0677596,69,3.819984
cfia_metropoli,9.9343972,-84.067946,70,3.842285
cfia_metropoli,9.9347342,-84.0686116,71,3.924253
cfia_metropoli,9.9347298,-84.068614,72,3.924809
cfia_metropoli,9.9347849,-84.0687269,73,3.938609
cfia_metropoli,9.9348741,-84.0689369,74,3.963657
cfia_metropoli,9.9347849,-84.0687269,76,3.988705
cfia_metropoli,9.9347342,-84.0686116,77,4.002535
cfia_metropoli,9.9343972,-84.067946,78,4.084504
cfia_metropoli,9.9343165,-84.0677596,79,4.106805
cfia_metropoli,9.9341662,-84.0674254,80,4.147044
cfia_metropoli,9.9340801,-84.0672424,81,4.169256
cfia_metropoli,9.9340078,-84.0670711,82,4.189668
cfia_metropoli,9.9337832,-84.0666193,83,4.245098
cfia_metropoli,9.9336536,-84.0662543,84,4.287594
cfia_metropoli,9.9336442,-84.066215,85,4.292023
cfia_metropoli,9.9336275,-84.0661287,86,4.301656
cfia_metropoli,9.9335718,-84.0656888,87,4.350234
cfia_metropoli,9.9335423,-84.0653349,88,4.389135
cfia_metropoli,9.9335552,-84.0650526,89,4.420088
cfia_metropoli,9.9335683,-84.0649459,90,4.431865
cfia_metropoli,9.9335883,-84.0648111,91,4.446796
cfia_metropoli,9.9336919,-84.0643327,92,4.500445
cfia_metropoli,9.93386,-84.0637196,93,4.570150
cfia_metropoli,9.9339051,-84.0635476,94,4.589644
cfia_metropoli,9.9338934,-84.0632555,95,4.621664
cfia_metropoli,9.9338538,-84.0630543,96,4.644137
cfia_metropoli,9.9337772,-84.0628666,97,4.666390
cfia_metropoli,9.9336266,-84.0626734,98,4.693375
cfia_metropoli,9.933513,-84.0625742,99,4.710037
cfia_metropoli,9.9333914,-84.0624991,100,4.725863
cfia_metropoli,9.9331517,-84.0624012,101,4.754593
cfia_metropoli,9.9328815,-84.0623865,102,4.784681
cfia_metropoli,9.9326226,-84.0624294,103,4.813850
cfia_metropoli,9.9324482,-84.0625098,104,4.835148
cfia_metropoli,9.9322025,-84.0626895,105,4.868820
cfia_metropoli,9.9319727,-84.062939,106,4.906233
cfia_metropoli,9.9318829,-84.0630999,107,4.926488
cfia_metropoli,9.9317909,-84.0632935,108,4.950032
cfia_metropoli,9.9317982,-84.0638305,109,5.008854
cfia_metropoli,9.9318601,-84.0643195,110,5.062854
cfia_metropoli,9.9319546,-84.0646937,111,5.105165
cfia_metropoli,9.9320424,-84.0650798,112,5.148567
cfia_metropoli,9.9320656,-84.0652956,113,5.172343
cfia_metropoli,9.932069,-84.0653951,114,5.183248
cfia_metropoli,9.9320708,-84.0654868,115,5.193294
cfia_metropoli,9.932034,-84.0656278,116,5.209270
cfia_metropoli,9.9320171,-84.065646,117,5.212010
cfia_metropoli,9.9319766,-84.0657133,118,5.220648
cfia_metropoli,9.9318825,-84.0658726,119,5.240992
cfia_metropoli,9.9315591,-84.0663747,120,5.306700
cfia_metropoli,9.9314579,-84.0665335,121,5.327416
cfia_metropoli,9.9313728,-84.0667109,122,5.349028
cfia_metropoli,9.9313013,-84.0669606,123,5.377510
cfia_metropoli,9.9312486,-84.0672643,124,5.411286
cfia_metropoli,9.9312532,-84.0675936,125,5.447357
cfia_metropoli,9.9313153,-84.0678878,126,5.480312
cfia_metropoli,9.9314307,-84.0681863,127,5.515435
cfia_metropoli,9.9319769,-84.0692549,128,5.647296
cfia_metropoli,9.932044,-84.0693697,129,5.661917
cfia_metropoli,9.9321114,-84.0695759,130,5.685713
cfia_metropoli,9.932163,-84.0700585,131,5.738882
cfia_metropoli,9.9321644,-84.0701113,132,5.744667
cfia_metropoli,9.9321482,-84.0705146,133,5.788877
cfia_metropoli,9.9321183,-84.0707967,134,5.819953
cfia_metropoli,9.932063,-84.071038,135,5.847088
cfia_metropoli,9.9320045,-84.0712178,136,5.867828
cfia_metropoli,9.9318228,-84.0715658,137,5.910968
cfia_metropoli,9.931663,-84.0718639,138,5.948140
cfia_metropoli,9.9312756,-84.0725767,139,6.037308
cfia_metropoli,9.9312068,-84.0727059,141,6.053394
cfia_metropoli,9.9311851,-84.0727575,142,6.059540
cfia_metropoli,9.9311337,-84.0728796,143,6.074083
cfia_metropoli,9.9309536,-84.0729907,144,6.097517
cfia_metropoli,9.9308689,-84.0730492,145,6.108908
cfia_metropoli,9.9307374,-84.0731224,146,6.125584
cfia_metropoli,9.9306293,-84.0731681,147,6.138604
cfia_metropoli,9.9301951,-84.0731828,148,6.186912
cfia_metropoli,9.9294115,-84.0732285,149,6.274188
cfia_metropoli,9.928865,-84.0732596,150,6.335051
cfia_metropoli,9.9283552,-84.0732729,151,6.391757
cfia_metropoli,9.9278973,-84.073298,152,6.442748
cfia_metropoli,9.9273891,-84.0733182,153,6.499300
cfia_metropoli,9.9268467,-84.073331,154,6.559629
cfia_metropoli,9.9261057,-84.0733682,155,6.642125
cfia_metropoli,9.9259232,-84.073426,156,6.663382
cfia_metropoli,9.9257754,-84.0734821,157,6.680928
cfia_metropoli,9.9257026,-84.0735136,158,6.689728
cfia_metropoli,9.9256595,-84.0735292,159,6.694816
cfia_metropoli,9.9254993,-84.0736507,160,6.717051
cfia_metropoli,9.9253187,-84.0738048,161,6.743284
cfia_metropoli,9.9252034,-84.073948,162,6.763542
cfia_metropoli,9.925085,-84.0741406,163,6.788409
cfia_metropoli,9.9250258,-84.0743336,164,6.810550
cfia_metropoli,9.9249434,-84.0746097,166,6.842149
cfia_metropoli,9.9249291,-84.0747599,167,6.858677
cfia_metropoli,9.9249314,-84.0748187,168,6.865122
cfia_metropoli,9.9250057,-84.0756998,169,6.961983
cfia_metropoli,9.9250817,-84.076611,170,7.062145
cfia_metropoli,9.9251296,-84.0771475,171,7.121149
cfia_metropoli,9.9251862,-84.0777445,172,7.186841
cfia_metropoli,9.9253116,-84.0791117,173,7.337239
cfia_metropoli,9.9253156,-84.0791463,174,7.341055
cfia_metropoli,9.9253651,-84.0797588,175,7.408368
cfia_metropoli,9.9253866,-84.0799658,176,7.431166
cfia_metropoli,9.92540567,-84.0802126,177,7.458281
cfia_metropoli,9.925431,-84.0803734,178,7.476118
cfia_metropoli,9.92541693,-84.0803725,179,7.477685
cfia_metropoli,9.9253576,-84.0803989,180,7.484888
cfia_metropoli,9.9253523,-84.0806108,181,7.508105
cfia_metropoli,9.92537369,-84.0808722,182,7.536835
cfia_metropoli,9.9253945,-84.0811014,183,7.562046
cfia_metropoli,9.9257294,-84.0836314,185,7.841650
cfia_metropoli,9.9258004,-84.0844052,186,7.926771
cfia_metropoli,9.9258029,-84.084703,187,7.959391
cfia_metropoli,9.9257564,-84.0850864,188,8.001702
cfia_metropoli,9.9256818,-84.0853768,189,8.034573
cfia_metropoli,9.9255773,-84.0856152,190,8.063154
cfia_metropoli,9.9253837,-84.0861128,191,8.121754
cfia_metropoli,9.9252137,-84.0864369,192,8.161972
cfia_metropoli,9.9250369,-84.0868748,193,8.213808
cfia_metropoli,9.9249764,-84.0870523,194,8.234381
cfia_metropoli,9.924989,-84.0874217,195,8.274866
cfia_metropoli,9.9252757,-84.0892389,196,8.476442
cfia_metropoli,9.9253976,-84.0898437,197,8.544059
cfia_metropoli,9.9255076,-84.0904344,198,8.609905
cfia_metropoli,9.9255816,-84.0906049,199,8.630312
cfia_metropoli,9.9256598,-84.0907566,200,8.649066
cfia_metropoli,9.9258116,-84.0909738,201,8.678235
cfia_metropoli,9.9259238,-84.0910545,202,8.693525
cfia_metropoli,9.9259689,-84.0910992,203,8.700534
cfia_metropoli,9.9260257,-84.09114,204,8.708271
cfia_metropoli,9.9261842,-84.091254,205,8.729870
cfia_metropoli,9.9264878,-84.0914501,206,8.769883
cfia_metropoli,9.9269607,-84.0917519,207,8.831994
cfia_metropoli,9.9271319,-84.0918611,209,8.854476
cfia_metropoli,9.9273064,-84.0919248,210,8.875096
cfia_metropoli,9.92750186,-84.09210541,211,8.904485
cfia_metropoli,9.9282132,-84.0925688,212,8.998466
cfia_metropoli,9.928478,-84.0927599,213,9.034592
cfia_metropoli,9.9289052,-84.0930263,214,9.090340
cfia_metropoli,9.9299259,-84.0937125,215,9.226467
cfia_metropoli,9.9302116,-84.0939136,216,9.265124
cfia_metropoli,9.9303611,-84.0940513,217,9.287570
cfia_metropoli,9.9305382,-84.0942428,218,9.316340
cfia_metropoli,9.9306868,-84.0944314,219,9.342793
cfia_metropoli,9.9308313,-84.0946484,220,9.371482
cfia_metropoli,9.9308862,-84.0947073,221,9.380364
cfia_metropoli,9.9316947,-84.0962424,222,9.571027
cfia_metropoli,9.9320095,-84.096875,223,9.648655
cfia_metropoli,9.9321681,-84.0972603,224,9.694393
cfia_metropoli,9.9322482,-84.097488,225,9.720875
cfia_metropoli,9.9323003,-84.0977075,226,9.745605
cfia_metropoli,9.9323561,-84.0982177,227,9.801830
cfia_metropoli,9.9323627,-84.0982979,228,9.810645
cfia_metropoli,9.9323793,-84.0984424,229,9.826579
cfia_metropoli,9.9324057,-84.0987077,230,9.855784
cfia_metropoli,9.9326467,-84.1014158,231,10.153606
cfia_metropoli,9.9326563,-84.1014151,232,10.154676
cfia_metropoli,9.9334995,-84.1099142,234,11.090276
cfia_metropoli,9.9335372,-84.1103089,236,11.133710
cfia_metropoli,9.9336421,-84.1114284,237,11.256880
cfia_metropoli,9.9338354,-84.1119459,238,11.317499
cfia_metropoli,9.9341474,-84.1123171,239,11.370946
cfia_metropoli,9.9344853,-84.1125672,240,11.417444
cfia_metropoli,9.9347997,-84.1126877,241,11.454812
cfia_metropoli,9.9354121,-84.1126823,242,11.522911
cfia_metropoli,9.935707,-84.1126616,243,11.555780
cfia_metropoli,9.9358435,-84.1126773,244,11.571055
cfia_metropoli,9.9359513,-84.1127081,245,11.583508
cfia_metropoli,9.9360803,-84.1127559,246,11.598778
cfia_metropoli,9.9361774,-84.1128082,247,11.611000
cfia_metropoli,9.9363284,-84.1129085,248,11.631065
cfia_metropoli,9.9364527,-84.1130095,249,11.648768
cfia_metropoli,9.9365531,-84.1131141,250,11.664765
cfia_metropoli,9.9366324,-84.1132214,251,11.679457
cfia_metropoli,9.9366958,-84.1133448,252,11.694701
cfia_metropoli,9.9367592,-84.1135567,253,11.718957
cfia_metropoli,9.936775,-84.1138061,254,11.746329
cfia_metropoli,9.9367909,-84.1144471,255,11.816558
cfia_metropoli,9.936775,-84.1150989,256,11.887970
cfia_metropoli,9.9367621,-84.1154394,257,11.925291
cfia_metropoli,9.9367783,-84.1156674,258,11.950328
cfia_metropoli,9.9367966,-84.1157881,259,11.963704
cfia_metropoli,9.9368955,-84.1163195,260,12.022936
cfia_metropoli,9.9369684,-84.1167884,261,12.074929
cfia_metropoli,9.9370198,-84.1171187,262,12.111554
cfia_metropoli,9.9371184,-84.1174587,263,12.150374
cfia_metropoli,9.9378877,-84.1193668,264,12.376191
cfia_metropoli,9.9379988,-84.1196425,266,12.408817
cfia_metropoli,9.9382944,-84.1202932,267,12.487300
cfia_metropoli,9.9384759,-84.1205828,268,12.524895
cfia_metropoli,9.9386357,-84.1207226,269,12.548351
cfia_metropoli,9.9393833,-84.1213764,270,12.658070
cfia_metropoli,9.9398456,-84.1220143,271,12.744810
cfia_metropoli,9.9401587,-84.1227607,272,12.833665
cfia_metropoli,9.9402396,-84.1235259,273,12.917955
cfia_metropoli,9.9402355,-84.1237152,274,12.938694
cfia_metropoli,9.9403739,-84.1237316,276,12.954188
cfia_metropoli,9.9401569,-84.1273819,277,13.354717
cfia_metropoli,9.9400121,-84.130606,278,13.708206
cfia_metropoli,9.9399871,-84.1315596,279,13.812686
cfia_metropoli,9.9399541,-84.1324677,280,13.912214
cfia_metropoli,9.93996,-84.1333511,281,14.008972
cfia_metropoli,9.9399761,-84.1335334,282,14.029018
cfia_metropoli,9.9400393,-84.1342488,284,14.107688
cfia_metropoli,9.9400741,-84.1346063,285,14.147034
cfia_metropoli,9.940129,-84.1351172,286,14.203323
cfia_metropoli,9.9401334,-84.1351584,287,14.207861
cfia_metropoli,9.9401443,-84.1352011,288,14.212693
cfia_metropoli,9.9402052,-84.13544,289,14.239720
cfia_metropoli,9.9403245,-84.1357196,290,14.273094
cfia_metropoli,9.9404913,-84.1359072,291,14.300774
cfia_metropoli,9.9407277,-84.1360783,292,14.333056
cfia_metropoli,9.9407782,-84.1361102,293,14.339670
cfia_metropoli,9.9408153,-84.1361264,294,14.344160
cfia_metropoli,9.940893,-84.1361434,295,14.352999
cfia_metropoli,9.9410177,-84.1361691,296,14.367147
cfia_metropoli,9.941222,-84.1361764,297,14.389879
cfia_metropoli,9.9417103,-84.1361333,298,14.444380
cfia_metropoli,9.9426069,-84.1360214,299,14.544828
cfia_metropoli,9.9434921,-84.1359248,300,14.643824
cfia_metropoli,9.9439874,-84.1358682,301,14.699247
cfia_metropoli,9.9441934,-84.1358491,302,14.722249
cfia_metropoli,9.9444947,-84.1358265,303,14.755843
cfia_metropoli,9.9448979,-84.1358105,304,14.800711
cfia_metropoli,9.9451345,-84.1358763,305,14.827989
cfia_metropoli,9.945368,-84.1359982,306,14.857184
cfia_metropoli,9.9456094,-84.1362038,307,14.892221
cfia_metropoli,9.9457991,-84.136453,308,14.926716
cfia_metropoli,9.9461457,-84.1374652,309,15.044084
cfia_metropoli,9.9463192,-84.1380366,310,15.109572
cfia_metropoli,9.9469399,-84.1400628,312,15.341974
cfia_metropoli,9.947496,-84.1421,313,15.573505
cfia_metropoli,9.9476398,-84.1424505,314,15.615090
cfia_metropoli,9.9478248,-84.1427591,315,15.654656
cfia_metropoli,9.9481148,-84.1430724,316,15.701744
cfia_metropoli,9.9484209,-84.1433056,317,15.744298
cfia_metropoli,9.9493497,-84.1437941,318,15.860611
cfia_metropoli,9.9498597,-84.1440878,320,15.925808
cfia_metropoli,9.9498709,-84.1440943,321,15.927243
cfia_metropoli,9.9512865,-84.1448767,322,16.106463
cfia_metropoli,9.9535703,-84.1460022,323,16.388746
cfia_metropoli,9.9537889,-84.1461154,324,16.416033
cfia_metropoli,9.9539983,-84.1462897,325,16.446142
cfia_metropoli,9.9541803,-84.1465164,326,16.478173
cfia_metropoli,9.9543582,-84.1468083,327,16.515768
cfia_metropoli,9.955132,-84.1485207,328,16.722107
cfia_metropoli,9.9556673,-84.1497053,329,16.864848
cfia_metropoli,9.955766,-84.1498934,330,16.888190
cfia_metropoli,9.9559195,-84.1500782,332,16.914665
cfia_metropoli,9.956142,-84.1502948,333,16.948941
cfia_metropoli,9.9562952,-84.150403,334,16.969693
cfia_metropoli,9.9564417,-84.1504816,335,16.988117
cfia_metropoli,9.9569459,-84.1506836,336,17.048389
cfia_metropoli,9.957101,-84.1507712,337,17.068124
cfia_metropoli,9.9572144,-84.1508221,338,17.081911
cfia_metropoli,9.9573359,-84.1509105,339,17.098532
cfia_metropoli,9.9575594,-84.151059,340,17.128233
cfia_metropoli,9.9576935,-84.1511888,341,17.148834
cfia_metropoli,9.9578623,-84.15138,342,17.176955
cfia_metropoli,9.9588981,-84.1530463,343,17.392754
cfia_metropoli,9.9597493,-84.1544204,344,17.570534
cfia_metropoli,9.9616592,-84.1574295,345,17.962589
cfia_metropoli,9.9618536,-84.1577814,346,18.006777
cfia_metropoli,9.9619297,-84.1580303,347,18.035319
cfia_metropoli,9.9619551,-84.1586569,348,18.104001
cfia_metropoli,9.962048,-84.1592577,349,18.170606
cfia_metropoli,9.9622124,-84.1596532,350,18.217620
cfia_metropoli,9.9623777,-84.1598843,351,18.248900
cfia_metropoli,9.9632479,-84.161048,352,18.408917
cfia_metropoli,9.9641615,-84.1615065,353,18.522237
cfia_metropoli,9.9644151,-84.1617811,354,18.563463
cfia_metropoli,9.9646264,-84.1621588,355,18.611035
cfia_metropoli,9.9649645,-84.1629656,356,18.707059
cfia_metropoli,9.9650848,-84.1633237,357,18.748496
cfia_metropoli,9.9653196,-84.1639956,358,18.826575
cfia_metropoli,9.965514,-84.1642531,359,18.862107
cfia_metropoli,9.965793,-84.164605,360,18.911582
cfia_metropoli,9.9661227,-84.165695,361,19.036458
cfia_metropoli,9.9661565,-84.1660298,362,19.073316
cfia_metropoli,9.9660804,-84.1665791,363,19.134066
cfia_metropoli,9.9661819,-84.1669825,364,19.179664
cfia_metropoli,9.9664186,-84.1672538,365,19.219357
cfia_metropoli,9.9668652,-84.1676427,366,19.284780
cfia_metropoli,9.9678895,-84.1690682,367,19.478028
cfia_metropoli,9.9681769,-84.16936,368,19.523222
cfia_metropoli,9.9685488,-84.1694887,369,19.566911
cfia_metropoli,9.9704931,-84.1703642,370,19.803415
cfia_metropoli,9.9717358,-84.1706904,371,19.946140
cfia_metropoli,9.972243,-84.1709307,372,20.008376
cfia_metropoli,9.972784,-84.1713255,373,20.082458
cfia_metropoli,9.9731306,-84.1717632,374,20.143965
cfia_metropoli,9.9734011,-84.1722439,375,20.204595
cfia_metropoli,9.973604,-84.172716,376,20.261005
cfia_metropoli,9.9737139,-84.1731795,377,20.313216
cfia_metropoli,9.9737562,-84.1738318,378,20.384807
cfia_metropoli,9.9737731,-84.1753681,379,20.553064
cfia_metropoli,9.9739252,-84.1766642,380,20.696010
cfia_metropoli,9.9741112,-84.1776169,381,20.802374
cfia_metropoli,9.974361,-84.1781875,382,20.870759
cfia_metropoli,9.9744155,-84.1783121,384,20.885689
cfia_metropoli,9.9744622,-84.1783816,385,20.894903
cfia_metropoli,9.974779,-84.1788529,386,20.957392
cfia_metropoli,9.9750918,-84.1792219,387,21.010710
cfia_metropoli,9.975413,-84.179488,388,21.056806
cfia_metropoli,9.9757417,-84.1798155,389,21.108014
cfia_metropoli,9.9758695,-84.1799429,390,21.127929
cfia_metropoli,9.9763851,-84.1804407,391,21.207043
cfia_metropoli,9.9767571,-84.1806896,392,21.256581
cfia_metropoli,9.9770529,-84.1808184,393,21.292369
cfia_metropoli,9.9775433,-84.1808634,394,21.347121
cfia_metropoli,9.9778276,-84.1808959,395,21.378934
cfia_metropoli,9.9781399,-84.1809304,396,21.413865
cfia_metropoli,9.9784983,-84.1810097,397,21.454652
cfia_metropoli,9.9786304,-84.1810788,398,21.471176
cfia_metropoli,9.9787445,-84.1811784,399,21.487907
cfia_metropoli,9.9788886,-84.1813492,400,21.512537
cfia_metropoli,9.9789867,-84.1815179,401,21.533992
cfia_metropoli,9.9790388,-84.1816825,402,21.552926
cfia_metropoli,9.9790888,-84.1819793,403,21.585901
cfia_metropoli,9.9790969,-84.1822009,404,21.610186
cfia_metropoli,9.9790989,-84.1823513,405,21.626658
cfia_metropoli,9.9790928,-84.1824753,406,21.640254
cfia_metropoli,9.9790408,-84.1827172,407,21.667369
cfia_metropoli,9.9788586,-84.1833087,408,21.735240
cfia_metropoli,9.9785043,-84.1847012,409,21.892744
cfia_metropoli,9.9784986,-84.1848199,410,21.905758
cfia_metropoli,9.9784607,-84.1849399,411,21.919559
pacifico_metropoli,9.9253945,-84.0811014,0,0
pacifico_metropoli,9.9257294,-84.0836314,1,0.279603
pacifico_metropoli,9.9258004,-84.0844052,2,0.364725
pacifico_metropoli,9.9258029,-84.084703,3,0.397344
pacifico_metropoli,9.9257564,-84.0850864,4,0.439656
pacifico_metropoli,9.9256818,-84.0853768,5,0.472527
pacifico_metropoli,9.9255773,-84.0856152,6,0.501108
pacifico_metropoli,9.9253837,-84.0861128,7,0.559708
pacifico_metropoli,9.9252137,-84.0864369,8,0.599926
pacifico_metropoli,9.9250369,-84.0868748,9,0.651762
pacifico_metropoli,9.9249764,-84.0870523,10,0.672335
pacifico_metropoli,9.924989,-84.0874217,11,0.712820
pacifico_metropoli,9.9252757,-84.0892389,12,0.914396
pacifico_metropoli,9.9253976,-84.0898437,13,0.982013
pacifico_metropoli,9.9255076,-84.0904344,14,1.047858
pacifico_metropoli,9.9255816,-84.0906049,15,1.068266
pacifico_metropoli,9.9256598,-84.0907566,16,1.087019
pacifico_metropoli,9.9258116,-84.0909738,17,1.116189
pacifico_metropoli,9.9259238,-84.0910545,18,1.131479
pacifico_metropoli,9.9259689,-84.0910992,19,1.138488
pacifico_metropoli,9.9260257,-84.09114,20,1.146225
pacifico_metropoli,9.9261842,-84.091254,21,1.167824
pacifico_metropoli,9.9264878,-84.0914501,22,1.207836
pacifico_metropoli,9.9269607,-84.0917519,23,1.269948
pacifico_metropoli,9.9271319,-84.0918611,25,1.292430
pacifico_metropoli,9.9273064,-84.0919248,26,1.313050
pacifico_metropoli,9.92750186,-84.09210541,27,1.342439
pacifico_metropoli,9.9282132,-84.0925688,28,1.436420
pacifico_metropoli,9.928478,-84.0927599,29,1.472546
pacifico_metropoli,9.9289052,-84.0930263,30,1.528294
pacifico_metropoli,9.9299259,-84.0937125,31,1.664420
pacifico_metropoli,9.9302116,-84.0939136,32,1.703078
pacifico_metropoli,9.9303611,-84.0940513,33,1.725524
pacifico_metropoli,9.9305382,-84.0942428,34,1.754294
pacifico_metropoli,9.9306868,-84.0944314,35,1.780747
pacifico_metropoli,9.9308313,-84.0946484,36,1.809436
pacifico_metropoli,9.9308862,-84.0947073,37,1.818318
pacifico_metropoli,9.9316947,-84.0962424,38,2.008981
pacifico_metropoli,9.9320095,-84.096875,39,2.086609
pacifico_metropoli,9.9321681,-84.0972603,40,2.132347
pacifico_metropoli,9.9322482,-84.097488,41,2.158829
pacifico_metropoli,9.9323003,-84.0977075,42,2.183559
pacifico_metropoli,9.9323561,-84.0982177,43,2.239784
pacifico_metropoli,9.9323627,-84.0982979,44,2.248598
pacifico_metropoli,9.9323793,-84.0984424,45,2.264532
pacifico_metropoli,9.9324057,-84.0987077,46,2.293738
pacifico_metropoli,9.9326467,-84.1014158,47,2.591560
pacifico_metropoli,9.9326563,-84.1014151,48,2.592630
pacifico_metropoli,9.9334995,-84.1099142,50,3.528230
pacifico_metropoli,9.9335372,-84.1103089,52,3.571664
pacifico_metropoli,9.9336421,-84.1114284,53,3.694834
pacifico_metropoli,9.9338354,-84.1119459,54,3.755453
pacifico_metropoli,9.9341474,-84.1123171,55,3.808900
pacifico_metropoli,9.9344853,-84.1125672,56,3.855398
pacifico_metropoli,9.9347997,-84.1126877,57,3.892766
pacifico_metropoli,9.9354121,-84.1126823,58,3.960864
pacifico_metropoli,9.935707,-84.1126616,59,3.993734
pacifico_metropoli,9.9358435,-84.1126773,60,4.009009
pacifico_metropoli,9.9359513,-84.1127081,61,4.021462
pacifico_metropoli,9.9360803,-84.1127559,62,4.036731
pacifico_metropoli,9.9361774,-84.1128082,63,4.048954
pacifico_metropoli,9.9363284,-84.1129085,64,4.069019
pacifico_metropoli,9.9364527,-84.1130095,65,4.086722
pacifico_metropoli,9.9365531,-84.1131141,66,4.102719
pacifico_metropoli,9.9366324,-84.1132214,67,4.117411
pacifico_metropoli,9.9366958,-84.1133448,68,4.132655
pacifico_metropoli,9.9367592,-84.1135567,69,4.156911
pacifico_metropoli,9.936775,-84.1138061,70,4.184283
pacifico_metropoli,9.9367909,-84.1144471,71,4.254512
pacifico_metropoli,9.936775,-84.1150989,72,4.325923
pacifico_metropoli,9.9367621,-84.1154394,73,4.363245
pacifico_metropoli,9.9367783,-84.1156674,74,4.388282
pacifico_metropoli,9.9367966,-84.1157881,75,4.401658
pacifico_metropoli,9.9368955,-84.1163195,76,4.460890
pacifico_metropoli,9.9369684,-84.1167884,77,4.512883
pacifico_metropoli,9.9370198,-84.1171187,78,4.549508
pacifico_metropoli,9.9371184,-84.1174587,79,4.588328
pacifico_metropoli,9.9378877,-84.1193668,80,4.814145
pacifico_metropoli,9.9379988,-84.1196425,82,4.846771
pacifico_metropoli,9.9382944,-84.1202932,83,4.925254
pacifico_metropoli,9.9384759,-84.1205828,84,4.962849
pacifico_metropoli,9.9386357,-84.1207226,85,4.986305
pacifico_metropoli,9.9393833,-84.1213764,86,5.096024
pacifico_metropoli,9.9398456,-84.1220143,87,5.182764
pacifico_metropoli,9.9401587,-84.1227607,88,5.271619
pacifico_metropoli,9.9402396,-84.1235259,89,5.355909
pacifico_metropoli,9.9402355,-84.1237152,90,5.376647
pacifico_metropoli,9.9403739,-84.1237316,92,5.392141
pacifico_metropoli,9.9401569,-84.1273819,93,5.792670
pacifico_metropoli,9.9400121,-84.130606,94,6.146159
pacifico_metropoli,9.9399871,-84.1315596,95,6.250640
pacifico_metropoli,9.9399541,-84.1324677,96,6.350168
pacifico_metropoli,9.93996,-84.1333511,97,6.446925
pacifico_metropoli,9.9399761,-84.1335334,98,6.466972
pacifico_metropoli,9.9400393,-84.1342488,100,6.545641
pacifico_metropoli,9.9400741,-84.1346063,101,6.584988
pacifico_metropoli,9.940129,-84.1351172,102,6.641276
pacifico_metropoli,9.9401334,-84.1351584,103,6.645815
pacifico_metropoli,9.9401443,-84.1352011,104,6.650646
pacifico_metropoli,9.9402052,-84.13544,105,6.677674
pacifico_metropoli,9.9403245,-84.1357196,106,6.711047
pacifico_metropoli,9.9404913,-84.1359072,107,6.738727
pacifico_metropoli,9.9407277,-84.1360783,108,6.771010
pacifico_metropoli,9.9407782,-84.1361102,109,6.777623
pacifico_metropoli,9.9408153,-84.1361264,110,6.782114
pacifico_metropoli,9.940893,-84.1361434,111,6.790952
pacifico_metropoli,9.9410177,-84.1361691,112,6.805101
pacifico_metropoli,9.941222,-84.1361764,113,6.827832
pacifico_metropoli,9.9417103,-84.1361333,114,6.882334
pacifico_metropoli,9.9426069,-84.1360214,115,6.982782
pacifico_metropoli,9.9434921,-84.1359248,116,7.081778
pacifico_metropoli,9.9439874,-84.1358682,117,7.137201
pacifico_metropoli,9.9441934,-84.1358491,118,7.160202
pacifico_metropoli,9.9444947,-84.1358265,119,7.193797
pacifico_metropoli,9.9448979,-84.1358105,120,7.238665
pacifico_metropoli,9.9451345,-84.1358763,121,7.265943
pacifico_metropoli,9.945368,-84.1359982,122,7.295138
pacifico_metropoli,9.9456094,-84.1362038,123,7.330175
pacifico_metropoli,9.9457991,-84.136453,124,7.364670
pacifico_metropoli,9.9461457,-84.1374652,125,7.482038
pacifico_metropoli,9.9463192,-84.1380366,126,7.547526
pacifico_metropoli,9.9469399,-84.1400628,128,7.779927
pacifico_metropoli,9.947496,-84.1421,129,8.011459
pacifico_metropoli,9.9476398,-84.1424505,130,8.053043
pacifico_metropoli,9.9478248,-84.1427591,131,8.092610
pacifico_metropoli,9.9481148,-84.1430724,132,8.139698
pacifico_metropoli,9.9484209,-84.1433056,133,8.182252
pacifico_metropoli,9.9493497,-84.1437941,134,8.298565
pacifico_metropoli,9.9498597,-84.1440878,136,8.363762
pacifico_metropoli,9.9498709,-84.1440943,137,8.365197
pacifico_metropoli,9.9512865,-84.1448767,138,8.544417
pacifico_metropoli,9.9535703,-84.1460022,139,8.826700
pacifico_metropoli,9.9537889,-84.1461154,140,8.853986
pacifico_metropoli,9.9539983,-84.1462897,141,8.884096
pacifico_metropoli,9.9541803,-84.1465164,142,8.916127
pacifico_metropoli,9.9543582,-84.1468083,143,8.953721
pacifico_metropoli,9.955132,-84.1485207,144,9.160061
pacifico_metropoli,9.9556673,-84.1497053,145,9.302801
pacifico_metropoli,9.955766,-84.1498934,146,9.326143
atlantico_belen,9.9348741,-84.0689369,0,0
atlantico_belen,9.9347849,-84.0687269,1,0.025048
atlantico_belen,9.9347342,-84.0686116,2,0.038878
atlantico_belen,9.9343972,-84.067946,3,0.120847
atlantico_belen,9.9343165,-84.0677596,4,0.143148
atlantico_belen,9.9341662,-84.0674254,5,0.183386
atlantico_belen,9.9340801,-84.0672424,6,0.205599
atlantico_belen,9.9340078,-84.0670711,7,0.226011
atlantico_belen,9.9337832,-84.0666193,8,0.281441
atlantico_belen,9.9336536,-84.0662543,9,0.323937
atlantico_belen,9.9336442,-84.066215,10,0.328366
atlantico_belen,9.9336275,-84.0661287,11,0.337999
atlantico_belen,9.9335718,-84.0656888,12,0.386577
atlantico_belen,9.9335423,-84.0653349,13,0.425477
atlantico_belen,9.9335552,-84.0650526,14,0.456430
atlantico_belen,9.9335683,-84.0649459,15,0.468207
atlantico_belen,9.9335883,-84.0648111,16,0.483138
atlantico_belen,9.9336919,-84.0643327,17,0.536788
atlantico_belen,9.93386,-84.0637196,18,0.606492
atlantico_belen,9.9339051,-84.0635476,19,0.625987
atlantico_belen,9.9338934,-84.0632555,20,0.658007
atlantico_belen,9.9338538,-84.0630543,21,0.680479
atlantico_belen,9.9337772,-84.0628666,22,0.702732
atlantico_belen,9.9336266,-84.0626734,23,0.729718
atlantico_belen,9.933513,-84.0625742,24,0.746379
atlantico_belen,9.9333914,-84.0624991,25,0.762206
atlantico_belen,9.9331517,-84.0624012,26,0.790936
atlantico_belen,9.9328815,-84.0623865,27,0.821024
atlantico_belen,9.9326226,-84.0624294,28,0.850193
atlantico_belen,9.9324482,-84.0625098,29,0.871491
atlantico_belen,9.9322025,-84.0626895,30,0.905163
atlantico_belen,9.9319727,-84.062939,31,0.942576
atlantico_belen,9.9318829,-84.0630999,32,0.962831
atlantico_belen,9.9317909,-84.0632935,33,0.986375
atlantico_belen,9.9317982,-84.0638305,34,1.045197
atlantico_belen,9.9318601,-84.0643195,35,1.099197
atlantico_belen,9.9319546,-84.0646937,36,1.141508
atlantico_belen,9.9320424,-84.0650798,37,1.184909
atlantico_belen,9.9320656,-84.0652956,38,1.208686
atlantico_belen,9.932069,-84.0653951,39,1.219591
atlantico_belen,9.9320708,-84.0654868,40,1.229636
atlantico_belen,9.932034,-84.0656278,41,1.245613
atlantico_belen,9.9320171,-84.065646,42,1.248352
atlantico_belen,9.9319766,-84.0657133,43,1.256990
atlantico_belen,9.9318825,-84.0658726,44,1.277335
atlantico_belen,9.9315591,-84.0663747,45,1.343043
atlantico_belen,9.9314579,-84.0665335,46,1.363759
atlantico_belen,9.9313728,-84.0667109,47,1.385371
atlantico_belen,9.9313013,-84.0669606,48,1.413853
atlantico_belen,9.9312486,-84.0672643,49,1.447629
atlantico_belen,9.9312532,-84.0675936,50,1.483700
atlantico_belen,9.9313153,-84.0678878,51,1.516655
atlantico_belen,9.9314307,-84.0681863,52,1.551777
atlantico_belen,9.9319769,-84.0692549,53,1.683639
atlantico_belen,9.932044,-84.0693697,54,1.698260
atlantico_belen,9.9321114,-84.0695759,55,1.722056
atlantico_belen,9.932163,-84.0700585,56,1.775225
atlantico_belen,9.9321644,-84.0701113,57,1.781010
atlantico_belen,9.9321482,-84.0705146,58,1.825220
atlantico_belen,9.9321183,-84.0707967,59,1.856296
atlantico_belen,9.932063,-84.071038,60,1.883431
atlantico_belen,9.9320045,-84.0712178,61,1.904171
atlantico_belen,9.9318228,-84.0715658,62,1.947310
atlantico_belen,9.931663,-84.0718639,63,1.984483
atlantico_belen,9.9312756,-84.0725767,64,2.073650
atlantico_belen,9.9312068,-84.0727059,66,2.089737
atlantico_belen,9.9311851,-84.0727575,67,2.095882
atlantico_belen,9.9311337,-84.0728796,68,2.110426
atlantico_belen,9.9309536,-84.0729907,69,2.133859
atlantico_belen,9.9308689,-84.0730492,70,2.145250
atlantico_belen,9.9307374,-84.0731224,71,2.161926
atlantico_belen,9.9306293,-84.0731681,72,2.174947
atlantico_belen,9.9301951,-84.0731828,73,2.223255
atlantico_belen,9.9294115,-84.0732285,74,2.310531
atlantico_belen,9.928865,-84.0732596,75,2.371394
atlantico_belen,9.9283552,-84.0732729,76,2.428100
atlantico_belen,9.9278973,-84.073298,77,2.479090
atlantico_belen,9.9273891,-84.0733182,78,2.535643
atlantico_belen,9.9268467,-84.073331,79,2.595971
atlantico_belen,9.9261057,-84.0733682,80,2.678468
atlantico_belen,9.9259232,-84.073426,81,2.699725
atlantico_belen,9.9257754,-84.0734821,82,2.717271
atlantico_belen,9.9257026,-84.0735136,83,2.726071
atlantico_belen,9.9256595,-84.0735292,84,2.731159
atlantico_belen,9.9254993,-84.0736507,85,2.753394
atlantico_belen,9.9253187,-84.0738048,86,2.779627
atlantico_belen,9.9252034,-84.073948,87,2.799885
atlantico_belen,9.925085,-84.0741406,88,2.824752
atlantico_belen,9.9250258,-84.0743336,89,2.846892
atlantico_belen,9.9249434,-84.0746097,91,2.878491
atlantico_belen,9.9249291,-84.0747599,92,2.895020
atlantico_belen,9.9249314,-84.0748187,93,2.901465
atlantico_belen,9.9250057,-84.0756998,94,2.998326
atlantico_belen,9.9250817,-84.076611,95,3.098487
atlantico_belen,9.9251296,-84.0771475,96,3.157491
atlantico_belen,9.9251862,-84.0777445,97,3.223183
atlantico_belen,9.9253116,-84.0791117,98,3.373582
atlantico_belen,9.9253156,-84.0791463,99,3.377397
atlantico_belen,9.9253651,-84.0797588,100,3.444710
atlantico_belen,9.9253866,-84.0799658,101,3.467509
atlantico_belen,9.92540567,-84.0802126,102,3.494624
atlantico_belen,9.925431,-84.0803734,103,3.512460
atlantico_belen,9.92541693,-84.0803725,104,3.514028
atlantico_belen,9.9253576,-84.0803989,105,3.521231
atlantico_belen,9.9253523,-84.0806108,106,3.544448
atlantico_belen,9.92537369,-84.0808722,107,3.573178
atlantico_belen,9.9253945,-84.0811014,108,3.598389
atlantico_belen,9.9257294,-84.0836314,110,3.877992
atlantico_belen,9.9258004,-84.0844052,111,3.963114
atlantico_belen,9.9258029,-84.084703,112,3.995733
atlantico_belen,9.9257564,-84.0850864,113,4.038045
atlantico_belen,9.9256818,-84.0853768,114,4.070916
atlantico_belen,9.9255773,-84.0856152,115,4.099497
atlantico_belen,9.9253837,-84.0861128,116,4.158097
atlantico_belen,9.9252137,-84.0864369,117,4.198315
atlantico_belen,9.9250369,-84.0868748,118,4.250151
atlantico_belen,9.9249764,-84.0870523,119,4.270724
atlantico_belen,9.924989,-84.0874217,120,4.311209
atlantico_belen,9.9252757,-84.0892389,121,4.512785
atlantico_belen,9.9253976,-84.0898437,122,4.580402
atlantico_belen,9.9255076,-84.0904344,123,4.646247
atlantico_belen,9.9255816,-84.0906049,124,4.666655
atlantico_belen,9.9256598,-84.0907566,125,4.685408
atlantico_belen,9.9258116,-84.0909738,126,4.714578
atlantico_belen,9.9259238,-84.0910545,127,4.729868
atlantico_belen,9.9259689,-84.0910992,128,4.736877
atlantico_belen,9.9260257,-84.09114,129,4.744614
atlantico_belen,9.9261842,-84.091254,130,4.766213
atlantico_belen,9.9264878,-84.0914501,131,4.806225
atlantico_belen,9.9269607,-84.0917519,132,4.868337
atlantico_belen,9.9271319,-84.0918611,134,4.890819
atlantico_belen,9.9273064,-84.0919248,135,4.911439
atlantico_belen,9.92750186,-84.09210541,136,4.940828
atlantico_belen,9.9282132,-84.0925688,137,5.034809
atlantico_belen,9.928478,-84.0927599,138,5.070935
atlantico_belen,9.9289052,-84.0930263,139,5.126683
atlantico_belen,9.9299259,-84.0937125,140,5.262809
atlantico_belen,9.9302116,-84.0939136,141,5.301467
atlantico_belen,9.9303611,-84.0940513,142,5.323913
atlantico_belen,9.9305382,-84.0942428,143,5.352683
atlantico_belen,9.9306868,-84.0944314,144,5.379136
atlantico_belen,9.9308313,-84.0946484,145,5.407825
atlantico_belen,9.9308862,-84.0947073,146,5.416707
atlantico_belen,9.9316947,-84.0962424,147,5.607370
atlantico_belen,9.9320095,-84.096875,148,5.684998
atlantico_belen,9.9321681,-84.0972603,149,5.730736
atlantico_belen,9.9322482,-84.097488,150,5.757218
atlantico_belen,9.9323003,-84.0977075,151,5.781948
atlantico_belen,9.9323561,-84.0982177,152,5.838173
atlantico_belen,9.9323627,-84.0982979,153,5.846987
atlantico_belen,9.9323793,-84.0984424,154,5.862921
atlantico_belen,9.9324057,-84.0987077,155,5.892127
atlantico_belen,9.9326467,-84.1014158,156,6.189949
atlantico_belen,9.9326563,-84.1014151,157,6.191019
atlantico_belen,9.9334995,-84.1099142,159,7.126619
atlantico_belen,9.9335372,-84.1103089,161,7.170053
atlantico_belen,9.9336421,-84.1114284,162,7.293223
atlantico_belen,9.9338354,-84.1119459,163,7.353842
atlantico_belen,9.9341474,-84.1123171,164,7.407289
atlantico_belen,9.9344853,-84.1125672,165,7.453787
atlantico_belen,9.9347997,-84.1126877,166,7.491155
atlantico_belen,9.9354121,-84.1126823,167,7.559253
atlantico_belen,9.935707,-84.1126616,168,7.592123
atlantico_belen,9.9358435,-84.1126773,169,7.607398
atlantico_belen,9.9359513,-84.1127081,170,7.619851
atlantico_belen,9.9360803,-84.1127559,171,7.635120
atlantico_belen,9.9361774,-84.1128082,172,7.647343
atlantico_belen,9.9363284,-84.1129085,173,7.667408
atlantico_belen,9.9364527,-84.1130095,174,7.685111
atlantico_belen,9.9365531,-84.1131141,175,7.701108
atlantico_belen,9.9366324,-84.1132214,176,7.715800
atlantico_belen,9.9366958,-84.1133448,177,7.731044
atlantico_belen,9.9367592,-84.1135567,178,7.755300
atlantico_belen,9.936775,-84.1138061,179,7.782672
atlantico_belen,9.9367909,-84.1144471,180,7.852901
atlantico_belen,9.936775,-84.1150989,181,7.924312
atlantico_belen,9.9367621,-84.1154394,182,7.961634
atlantico_belen,9.9367783,-84.1156674,183,7.986671
atlantico_belen,9.9367966,-84.1157881,184,8.000047
atlantico_belen,9.9368955,-84.1163195,185,8.059279
atlantico_belen,9.9369684,-84.1167884,186,8.111272
atlantico_belen,9.9370198,-84.1171187,187,8.147897
atlantico_belen,9.9371184,-84.1174587,188,8.186717
atlantico_belen,9.9378877,-84.1193668,189,8.412534
atlantico_belen,9.9379988,-84.1196425,191,8.445160
atlantico_belen,9.9382944,-84.1202932,192,8.523643
atlantico_belen,9.9384759,-84.1205828,193,8.561238
atlantico_belen,9.9386357,-84.1207226,194,8.584694
atlantico_belen,9.9393833,-84.1213764,195,8.694413
atlantico_belen,9.9398456,-84.1220143,196,8.781153
atlantico_belen,9.9401587,-84.1227607,197,8.870008
atlantico_belen,9.9402396,-84.1235259,198,8.954298
atlantico_belen,9.9402355,-84.1237152,199,8.975037
atlantico_belen,9.9403739,-84.1237316,201,8.990530
atlantico_belen,9.9401569,-84.1273819,202,9.391059
atlantico_belen,9.9400121,-84.130606,203,9.744548
atlantico_belen,9.9399871,-84.1315596,204,9.849029
atlantico_belen,9.9399541,-84.1324677,205,9.948557
atlantico_belen,9.93996,-84.1333511,206,10.045315
atlantico_belen,9.9399761,-84.1335334,207,10.065361
atlantico_belen,9.9400393,-84.1342488,209,10.144030
atlantico_belen,9.9400741,-84.1346063,210,10.183377
atlantico_belen,9.940129,-84.1351172,211,10.239665
atlantico_belen,9.9401334,-84.1351584,212,10.244204
atlantico_belen,9.9401443,-84.1352011,213,10.249035
atlantico_belen,9.9402052,-84.13544,214,10.276063
atlantico_belen,9.9403245,-84.1357196,215,10.309436
atlantico_belen,9.9404913,-84.1359072,216,10.337116
atlantico_belen,9.9407277,-84.1360783,217,10.369399
atlantico_belen,9.9407782,-84.1361102,218,10.376012
atlantico_belen,9.9408153,-84.1361264,219,10.380503
atlantico_belen,9.940893,-84.1361434,220,10.389341
atlantico_belen,9.9410177,-84.1361691,221,10.403490
atlantico_belen,9.941222,-84.1361764,222,10.426221
atlantico_belen,9.9417103,-84.1361333,223,10.480723
atlantico_belen,9.9426069,-84.1360214,224,10.581171
atlantico_belen,9.9434921,-84.1359248,225,10.680167
atlantico_belen,9.9439874,-84.1358682,226,10.735590
atlantico_belen,9.9441934,-84.1358491,227,10.758591
atlantico_belen,9.9444947,-84.1358265,228,10.792186
atlantico_belen,9.9448979,-84.1358105,229,10.837054
atlantico_belen,9.9451345,-84.1358763,230,10.864332
atlantico_belen,9.945368,-84.1359982,231,10.893527
atlantico_belen,9.9456094,-84.1362038,232,10.928564
atlantico_belen,9.9457991,-84.136453,233,10.963059
atlantico_belen,9.9461457,-84.1374652,234,11.080427
atlantico_belen,9.9463192,-84.1380366,235,11.145915
atlantico_belen,9.9469399,-84.1400628,237,11.378317
atlantico_belen,9.947496,-84.1421,238,11.609848
atlantico_belen,9.9476398,-84.1424505,239,11.651432
atlantico_belen,9.9478248,-84.1427591,240,11.690999
atlantico_belen,9.9481148,-84.1430724,241,11.738087
atlantico_belen,9.9484209,-84.1433056,242,11.780641
atlantico_belen,9.9493497,-84.1437941,243,11.896954
atlantico_belen,9.9498597,-84.1440878,245,11.962151
atlantico_belen,9.9498709,-84.1440943,246,11.963586
atlantico_belen,9.9512865,-84.1448767,247,12.142806
atlantico_belen,9.9535703,-84.1460022,248,12.425089
atlantico_belen,9.9537889,-84.1461154,249,12.452376
atlantico_belen,9.9539983,-84.1462897,250,12.482485
atlantico_belen,9.9541803,-84.1465164,251,12.514516
atlantico_belen,9.9543582,-84.1468083,252,12.552110
atlantico_belen,9.955132,-84.1485207,253,12.758450
atlantico_belen,9.9556673,-84.1497053,254,12.901190
atlantico_belen,9.955766,-84.1498934,255,12.924532
atlantico_belen,9.9559195,-84.1500782,257,12.951008
atlantico_belen,9.956142,-84.1502948,258,12.985284
atlantico_belen,9.9562952,-84.150403,259,13.006036
atlantico_belen,9.9564417,-84.1504816,260,13.024460
atlantico_belen,9.9569459,-84.1506836,261,13.084732
atlantico_belen,9.957101,-84.1507712,262,13.104467
atlantico_belen,9.9572144,-84.1508221,263,13.118254
atlantico_belen,9.9573359,-84.1509105,264,13.134875
atlantico_belen,9.9575594,-84.151059,265,13.164575
atlantico_belen,9.9576935,-84.1511888,266,13.185177
atlantico_belen,9.9578623,-84.15138,267,13.213298
atlantico_belen,9.9588981,-84.1530463,268,13.429097
atlantico_belen,9.9597493,-84.1544204,269,13.606877
atlantico_belen,9.9616592,-84.1574295,270,13.998932
atlantico_belen,9.9618536,-84.1577814,271,14.043119
atlantico_belen,9.9619297,-84.1580303,272,14.071662
atlantico_belen,9.9619551,-84.1586569,273,14.140344
atlantico_belen,9.962048,-84.1592577,274,14.206949
atlantico_belen,9.9622124,-84.1596532,275,14.253963
atlantico_belen,9.9623777,-84.1598843,276,14.285243
atlantico_belen,9.9632479,-84.161048,277,14.445259
atlantico_belen,9.9641615,-84.1615065,278,14.558580
atlantico_belen,9.9644151,-84.1617811,279,14.599806
atlantico_belen,9.9646264,-84.1621588,280,14.647378
atlantico_belen,9.9649645,-84.1629656,281,14.743402
atlantico_belen,9.9650848,-84.1633237,282,14.784839
atlantico_belen,9.9653196,-84.1639956,283,14.862918
atlantico_belen,9.965514,-84.1642531,284,14.898450
atlantico_belen,9.965793,-84.164605,285,14.947925
atlantico_belen,9.9661227,-84.165695,286,15.072801
atlantico_belen,9.9661565,-84.1660298,287,15.109659
atlantico_belen,9.9660804,-84.1665791,288,15.170409
atlantico_belen,9.9661819,-84.1669825,289,15.216007
atlantico_belen,9.9664186,-84.1672538,290,15.255700
atlantico_belen,9.9668652,-84.1676427,291,15.321123
atlantico_belen,9.9678895,-84.1690682,292,15.514370
atlantico_belen,9.9681769,-84.16936,293,15.559565
atlantico_belen,9.9685488,-84.1694887,294,15.603254
atlantico_belen,9.9704931,-84.1703642,295,15.839758
atlantico_belen,9.9717358,-84.1706904,296,15.982483
atlantico_belen,9.972243,-84.1709307,297,16.044719
atlantico_belen,9.972784,-84.1713255,298,16.118801
atlantico_belen,9.9731306,-84.1717632,299,16.180308
atlantico_belen,9.9734011,-84.1722439,300,16.240938
atlantico_belen,9.973604,-84.172716,301,16.297348
atlantico_belen,9.9737139,-84.1731795,302,16.349558
atlantico_belen,9.9737562,-84.1738318,303,16.421149
atlantico_belen,9.9737731,-84.1753681,304,16.589407
atlantico_belen,9.9739252,-84.1766642,305,16.732353
atlantico_belen,9.9741112,-84.1776169,306,16.838717
atlantico_belen,9.974361,-84.1781875,307,16.907101
atlantico_belen,9.9744155,-84.1783121,309,16.922032
atlantico_belen,9.9744622,-84.1783816,310,16.931246
atlantico_belen,9.974779,-84.1788529,311,16.993735
atlantico_belen,9.9750918,-84.1792219,312,17.047053
atlantico_belen,9.975413,-84.179488,313,17.093149
atlantico_belen,9.9757417,-84.1798155,314,17.144357
atlantico_belen,9.9758695,-84.1799429,315,17.164272
atlantico_belen,9.9763851,-84.1804407,316,17.243386
atlantico_belen,9.9767571,-84.1806896,317,17.292924
atlantico_belen,9.9770529,-84.1808184,318,17.328712
atlantico_belen,9.9775433,-84.1808634,319,17.383464
atlantico_belen,9.9778276,-84.1808959,320,17.415277
atlantico_belen,9.9781399,-84.1809304,321,17.450208
atlantico_belen,9.9784983,-84.1810097,322,17.490995
atlantico_belen,9.9786304,-84.1810788,323,17.507519
atlantico_belen,9.9787445,-84.1811784,324,17.524250
atlantico_belen,9.9788886,-84.1813492,325,17.548880
atlantico_belen,9.9789867,-84.1815179,326,17.570335
atlantico_belen,9.9790388,-84.1816825,327,17.589268
atlantico_belen,9.9790888,-84.1819793,328,17.622244
atlantico_belen,9.9790969,-84.1822009,329,17.646529
atlantico_belen,9.9790989,-84.1823513,330,17.663001
atlantico_belen,9.9790928,-84.1824753,331,17.676597
atlantico_belen,9.9790408,-84.1827172,332,17.703712
atlantico_belen,9.9788586,-84.1833087,333,17.771583
atlantico_belen,9.9785043,-84.1847012,334,17.929086
atlantico_belen,9.9784986,-84.1848199,335,17.942101
atlantico_belen,9.9784607,-84.1849399,336,17.955902
belen_pacifico,9.9784607,-84.1849399,0,0
belen_pacifico,9.9784986,-84.1848199,1,0.013801
belen_pacifico,9.9785043,-84.1847012,2,0.026815
belen_pacifico,9.9788586,-84.1833087,3,0.184319
belen_pacifico,9.9790408,-84.1827172,4,0.252190
belen_pacifico,9.9790928,-84.1824753,5,0.279305
belen_pacifico,9.9790989,-84.1823513,6,0.292901
belen_pacifico,9.9790969,-84.1822009,7,0.309373
belen_pacifico,9.9790888,-84.1819793,8,0.333658
belen_pacifico,9.9790388,-84.1816825,9,0.366633
belen_pacifico,9.9789867,-84.1815179,10,0.385567
belen_pacifico,9.9788886,-84.1813492,11,0.407022
belen_pacifico,9.9787445,-84.1811784,12,0.431651
belen_pacifico,9.9786304,-84.1810788,13,0.448383
belen_pacifico,9.9784983,-84.1810097,14,0.464906
belen_pacifico,9.9781399,-84.1809304,15,0.505694
belen_pacifico,9.9778276,-84.1808959,16,0.540625
belen_pacifico,9.9775433,-84.1808634,17,0.572438
belen_pacifico,9.9770529,-84.1808184,18,0.627190
belen_pacifico,9.9767571,-84.1806896,19,0.662978
belen_pacifico,9.9763851,-84.1804407,20,0.712516
belen_pacifico,9.9758695,-84.1799429,21,0.791630
belen_pacifico,9.9757417,-84.1798155,22,0.811545
belen_pacifico,9.975413,-84.179488,23,0.862752
belen_pacifico,9.9750918,-84.1792219,24,0.908849
belen_pacifico,9.974779,-84.1788529,25,0.962166
belen_pacifico,9.9744622,-84.1783816,26,1.024656
belen_pacifico,9.9744155,-84.1783121,27,1.033870
belen_pacifico,9.974361,-84.1781875,28,1.048800
belen_pacifico,9.9741112,-84.1776169,30,1.117185
belen_pacifico,9.9739252,-84.1766642,31,1.223549
belen_pacifico,9.9737731,-84.1753681,32,1.366495
belen_pacifico,9.9737562,-84.1738318,33,1.534752
belen_pacifico,9.9737139,-84.1731795,34,1.606343
belen_pacifico,9.973604,-84.172716,35,1.658554
belen_pacifico,9.9734011,-84.1722439,36,1.714964
belen_pacifico,9.9731306,-84.1717632,37,1.775594
belen_pacifico,9.972784,-84.1713255,38,1.837101
belen_pacifico,9.972243,-84.1709307,39,1.911183
belen_pacifico,9.9717358,-84.1706904,40,1.973419
belen_pacifico,9.9704931,-84.1703642,41,2.116144
belen_pacifico,9.9685488,-84.1694887,42,2.352648
belen_pacifico,9.9681769,-84.16936,43,2.396337
belen_pacifico,9.9678895,-84.1690682,44,2.441531
belen_pacifico,9.9668652,-84.1676427,45,2.634779
belen_pacifico,9.9664186,-84.1672538,46,2.700202
belen_pacifico,9.9661819,-84.1669825,47,2.739895
belen_pacifico,9.9660804,-84.1665791,48,2.785493
belen_pacifico,9.9661565,-84.1660298,49,2.846242
belen_pacifico,9.9661227,-84.165695,50,2.883101
belen_pacifico,9.965793,-84.164605,51,3.007977
belen_pacifico,9.965514,-84.1642531,52,3.057452
belen_pacifico,9.9653196,-84.1639956,53,3.092984
belen_pacifico,9.9650848,-84.1633237,54,3.171063
belen_pacifico,9.9649645,-84.1629656,55,3.212500
belen_pacifico,9.9646264,-84.1621588,56,3.308524
belen_pacifico,9.9644151,-84.1617811,57,3.356096
belen_pacifico,9.9641615,-84.1615065,58,3.397322
belen_pacifico,9.9632479,-84.161048,59,3.510642
belen_pacifico,9.9623777,-84.1598843,60,3.670659
belen_pacifico,9.9622124,-84.1596532,61,3.701939
belen_pacifico,9.962048,-84.1592577,62,3.748953
belen_pacifico,9.9619551,-84.1586569,63,3.815558
belen_pacifico,9.9619297,-84.1580303,64,3.884240
belen_pacifico,9.9618536,-84.1577814,65,3.912782
belen_pacifico,9.9616592,-84.1574295,66,3.956970
belen_pacifico,9.9597493,-84.1544204,67,4.349025
belen_pacifico,9.9588981,-84.1530463,68,4.526805
belen_pacifico,9.9578623,-84.15138,69,4.742604
belen_pacifico,9.9576935,-84.1511888,70,4.770725
belen_pacifico,9.9575594,-84.151059,71,4.791326
belen_pacifico,9.9573359,-84.1509105,72,4.821027
belen_pacifico,9.9572144,-84.1508221,73,4.837648
belen_pacifico,9.957101,-84.1507712,74,4.851435
belen_pacifico,9.9569459,-84.1506836,75,4.871170
belen_pacifico,9.9564417,-84.1504816,76,4.931442
belen_pacifico,9.9562952,-84.150403,77,4.949866
belen_pacifico,9.956142,-84.1502948,78,4.970618
belen_pacifico,9.9559195,-84.1500782,79,5.004894
belen_pacifico,9.955766,-84.1498934,80,5.031369
belen_pacifico,9.9556673,-84.1497053,82,5.054711
belen_pacifico,9.955132,-84.1485207,83,5.197452
belen_pacifico,9.9543582,-84.1468083,84,5.403791
belen_pacifico,9.9541803,-84.1465164,85,5.441386
belen_pacifico,9.9539983,-84.1462897,86,5.473417
belen_pacifico,9.9537889,-84.1461154,87,5.503526
belen_pacifico,9.9535703,-84.1460022,88,5.530813
belen_pacifico,9.9512865,-84.1448767,89,5.813096
belen_pacifico,9.9498709,-84.1440943,90,5.992316
belen_pacifico,9.9498597,-84.1440878,91,5.993751
belen_pacifico,9.9493497,-84.1437941,92,6.058948
belen_pacifico,9.9484209,-84.1433056,94,6.175261
belen_pacifico,9.9481148,-84.1430724,95,6.217815
belen_pacifico,9.9478248,-84.1427591,96,6.264903
belen_pacifico,9.9476398,-84.1424505,97,6.304469
belen_pacifico,9.947496,-84.1421,98,6.346054
belen_pacifico,9.9469399,-84.1400628,99,6.577585
belen_pacifico,9.9463192,-84.1380366,100,6.809987
belen_pacifico,9.9461457,-84.1374652,102,6.875475
belen_pacifico,9.9457991,-84.136453,103,6.992843
belen_pacifico,9.9456094,-84.1362038,104,7.027338
belen_pacifico,9.945368,-84.1359982,105,7.062375
belen_pacifico,9.9451345,-84.1358763,106,7.091570
belen_pacifico,9.9448979,-84.1358105,107,7.118848
belen_pacifico,9.9444947,-84.1358265,108,7.163716
belen_pacifico,9.9441934,-84.1358491,109,7.197310
belen_pacifico,9.9439874,-84.1358682,110,7.220312
belen_pacifico,9.9434921,-84.1359248,111,7.275734
belen_pacifico,9.9426069,-84.1360214,112,7.374731
belen_pacifico,9.9417103,-84.1361333,113,7.475179
belen_pacifico,9.941222,-84.1361764,114,7.529680
belen_pacifico,9.9410177,-84.1361691,115,7.552412
belen_pacifico,9.940893,-84.1361434,116,7.566560
belen_pacifico,9.9408153,-84.1361264,117,7.575399
belen_pacifico,9.9407782,-84.1361102,118,7.579889
belen_pacifico,9.9407277,-84.1360783,119,7.586503
belen_pacifico,9.9404913,-84.1359072,120,7.618785
belen_pacifico,9.9403245,-84.1357196,121,7.646465
belen_pacifico,9.9402052,-84.13544,122,7.679838
belen_pacifico,9.9401443,-84.1352011,123,7.706866
belen_pacifico,9.9401334,-84.1351584,124,7.711698
belen_pacifico,9.940129,-84.1351172,125,7.716236
belen_pacifico,9.9400741,-84.1346063,126,7.772525
belen_pacifico,9.9400393,-84.1342488,127,7.811871
belen_pacifico,9.9399761,-84.1335334,128,7.890541
belen_pacifico,9.93996,-84.1333511,130,7.910587
belen_pacifico,9.9399541,-84.1324677,131,8.007345
belen_pacifico,9.9399871,-84.1315596,132,8.106873
belen_pacifico,9.9400121,-84.130606,133,8.211353
belen_pacifico,9.9401569,-84.1273819,134,8.564842
belen_pacifico,9.9403739,-84.1237316,135,8.965371
belen_pacifico,9.9402355,-84.1237152,136,8.980865
belen_pacifico,9.9402396,-84.1235259,138,9.001603
belen_pacifico,9.9401587,-84.1227607,139,9.085894
belen_pacifico,9.9398456,-84.1220143,140,9.174749
belen_pacifico,9.9393833,-84.1213764,141,9.261489
belen_pacifico,9.9386357,-84.1207226,142,9.371208
belen_pacifico,9.9384759,-84.1205828,143,9.394664
belen_pacifico,9.9382944,-84.1202932,144,9.432259
belen_pacifico,9.9379988,-84.1196425,145,9.510742
belen_pacifico,9.9378877,-84.1193668,146,9.543368
belen_pacifico,9.9371184,-84.1174587,148,9.769185
belen_pacifico,9.9370198,-84.1171187,149,9.808004
belen_pacifico,9.9369684,-84.1167884,150,9.844630
belen_pacifico,9.9368955,-84.1163195,151,9.896623
belen_pacifico,9.9367966,-84.1157881,152,9.955855
belen_pacifico,9.9367783,-84.1156674,153,9.969231
belen_pacifico,9.9367621,-84.1154394,154,9.994268
belen_pacifico,9.936775,-84.1150989,155,10.031589
belen_pacifico,9.9367909,-84.1144471,156,10.103001
belen_pacifico,9.936775,-84.1138061,157,10.173230
belen_pacifico,9.9367592,-84.1135567,158,10.200602
belen_pacifico,9.9366958,-84.1133448,159,10.224858
belen_pacifico,9.9366324,-84.1132214,160,10.240102
belen_pacifico,9.9365531,-84.1131141,161,10.254794
belen_pacifico,9.9364527,-84.1130095,162,10.270791
belen_pacifico,9.9363284,-84.1129085,163,10.288494
belen_pacifico,9.9361774,-84.1128082,164,10.308559
belen_pacifico,9.9360803,-84.1127559,165,10.320781
belen_pacifico,9.9359513,-84.1127081,166,10.336051
belen_pacifico,9.9358435,-84.1126773,167,10.348503
belen_pacifico,9.935707,-84.1126616,168,10.363779
belen_pacifico,9.9354121,-84.1126823,169,10.396648
belen_pacifico,9.9347997,-84.1126877,170,10.464747
belen_pacifico,9.9344853,-84.1125672,171,10.502115
belen_pacifico,9.9341474,-84.1123171,172,10.548613
belen_pacifico,9.9338354,-84.1119459,173,10.602060
belen_pacifico,9.9336421,-84.1114284,174,10.662679
belen_pacifico,9.9335372,-84.1103089,175,10.785849
belen_pacifico,9.9334995,-84.1099142,176,10.829282
belen_pacifico,9.9326563,-84.1014151,178,11.764883
belen_pacifico,9.9326467,-84.1014158,180,11.765953
belen_pacifico,9.9324057,-84.0987077,181,12.063775
belen_pacifico,9.9323793,-84.0984424,182,12.092980
belen_pacifico,9.9323627,-84.0982979,183,12.108914
belen_pacifico,9.9323561,-84.0982177,184,12.117729
belen_pacifico,9.9323003,-84.0977075,185,12.173954
belen_pacifico,9.9322482,-84.097488,186,12.198684
belen_pacifico,9.9321681,-84.0972603,187,12.225166
belen_pacifico,9.9320095,-84.096875,188,12.270904
belen_pacifico,9.9316947,-84.0962424,189,12.348532
belen_pacifico,9.9308862,-84.0947073,190,12.539195
belen_pacifico,9.9308313,-84.0946484,191,12.548077
belen_pacifico,9.9306868,-84.0944314,192,12.576766
belen_pacifico,9.9305382,-84.0942428,193,12.603219
belen_pacifico,9.9303611,-84.0940513,194,12.631989
belen_pacifico,9.9302116,-84.0939136,195,12.654435
belen_pacifico,9.9299259,-84.0937125,196,12.693092
belen_pacifico,9.9289052,-84.0930263,197,12.829219
belen_pacifico,9.928478,-84.0927599,198,12.884967
belen_pacifico,9.9282132,-84.0925688,199,12.921093
belen_pacifico,9.92750186,-84.09210541,200,13.015074
belen_pacifico,9.9273064,-84.0919248,201,13.044463
belen_pacifico,9.9271319,-84.0918611,202,13.065083
belen_pacifico,9.9269607,-84.0917519,203,13.087565
belen_pacifico,9.9264878,-84.0914501,205,13.149676
belen_pacifico,9.9261842,-84.091254,206,13.189689
belen_pacifico,9.9260257,-84.09114,207,13.211288
belen_pacifico,9.9259689,-84.0910992,208,13.219025
belen_pacifico,9.9259238,-84.0910545,209,13.226034
belen_pacifico,9.9258116,-84.0909738,210,13.241324
belen_pacifico,9.9256598,-84.0907566,211,13.270493
belen_pacifico,9.9255816,-84.0906049,212,13.289247
belen_pacifico,9.9255076,-84.0904344,213,13.309654
belen_pacifico,9.9253976,-84.0898437,214,13.375500
belen_pacifico,9.9252757,-84.0892389,215,13.443117
belen_pacifico,9.924989,-84.0874217,216,13.644693
belen_pacifico,9.9249764,-84.0870523,217,13.685178
belen_pacifico,9.9250369,-84.0868748,218,13.705751
belen_pacifico,9.9252137,-84.0864369,219,13.757587
belen_pacifico,9.9253837,-84.0861128,220,13.797805
belen_pacifico,9.9255773,-84.0856152,221,13.856405
belen_pacifico,9.9256818,-84.0853768,222,13.884986
belen_pacifico,9.9257564,-84.0850864,223,13.917857
belen_pacifico,9.9258029,-84.084703,224,13.960168
belen_pacifico,9.9258004,-84.0844052,225,13.992788
belen_pacifico,9.9257294,-84.0836314,226,14.077909
belen_pacifico,9.9253945,-84.0811014,227,14.357513
metropoli_pacifico,9.955766,-84.1498934,0,0
metropoli_pacifico,9.9556673,-84.1497053,1,0.023342
metropoli_pacifico,9.955132,-84.1485207,2,0.166083
metropoli_pacifico,9.9543582,-84.1468083,3,0.372422
metropoli_pacifico,9.9541803,-84.1465164,4,0.410016
metropoli_pacifico,9.9539983,-84.1462897,5,0.442048
metropoli_pacifico,9.9537889,-84.1461154,6,0.472157
metropoli_pacifico,9.9535703,-84.1460022,7,0.499443
metropoli_pacifico,9.9512865,-84.1448767,8,0.781726
metropoli_pacifico,9.9498709,-84.1440943,9,0.960947
metropoli_pacifico,9.9498597,-84.1440878,10,0.962381
metropoli_pacifico,9.9493497,-84.1437941,11,1.027578
metropoli_pacifico,9.9484209,-84.1433056,13,1.143891
metropoli_pacifico,9.9481148,-84.1430724,14,1.186445
metropoli_pacifico,9.9478248,-84.1427591,15,1.233533
metropoli_pacifico,9.9476398,-84.1424505,16,1.273100
metropoli_pacifico,9.947496,-84.1421,17,1.314685
metropoli_pacifico,9.9469399,-84.1400628,18,1.546216
metropoli_pacifico,9.9463192,-84.1380366,19,1.778618
metropoli_pacifico,9.9461457,-84.1374652,21,1.844106
metropoli_pacifico,9.9457991,-84.136453,22,1.961474
metropoli_pacifico,9.9456094,-84.1362038,23,1.995968
metropoli_pacifico,9.945368,-84.1359982,24,2.031005
metropoli_pacifico,9.9451345,-84.1358763,25,2.060201
metropoli_pacifico,9.9448979,-84.1358105,26,2.087479
metropoli_pacifico,9.9444947,-84.1358265,27,2.132347
metropoli_pacifico,9.9441934,-84.1358491,28,2.165941
metropoli_pacifico,9.9439874,-84.1358682,29,2.188942
metropoli_pacifico,9.9434921,-84.1359248,30,2.244365
metropoli_pacifico,9.9426069,-84.1360214,31,2.343362
metropoli_pacifico,9.9417103,-84.1361333,32,2.443810
metropoli_pacifico,9.941222,-84.1361764,33,2.498311
metropoli_pacifico,9.9410177,-84.1361691,34,2.521042
metropoli_pacifico,9.940893,-84.1361434,35,2.535191
metropoli_pacifico,9.9408153,-84.1361264,36,2.544029
metropoli_pacifico,9.9407782,-84.1361102,37,2.548520
metropoli_pacifico,9.9407277,-84.1360783,38,2.555133
metropoli_pacifico,9.9404913,-84.1359072,39,2.587416
metropoli_pacifico,9.9403245,-84.1357196,40,2.615096
metropoli_pacifico,9.9402052,-84.13544,41,2.648469
metropoli_pacifico,9.9401443,-84.1352011,42,2.675497
metropoli_pacifico,9.9401334,-84.1351584,43,2.680328
metropoli_pacifico,9.940129,-84.1351172,44,2.684867
metropoli_pacifico,9.9400741,-84.1346063,45,2.741156
metropoli_pacifico,9.9400393,-84.1342488,46,2.780502
metropoli_pacifico,9.9399761,-84.1335334,47,2.859171
metropoli_pacifico,9.93996,-84.1333511,49,2.879218
metropoli_pacifico,9.9399541,-84.1324677,50,2.975975
metropoli_pacifico,9.9399871,-84.1315596,51,3.075503
metropoli_pacifico,9.9400121,-84.130606,52,3.179984
metropoli_pacifico,9.9401569,-84.1273819,53,3.533473
metropoli_pacifico,9.9403739,-84.1237316,54,3.934002
metropoli_pacifico,9.9402355,-84.1237152,55,3.949496
metropoli_pacifico,9.9402396,-84.1235259,57,3.970234
metropoli_pacifico,9.9401587,-84.1227607,58,4.054525
metropoli_pacifico,9.9398456,-84.1220143,59,4.143379
metropoli_pacifico,9.9393833,-84.1213764,60,4.230119
metropoli_pacifico,9.9386357,-84.1207226,61,4.339838
metropoli_pacifico,9.9384759,-84.1205828,62,4.363294
metropoli_pacifico,9.9382944,-84.1202932,63,4.400889
metropoli_pacifico,9.9379988,-84.1196425,64,4.479373
metropoli_pacifico,9.9378877,-84.1193668,65,4.511998
metropoli_pacifico,9.9371184,-84.1174587,67,4.737816
metropoli_pacifico,9.9370198,-84.1171187,68,4.776635
metropoli_pacifico,9.9369684,-84.1167884,69,4.813261
metropoli_pacifico,9.9368955,-84.1163195,70,4.865253
metropoli_pacifico,9.9367966,-84.1157881,71,4.924486
metropoli_pacifico,9.9367783,-84.1156674,72,4.937861
metropoli_pacifico,9.9367621,-84.1154394,73,4.962898
metropoli_pacifico,9.936775,-84.1150989,74,5.000220
metropoli_pacifico,9.9367909,-84.1144471,75,5.071631
metropoli_pacifico,9.936775,-84.1138061,76,5.141860
metropoli_pacifico,9.9367592,-84.1135567,77,5.169233
metropoli_pacifico,9.9366958,-84.1133448,78,5.193489
metropoli_pacifico,9.9366324,-84.1132214,79,5.208732
metropoli_pacifico,9.9365531,-84.1131141,80,5.223425
metropoli_pacifico,9.9364527,-84.1130095,81,5.239421
metropoli_pacifico,9.9363284,-84.1129085,82,5.257125
metropoli_pacifico,9.9361774,-84.1128082,83,5.277189
metropoli_pacifico,9.9360803,-84.1127559,84,5.289412
metropoli_pacifico,9.9359513,-84.1127081,85,5.304682
metropoli_pacifico,9.9358435,-84.1126773,86,5.317134
metropoli_pacifico,9.935707,-84.1126616,87,5.332409
metropoli_pacifico,9.9354121,-84.1126823,88,5.365279
metropoli_pacifico,9.9347997,-84.1126877,89,5.433377
metropoli_pacifico,9.9344853,-84.1125672,90,5.470745
metropoli_pacifico,9.9341474,-84.1123171,91,5.517244
metropoli_pacifico,9.9338354,-84.1119459,92,5.570690
metropoli_pacifico,9.9336421,-84.1114284,93,5.631310
metropoli_pacifico,9.9335372,-84.1103089,94,5.754480
metropoli_pacifico,9.9334995,-84.1099142,95,5.797913
metropoli_pacifico,9.9326563,-84.1014151,97,6.733513
metropoli_pacifico,9.9326467,-84.1014158,99,6.734583
metropoli_pacifico,9.9324057,-84.0987077,100,7.032405
metropoli_pacifico,9.9323793,-84.0984424,101,7.061611
metropoli_pacifico,9.9323627,-84.0982979,102,7.077545
metropoli_pacifico,9.9323561,-84.0982177,103,7.086360
metropoli_pacifico,9.9323003,-84.0977075,104,7.142585
metropoli_pacifico,9.9322482,-84.097488,105,7.167314
metropoli_pacifico,9.9321681,-84.0972603,106,7.193797
metropoli_pacifico,9.9320095,-84.096875,107,7.239534
metropoli_pacifico,9.9316947,-84.0962424,108,7.317162
metropoli_pacifico,9.9308862,-84.0947073,109,7.507825
metropoli_pacifico,9.9308313,-84.0946484,110,7.516707
metropoli_pacifico,9.9306868,-84.0944314,111,7.545396
metropoli_pacifico,9.9305382,-84.0942428,112,7.571849
metropoli_pacifico,9.9303611,-84.0940513,113,7.600620
metropoli_pacifico,9.9302116,-84.0939136,114,7.623066
metropoli_pacifico,9.9299259,-84.0937125,115,7.661723
metropoli_pacifico,9.9289052,-84.0930263,116,7.797849
metropoli_pacifico,9.928478,-84.0927599,117,7.853598
metropoli_pacifico,9.9282132,-84.0925688,118,7.889724
metropoli_pacifico,9.92750186,-84.09210541,119,7.983705
metropoli_pacifico,9.9273064,-84.0919248,120,8.013094
metropoli_pacifico,9.9271319,-84.0918611,121,8.033713
metropoli_pacifico,9.9269607,-84.0917519,122,8.056196
metropoli_pacifico,9.9264878,-84.0914501,124,8.118307
metropoli_pacifico,9.9261842,-84.091254,125,8.158319
metropoli_pacifico,9.9260257,-84.09114,126,8.179919
metropoli_pacifico,9.9259689,-84.0910992,127,8.187656
metropoli_pacifico,9.9259238,-84.0910545,128,8.194664
metropoli_pacifico,9.9258116,-84.0909738,129,8.209954
metropoli_pacifico,9.9256598,-84.0907566,130,8.239124
metropoli_pacifico,9.9255816,-84.0906049,131,8.257878
metropoli_pacifico,9.9255076,-84.0904344,132,8.278285
metropoli_pacifico,9.9253976,-84.0898437,133,8.344131
metropoli_pacifico,9.9252757,-84.0892389,134,8.411747
metropoli_pacifico,9.924989,-84.0874217,135,8.613324
metropoli_pacifico,9.9249764,-84.0870523,136,8.653809
metropoli_pacifico,9.9250369,-84.0868748,137,8.674381
metropoli_pacifico,9.9252137,-84.0864369,138,8.726217
metropoli_pacifico,9.9253837,-84.0861128,139,8.766436
metropoli_pacifico,9.9255773,-84.0856152,140,8.825035
metropoli_pacifico,9.9256818,-84.0853768,141,8.853616
metropoli_pacifico,9.9257564,-84.0850864,142,8.886488
metropoli_pacifico,9.9258029,-84.084703,143,8.928799
metropoli_pacifico,9.9258004,-84.0844052,144,8.961418
metropoli_pacifico,9.9257294,-84.0836314,145,9.046540
metropoli_pacifico,9.9253945,-84.0811014,146,9.326143
metropoli_cfia,9.955766,-84.1498934,0,0
metropoli_cfia,9.9556673,-84.1497053,1,0.023342
metropoli_cfia,9.955132,-84.1485207,2,0.166083
metropoli_cfia,9.9543582,-84.1468083,3,0.372422
metropoli_cfia,9.9541803,-84.1465164,4,0.410016
metropoli_cfia,9.9539983,-84.1462897,5,0.442048
metropoli_cfia,9.9537889,-84.1461154,6,0.472157
metropoli_cfia,9.9535703,-84.1460022,7,0.499443
metropoli_cfia,9.9512865,-84.1448767,8,0.781726
metropoli_cfia,9.9498709,-84.1440943,9,0.960947
metropoli_cfia,9.9498597,-84.1440878,10,0.962381
metropoli_cfia,9.9493497,-84.1437941,11,1.027578
metropoli_cfia,9.9484209,-84.1433056,13,1.143891
metropoli_cfia,9.9481148,-84.1430724,14,1.186445
metropoli_cfia,9.9478248,-84.1427591,15,1.233533
metropoli_cfia,9.9476398,-84.1424505,16,1.273100
metropoli_cfia,9.947496,-84.1421,17,1.314685
metropoli_cfia,9.9469399,-84.1400628,18,1.546216
metropoli_cfia,9.9463192,-84.1380366,19,1.778618
metropoli_cfia,9.9461457,-84.1374652,21,1.844106
metropoli_cfia,9.9457991,-84.136453,22,1.961474
metropoli_cfia,9.9456094,-84.1362038,23,1.995968
metropoli_cfia,9.945368,-84.1359982,24,2.031005
metropoli_cfia,9.9451345,-84.1358763,25,2.060201
metropoli_cfia,9.9448979,-84.1358105,26,2.087479
metropoli_cfia,9.9444947,-84.1358265,27,2.132347
metropoli_cfia,9.9441934,-84.1358491,28,2.165941
metropoli_cfia,9.9439874,-84.1358682,29,2.188942
metropoli_cfia,9.9434921,-84.1359248,30,2.244365
metropoli_cfia,9.9426069,-84.1360214,31,2.343362
metropoli_cfia,9.9417103,-84.1361333,32,2.443810
metropoli_cfia,9.941222,-84.1361764,33,2.498311
metropoli_cfia,9.9410177,-84.1361691,34,2.521042
metropoli_cfia,9.940893,-84.1361434,35,2.535191
metropoli_cfia,9.9408153,-84.1361264,36,2.544029
metropoli_cfia,9.9407782,-84.1361102,37,2.548520
metropoli_cfia,9.9407277,-84.1360783,38,2.555133
metropoli_cfia,9.9404913,-84.1359072,39,2.587416
metropoli_cfia,9.9403245,-84.1357196,40,2.615096
metropoli_cfia,9.9402052,-84.13544,41,2.648469
metropoli_cfia,9.9401443,-84.1352011,42,2.675497
metropoli_cfia,9.9401334,-84.1351584,43,2.680328
metropoli_cfia,9.940129,-84.1351172,44,2.684867
metropoli_cfia,9.9400741,-84.1346063,45,2.741156
metropoli_cfia,9.9400393,-84.1342488,46,2.780502
metropoli_cfia,9.9399761,-84.1335334,47,2.859171
metropoli_cfia,9.93996,-84.1333511,49,2.879218
metropoli_cfia,9.9399541,-84.1324677,50,2.975975
metropoli_cfia,9.9399871,-84.1315596,51,3.075503
metropoli_cfia,9.9400121,-84.130606,52,3.179984
metropoli_cfia,9.9401569,-84.1273819,53,3.533473
metropoli_cfia,9.9403739,-84.1237316,54,3.934002
metropoli_cfia,9.9402355,-84.1237152,55,3.949496
metropoli_cfia,9.9402396,-84.1235259,57,3.970234
metropoli_cfia,9.9401587,-84.1227607,58,4.054525
metropoli_cfia,9.9398456,-84.1220143,59,4.143379
metropoli_cfia,9.9393833,-84.1213764,60,4.230119
metropoli_cfia,9.9386357,-84.1207226,61,4.339838
metropoli_cfia,9.9384759,-84.1205828,62,4.363294
metropoli_cfia,9.9382944,-84.1202932,63,4.400889
metropoli_cfia,9.9379988,-84.1196425,64,4.479373
metropoli_cfia,9.9378877,-84.1193668,65,4.511998
metropoli_cfia,9.9371184,-84.1174587,67,4.737816
metropoli_cfia,9.9370198,-84.1171187,68,4.776635
metropoli_cfia,9.9369684,-84.1167884,69,4.813261
metropoli_cfia,9.9368955,-84.1163195,70,4.865253
metropoli_cfia,9.9367966,-84.1157881,71,4.924486
metropoli_cfia,9.9367783,-84.1156674,72,4.937861
metropoli_cfia,9.9367621,-84.1154394,73,4.962898
metropoli_cfia,9.936775,-84.1150989,74,5.000220
metropoli_cfia,9.9367909,-84.1144471,75,5.071631
metropoli_cfia,9.936775,-84.1138061,76,5.141860
metropoli_cfia,9.9367592,-84.1135567,77,5.169233
metropoli_cfia,9.9366958,-84.1133448,78,5.193489
metropoli_cfia,9.9366324,-84.1132214,79,5.208732
metropoli_cfia,9.9365531,-84.1131141,80,5.223425
metropoli_cfia,9.9364527,-84.1130095,81,5.239421
metropoli_cfia,9.9363284,-84.1129085,82,5.257125
metropoli_cfia,9.9361774,-84.1128082,83,5.277189
metropoli_cfia,9.9360803,-84.1127559,84,5.289412
metropoli_cfia,9.9359513,-84.1127081,85,5.304682
metropoli_cfia,9.9358435,-84.1126773,86,5.317134
metropoli_cfia,9.935707,-84.1126616,87,5.332409
metropoli_cfia,9.9354121,-84.1126823,88,5.365279
metropoli_cfia,9.9347997,-84.1126877,89,5.433377
metropoli_cfia,9.9344853,-84.1125672,90,5.470745
metropoli_cfia,9.9341474,-84.1123171,91,5.517244
metropoli_cfia,9.9338354,-84.1119459,92,5.570690
metropoli_cfia,9.9336421,-84.1114284,93,5.631310
metropoli_cfia,9.9335372,-84.1103089,94,5.754480
metropoli_cfia,9.9334995,-84.1099142,95,5.797913
metropoli_cfia,9.9326563,-84.1014151,97,6.733513
metropoli_cfia,9.9326467,-84.1014158,99,6.734583
metropoli_cfia,9.9324057,-84.0987077,100,7.032405
metropoli_cfia,9.9323793,-84.0984424,101,7.061611
metropoli_cfia,9.9323627,-84.0982979,102,7.077545
metropoli_cfia,9.9323561,-84.0982177,103,7.086360
metropoli_cfia,9.9323003,-84.0977075,104,7.142585
metropoli_cfia,9.9322482,-84.097488,105,7.167314
metropoli_cfia,9.9321681,-84.0972603,106,7.193797
metropoli_cfia,9.9320095,-84.096875,107,7.239534
metropoli_cfia,9.9316947,-84.0962424,108,7.317162
metropoli_cfia,9.9308862,-84.0947073,109,7.507825
metropoli_cfia,9.9308313,-84.0946484,110,7.516707
metropoli_cfia,9.9306868,-84.0944314,111,7.545396
metropoli_cfia,9.9305382,-84.0942428,112,7.571849
metropoli_cfia,9.9303611,-84.0940513,113,7.600620
metropoli_cfia,9.9302116,-84.0939136,114,7.623066
metropoli_cfia,9.9299259,-84.0937125,115,7.661723
metropoli_cfia,9.9289052,-84.0930263,116,7.797849
metropoli_cfia,9.928478,-84.0927599,117,7.853598
metropoli_cfia,9.9282132,-84.0925688,118,7.889724
metropoli_cfia,9.92750186,-84.09210541,119,7.983705
metropoli_cfia,9.9273064,-84.0919248,120,8.013094
metropoli_cfia,9.9271319,-84.0918611,121,8.033713
metropoli_cfia,9.9269607,-84.0917519,122,8.056196
metropoli_cfia,9.9264878,-84.0914501,124,8.118307
metropoli_cfia,9.9261842,-84.091254,125,8.158319
metropoli_cfia,9.9260257,-84.09114,126,8.179919
metropoli_cfia,9.9259689,-84.0910992,127,8.187656
metropoli_cfia,9.9259238,-84.0910545,128,8.194664
metropoli_cfia,9.9258116,-84.0909738,129,8.209954
metropoli_cfia,9.9256598,-84.0907566,130,8.239124
metropoli_cfia,9.9255816,-84.0906049,131,8.257878
metropoli_cfia,9.9255076,-84.0904344,132,8.278285
metropoli_cfia,9.9253976,-84.0898437,133,8.344131
metropoli_cfia,9.9252757,-84.0892389,134,8.411747
metropoli_cfia,9.924989,-84.0874217,135,8.613324
metropoli_cfia,9.9249764,-84.0870523,136,8.653809
metropoli_cfia,9.9250369,-84.0868748,137,8.674381
metropoli_cfia,9.9252137,-84.0864369,138,8.726217
metropoli_cfia,9.9253837,-84.0861128,139,8.766436
metropoli_cfia,9.9255773,-84.0856152,140,8.825035
metropoli_cfia,9.9256818,-84.0853768,141,8.853616
metropoli_cfia,9.9257564,-84.0850864,142,8.886488
metropoli_cfia,9.9258029,-84.084703,143,8.928799
metropoli_cfia,9.9258004,-84.0844052,144,8.961418
metropoli_cfia,9.9257294,-84.0836314,145,9.046540
metropoli_cfia,9.9253945,-84.0811014,146,9.326143
metropoli_cfia,9.92537369,-84.0808722,148,9.351354
metropoli_cfia,9.9253523,-84.0806108,149,9.380084
metropoli_cfia,9.9253576,-84.0803989,150,9.403301
metropoli_cfia,9.92541693,-84.0803725,151,9.410504
metropoli_cfia,9.925431,-84.0803734,152,9.412072
metropoli_cfia,9.92540567,-84.0802126,153,9.429908
metropoli_cfia,9.9253866,-84.0799658,154,9.457023
metropoli_cfia,9.9253651,-84.0797588,155,9.479822
metropoli_cfia,9.9253156,-84.0791463,156,9.547135
metropoli_cfia,9.9253116,-84.0791117,157,9.550951
metropoli_cfia,9.9251862,-84.0777445,158,9.701349
metropoli_cfia,9.9251296,-84.0771475,159,9.767041
metropoli_cfia,9.9250817,-84.076611,160,9.826045
metropoli_cfia,9.9250057,-84.0756998,161,9.926207
metropoli_cfia,9.9249314,-84.0748187,162,10.023067
metropoli_cfia,9.9249291,-84.0747599,163,10.029513
metropoli_cfia,9.9249434,-84.0746097,164,10.046041
metropoli_cfia,9.9250258,-84.0743336,165,10.077640
metropoli_cfia,9.925085,-84.0741406,167,10.099781
metropoli_cfia,9.9252034,-84.073948,168,10.124647
metropoli_cfia,9.9253187,-84.0738048,169,10.144905
metropoli_cfia,9.9254993,-84.0736507,170,10.171138
metropoli_cfia,9.9256595,-84.0735292,171,10.193374
metropoli_cfia,9.9257026,-84.0735136,172,10.198462
metropoli_cfia,9.9257754,-84.0734821,173,10.207261
metropoli_cfia,9.9259232,-84.073426,174,10.224807
metropoli_cfia,9.9261057,-84.0733682,175,10.246065
metropoli_cfia,9.9268467,-84.073331,176,10.328561
metropoli_cfia,9.9273891,-84.0733182,177,10.388889
metropoli_cfia,9.9278973,-84.073298,178,10.445442
metropoli_cfia,9.9283552,-84.0732729,179,10.496432
metropoli_cfia,9.928865,-84.0732596,180,10.553138
metropoli_cfia,9.9294115,-84.0732285,181,10.614002
metropoli_cfia,9.9301951,-84.0731828,182,10.701278
metropoli_cfia,9.9306293,-84.0731681,183,10.749585
metropoli_cfia,9.9307374,-84.0731224,184,10.762606
metropoli_cfia,9.9308689,-84.0730492,185,10.779282
metropoli_cfia,9.9309536,-84.0729907,186,10.790673
metropoli_cfia,9.9311337,-84.0728796,187,10.814106
metropoli_cfia,9.9311851,-84.0727575,188,10.828650
metropoli_cfia,9.9312068,-84.0727059,189,10.834795
metropoli_cfia,9.9312756,-84.0725767,190,10.850882
metropoli_cfia,9.931663,-84.0718639,192,10.940049
metropoli_cfia,9.9318228,-84.0715658,193,10.977222
metropoli_cfia,9.9320045,-84.0712178,194,11.020362
metropoli_cfia,9.932063,-84.071038,195,11.041101
metropoli_cfia,9.9321183,-84.0707967,196,11.068236
metropoli_cfia,9.9321482,-84.0705146,197,11.099313
metropoli_cfia,9.9321644,-84.0701113,198,11.143522
metropoli_cfia,9.932163,-84.0700585,199,11.149307
metropoli_cfia,9.9321114,-84.0695759,200,11.202476
metropoli_cfia,9.932044,-84.0693697,201,11.226272
metropoli_cfia,9.9319769,-84.0692549,202,11.240893
metropoli_cfia,9.9314307,-84.0681863,203,11.372755
metropoli_cfia,9.9313153,-84.0678878,204,11.407877
metropoli_cfia,9.9312532,-84.0675936,205,11.440832
metropoli_cfia,9.9312486,-84.0672643,206,11.476904
metropoli_cfia,9.9313013,-84.0669606,207,11.510680
metropoli_cfia,9.9313728,-84.0667109,208,11.539161
metropoli_cfia,9.9314579,-84.0665335,209,11.560773
metropoli_cfia,9.9315591,-84.0663747,210,11.581489
metropoli_cfia,9.9318825,-84.0658726,211,11.647197
metropoli_cfia,9.9319766,-84.0657133,212,11.667542
metropoli_cfia,9.9320171,-84.065646,213,11.676180
metropoli_cfia,9.932034,-84.0656278,214,11.678920
metropoli_cfia,9.9320708,-84.0654868,215,11.694896
metropoli_cfia,9.932069,-84.0653951,216,11.704942
metropoli_cfia,9.9320656,-84.0652956,217,11.715846
metropoli_cfia,9.9320424,-84.0650798,218,11.739623
metropoli_cfia,9.9319546,-84.0646937,219,11.783024
metropoli_cfia,9.9318601,-84.0643195,220,11.825335
metropoli_cfia,9.9317982,-84.0638305,221,11.879335
metropoli_cfia,9.9317909,-84.0632935,222,11.938158
metropoli_cfia,9.9318829,-84.0630999,223,11.961701
metropoli_cfia,9.9319727,-84.062939,224,11.981957
metropoli_cfia,9.9322025,-84.0626895,225,12.019369
metropoli_cfia,9.9324482,-84.0625098,226,12.053041
metropoli_cfia,9.9326226,-84.0624294,227,12.074340
metropoli_cfia,9.9328815,-84.0623865,228,12.103509
metropoli_cfia,9.9331517,-84.0624012,229,12.133597
metropoli_cfia,9.9333914,-84.0624991,230,12.162326
metropoli_cfia,9.933513,-84.0625742,231,12.178153
metropoli_cfia,9.9336266,-84.0626734,232,12.194815
metropoli_cfia,9.9337772,-84.0628666,233,12.221800
metropoli_cfia,9.9338538,-84.0630543,234,12.244053
metropoli_cfia,9.9338934,-84.0632555,235,12.266526
metropoli_cfia,9.9339051,-84.0635476,236,12.298545
metropoli_cfia,9.93386,-84.0637196,237,12.318040
metropoli_cfia,9.9336919,-84.0643327,238,12.387744
metropoli_cfia,9.9335883,-84.0648111,239,12.441394
metropoli_cfia,9.9335683,-84.0649459,240,12.456325
metropoli_cfia,9.9335552,-84.0650526,241,12.468102
metropoli_cfia,9.9335423,-84.0653349,242,12.499055
metropoli_cfia,9.9335718,-84.0656888,243,12.537955
metropoli_cfia,9.9336275,-84.0661287,244,12.586533
metropoli_cfia,9.9336442,-84.066215,245,12.596166
metropoli_cfia,9.9336536,-84.0662543,246,12.600596
metropoli_cfia,9.9337832,-84.0666193,247,12.643091
metropoli_cfia,9.9340078,-84.0670711,248,12.698521
metropoli_cfia,9.9340801,-84.0672424,249,12.718933
metropoli_cfia,9.9341662,-84.0674254,250,12.741146
metropoli_cfia,9.9343165,-84.0677596,251,12.781385
metropoli_cfia,9.9343972,-84.067946,252,12.803686
metropoli_cfia,9.9347342,-84.0686116,253,12.885654
metropoli_cfia,9.9347849,-84.0687269,254,12.899484
metropoli_cfia,9.9348741,-84.0689369,255,12.924532
metropoli_cfia,9.9347849,-84.0687269,257,12.949581
metropoli_cfia,9.9347298,-84.068614,258,12.963381
metropoli_cfia,9.9347342,-84.0686116,259,12.963936
metropoli_cfia,9.9343972,-84.067946,260,13.045905
metropoli_cfia,9.9343165,-84.0677596,261,13.068206
metropoli_cfia,9.9341662,-84.0674254,262,13.108445
metropoli_cfia,9.9340801,-84.0672424,263,13.130657
metropoli_cfia,9.9340078,-84.0670711,264,13.151069
metropoli_cfia,9.9337832,-84.0666193,265,13.206499
metropoli_cfia,9.9336536,-84.0662543,266,13.248995
metropoli_cfia,9.9336442,-84.066215,267,13.253424
metropoli_cfia,9.9336275,-84.0661287,268,13.263057
metropoli_cfia,9.9335718,-84.0656888,269,13.311635
metropoli_cfia,9.9335423,-84.0653349,270,13.350536
metropoli_cfia,9.9335552,-84.0650526,271,13.381489
metropoli_cfia,9.9335683,-84.0649459,272,13.393266
metropoli_cfia,9.9335883,-84.0648111,273,13.408197
metropoli_cfia,9.9336919,-84.0643327,274,13.461846
metropoli_cfia,9.93386,-84.0637196,275,13.531551
metropoli_cfia,9.9339051,-84.0635476,276,13.551045
metropoli_cfia,9.9343135,-84.0621665,277,13.708984
metropoli_cfia,9.9345539,-84.0613648,278,13.800771
metropoli_cfia,9.9346013,-84.0612067,279,13.818871
metropoli_cfia,9.9347494,-84.0607128,280,13.875418
metropoli_cfia,9.934974,-84.0599349,281,13.964205
metropoli_cfia,9.9353703,-84.0585294,282,14.124328
metropoli_cfia,9.935424,-84.0582103,283,14.159785
metropoli_cfia,9.9354493,-84.0578951,284,14.194422
metropoli_cfia,9.935449,-84.0578346,285,14.201049
metropoli_cfia,9.9354472,-84.0577088,286,14.214829
metropoli_cfia,9.9354447,-84.0576149,287,14.225117
metropoli_cfia,9.9354263,-84.0573417,288,14.255110
metropoli_cfia,9.9353809,-84.0570515,289,14.287293
metropoli_cfia,9.9352778,-84.0566251,290,14.335382
metropoli_cfia,9.9351827,-84.056271,291,14.375582
metropoli_cfia,9.935085,-84.0559143,292,14.416132
metropoli_cfia,9.9349716,-84.0555179,293,14.461343
metropoli_cfia,9.9349514,-84.0554471,294,14.469416
metropoli_cfia,9.9349123,-84.0553234,295,14.483645
metropoli_cfia,9.9344573,-84.0537972,296,14.658295
metropoli_cfia,9.9344104,-84.0536339,297,14.676926
metropoli_cfia,9.9341796,-84.0528887,298,14.762485
metropoli_cfia,9.9340346,-84.05241899,300,14.816399
metropoli_cfia,9.9340324,-84.0523175,301,14.827518
metropoli_cfia,9.9339859,-84.0521666,302,14.844835
metropoli_cfia,9.9336837,-84.051054,303,14.971244
metropoli_cfia,9.9334745,-84.0503073,304,15.056272
metropoli_cfia,9.9332674,-84.0495966,305,15.137449
metropoli_cfia,9.9332136,-84.0493276,306,15.167513
metropoli_cfia,9.9329369,-84.0481679,307,15.298206
metropoli_cfia,9.9328589,-84.0477108,308,15.349017
metropoli_cfia,9.9327561,-84.0469136,309,15.437078
metropoli_cfia,9.9327383,-84.0467622,310,15.453778
metropoli_cfia,9.9326892,-84.045777,311,15.561824
metropoli_cfia,9.9326469,-84.0450655,312,15.639895
metropoli_cfia,9.9326429,-84.0448899,313,15.659133
metropoli_cfia,9.932641,-84.0448184,314,15.666967
metropoli_cfia,9.9326307,-84.0444387,315,15.708571
metropoli_cfia,9.9326027,-84.0439976,316,15.756984
metropoli_cfia,9.9325526,-84.0438187,317,15.777355
metropoli_cfia,9.9324705,-84.0435545,318,15.807698
metropoli_cfia,9.9323369,-84.043285,320,15.840744
metropoli_cfia,9.9321414,-84.0429751,321,15.881051
metropoli_cfia,9.9319024,-84.0426701,322,15.923739
metropoli_cfia,9.93169,-84.0424946,323,15.954190
metropoli_cfia,9.9312972,-84.0421986,324,16.008585
metropoli_cfia,9.9309168,-84.0419831,325,16.057024
metropoli_cfia,9.9304082,-84.0418368,326,16.115804
metropoli_cfia,9.9300262,-84.0417014,327,16.160795
metropoli_cfia,9.9276345,-84.0394379,328,16.524376
metropoli_cfia,9.9273253,-84.0391439,329,16.571482
metropoli_cfia,9.9252818,-84.0371297,330,16.888190
atlantico_angeles,9.9348741,-84.0689369,0,0
atlantico_angeles,9.9347849,-84.0687269,1,0.025048
atlantico_angeles,9.9347298,-84.068614,2,0.038849
atlantico_angeles,9.9347342,-84.0686116,3,0.039404
atlantico_angeles,9.9343972,-84.067946,4,0.121372
atlantico_angeles,9.9343165,-84.0677596,5,0.143673
atlantico_angeles,9.9341662,-84.0674254,6,0.183912
atlantico_angeles,9.9340801,-84.0672424,7,0.206125
atlantico_angeles,9.9340078,-84.0670711,8,0.226537
atlantico_angeles,9.9337832,-84.0666193,9,0.281967
atlantico_angeles,9.9336536,-84.0662543,10,0.324463
atlantico_angeles,9.9336442,-84.066215,11,0.328892
atlantico_angeles,9.9336275,-84.0661287,12,0.338525
atlantico_angeles,9.9335718,-84.0656888,13,0.387103
atlantico_angeles,9.9335423,-84.0653349,14,0.426003
atlantico_angeles,9.9335552,-84.0650526,15,0.456956
atlantico_angeles,9.9335683,-84.0649459,16,0.468733
atlantico_angeles,9.9335883,-84.0648111,17,0.483664
atlantico_angeles,9.9336919,-84.0643327,18,0.537314
atlantico_angeles,9.93386,-84.0637196,19,0.607018
atlantico_angeles,9.9339051,-84.0635476,20,0.626513
atlantico_angeles,9.9343135,-84.0621665,21,0.784451
atlantico_angeles,9.9345539,-84.0613648,22,0.876238
atlantico_angeles,9.9346013,-84.0612067,23,0.894339
atlantico_angeles,9.9347494,-84.0607128,24,0.950886
atlantico_angeles,9.934974,-84.0599349,25,1.039672
atlantico_angeles,9.9353703,-84.0585294,26,1.199796
atlantico_angeles,9.935424,-84.0582103,27,1.235253
atlantico_angeles,9.9354493,-84.0578951,28,1.269890
atlantico_angeles,9.935449,-84.0578346,29,1.276516
atlantico_angeles,9.9354472,-84.0577088,30,1.290296
atlantico_angeles,9.9354447,-84.0576149,31,1.300585
atlantico_angeles,9.9354263,-84.0573417,32,1.330578
atlantico_angeles,9.9353809,-84.0570515,33,1.362761
atlantico_angeles,9.9352778,-84.0566251,34,1.410850
atlantico_angeles,9.9351827,-84.056271,35,1.451049
atlantico_angeles,9.935085,-84.0559143,36,1.491600
atlantico_angeles,9.9349716,-84.0555179,37,1.536811
atlantico_angeles,9.9349514,-84.0554471,38,1.544884
atlantico_angeles,9.9349123,-84.0553234,39,1.559113
atlantico_angeles,9.9344573,-84.0537972,40,1.733763
atlantico_angeles,9.9344104,-84.0536339,41,1.752393
atlantico_angeles,9.9341796,-84.0528887,42,1.837953
atlantico_angeles,9.9340346,-84.05241899,44,1.891867
atlantico_angeles,9.9340324,-84.0523175,45,1.902985
atlantico_angeles,9.9339859,-84.0521666,46,1.920303
atlantico_angeles,9.9336837,-84.051054,47,2.046712
atlantico_angeles,9.9334745,-84.0503073,48,2.131740
atlantico_angeles,9.9332674,-84.0495966,49,2.212917
atlantico_angeles,9.9332136,-84.0493276,50,2.242981
atlantico_angeles,9.9329369,-84.0481679,51,2.373674
atlantico_angeles,9.9328589,-84.0477108,52,2.424485
atlantico_angeles,9.9327561,-84.0469136,53,2.512546
atlantico_angeles,9.9327383,-84.0467622,54,2.529246
atlantico_angeles,9.9326892,-84.045777,55,2.637291
atlantico_angeles,9.9326469,-84.0450655,56,2.715362
atlantico_angeles,9.9326429,-84.0448899,57,2.734601
atlantico_angeles,9.932641,-84.0448184,58,2.742435
atlantico_angeles,9.9326307,-84.0444387,59,2.784039
atlantico_angeles,9.9326027,-84.0439976,60,2.832452
atlantico_angeles,9.9325526,-84.0438187,61,2.852823
atlantico_angeles,9.9324705,-84.0435545,62,2.883166
atlantico_angeles,9.9323369,-84.043285,64,2.916211
atlantico_angeles,9.9321414,-84.0429751,65,2.956519
atlantico_angeles,9.9319024,-84.0426701,66,2.999206
atlantico_angeles,9.93169,-84.0424946,67,3.029658
atlantico_angeles,9.9312972,-84.0421986,68,3.084053
atlantico_angeles,9.9309168,-84.0419831,69,3.132491
atlantico_angeles,9.9304082,-84.0418368,70,3.191271
atlantico_angeles,9.9300262,-84.0417014,71,3.236262
atlantico_angeles,9.9276345,-84.0394379,72,3.599843
atlantico_angeles,9.9273253,-84.0391439,73,3.646950
atlantico_angeles,9.9252818,-84.0371297,74,3.963657
atlantico_angeles,9.9234597,-84.0353344,76,4.246001
atlantico_angeles,9.9231428,-84.0350499,77,4.293040
atlantico_angeles,9.9229399,-84.034867,78,4.323212
atlantico_angeles,9.9228788,-84.0348031,79,4.332967
atlantico_angeles,9.9221199,-84.0340096,80,4.454107
atlantico_angeles,9.921769,-84.0336197,81,4.511954
atlantico_angeles,9.9215253,-84.0331908,82,4.566187
atlantico_angeles,9.921466,-84.0328431,83,4.604838
atlantico_angeles,9.9214558,-84.0323249,84,4.661609
atlantico_angeles,9.9214568,-84.0316943,85,4.730680
atlantico_angeles,9.9214384,-84.0314327,86,4.759406
atlantico_angeles,9.9213888,-84.0311536,87,4.790470
atlantico_angeles,9.9212086,-84.030715,88,4.842522
atlantico_angeles,9.9208873,-84.0301829,89,4.910883
atlantico_angeles,9.9200446,-84.0287662,90,5.092155
atlantico_angeles,9.9197579,-84.0282919,91,5.153108
atlantico_angeles,9.919603,-84.0279349,92,5.195836
atlantico_angeles,9.9195202,-84.0275707,93,5.236777
atlantico_angeles,9.9195248,-84.0272484,94,5.272083
atlantico_angeles,9.91958,-84.0268235,95,5.319026
atlantico_angeles,9.9197364,-84.0259735,96,5.413739
atlantico_angeles,9.9198192,-84.0255766,97,5.458177
atlantico_angeles,9.9198192,-84.0251423,98,5.505747
atlantico_angeles,9.9197594,-84.0247733,99,5.546708
atlantico_angeles,9.9196352,-84.0244604,100,5.583659
atlantico_angeles,9.9193069,-84.0238997,101,5.655104
atlantico_angeles,9.9192772,-84.0238499,102,5.661480
atlantico_angeles,9.9190639,-84.023492,104,5.707299
atlantico_angeles,9.9186834,-84.0228107,105,5.793083
atlantico_angeles,9.9185538,-84.0223466,106,5.845920
atlantico_angeles,9.918427,-84.0220547,107,5.880864
atlantico_angeles,9.9182072,-84.0216427,108,5.932185
atlantico_angeles,9.9177337,-84.0210848,109,6.012847
atlantico_angeles,9.9174936,-84.0208473,110,6.050123
atlantico_angeles,9.9170742,-84.0204325,111,6.115232
atlantico_angeles,9.9168629,-84.0200463,112,6.163621
atlantico_angeles,9.9167783,-84.019497,113,6.224518
atlantico_angeles,9.9168544,-84.0190678,114,6.272286
atlantico_angeles,9.9169981,-84.0185958,115,6.326398
atlantico_angeles,9.917013,-84.0184234,116,6.345355
atlantico_angeles,9.9170051,-84.0182617,117,6.363088
atlantico_angeles,9.9169802,-84.0181155,118,6.379339
atlantico_angeles,9.9169387,-84.017991,119,6.393736
atlantico_angeles,9.9168377,-84.0177986,120,6.417616
atlantico_angeles,9.9166796,-84.0175785,121,6.447453
atlantico_angeles,9.9165551,-84.017423,122,6.469402
atlantico_angeles,9.9164094,-84.0172445,123,6.494794
atlantico_angeles,9.9160715,-84.0168981,124,6.548192
atlantico_angeles,9.9156664,-84.0165045,125,6.610544
atlantico_angeles,9.9155505,-84.016374,126,6.629790
atlantico_angeles,9.9151089,-84.0158445,127,6.705783
atlantico_angeles,9.9150049,-84.0156556,128,6.729486
atlantico_angeles,9.9148455,-84.0151757,129,6.784960
atlantico_angeles,9.9147936,-84.0147246,130,6.834706
atlantico_angeles,9.9148337,-84.0141068,131,6.902523
atlantico_angeles,9.9148197,-84.0138516,132,6.930520
atlantico_angeles,9.9147876,-84.0136411,133,6.953851
atlantico_angeles,9.9147103,-84.0133958,134,6.982061
atlantico_angeles,9.914611,-84.0131525,135,7.010908
atlantico_angeles,9.9144665,-84.0129186,136,7.041150
atlantico_angeles,9.9142739,-84.0127051,137,7.072860
atlantico_angeles,9.9136077,-84.0121654,138,7.167635
atlantico_angeles,9.9132405,-84.0118843,139,7.218773
atlantico_angeles,9.9128539,-84.0115461,140,7.275521
atlantico_angeles,9.9124494,-84.0110083,141,7.349637
atlantico_angeles,9.9116124,-84.0098582,142,7.506264
atlantico_angeles,9.9108768,-84.0088368,143,7.644855
atlantico_angeles,9.9106631,-84.0085133,144,7.687520
atlantico_angeles,9.9104576,-84.0081755,145,7.731008
atlantico_angeles,9.9103313,-84.007886,146,7.765689
atlantico_angeles,9.9102602,-84.0075614,147,7.802113
atlantico_angeles,9.9102187,-84.0071593,148,7.846398
atlantico_angeles,9.9102115,-84.0068953,149,7.875327
atlantico_angeles,9.9102227,-84.0066221,150,7.905278
atlantico_angeles,9.9102815,-84.0063048,151,7.940643
atlantico_angeles,9.9104173,-84.0059506,152,7.982276
atlantico_angeles,9.9105714,-84.005587,153,8.025633
atlantico_angeles,9.9110028,-84.0046627,154,8.137666
atlantico_angeles,9.911135,-84.004366,155,8.173335
atlantico_angeles,9.9112194,-84.0040823,156,8.205796
atlantico_angeles,9.9112602,-84.0038849,157,8.227889
atlantico_angeles,9.9113324,-84.0030914,158,8.315176
atlantico_angeles,9.9113672,-84.0017472,159,8.462464
atlantico_angeles,9.911494,-84.0005026,160,8.599519
atlantico_angeles,9.9118914,-83.9995413,161,8.713711
atlantico_angeles,9.9120351,-83.9990435,162,8.770531
atlantico_angeles,9.9120605,-83.998314,163,8.850487
atlantico_angeles,9.9118745,-83.9977217,164,8.918581
atlantico_angeles,9.9114433,-83.9962283,165,9.089043
atlantico_angeles,9.9114421,-83.9960366,166,9.110042
atlantico_angeles,9.9114348,-83.9949236,167,9.231957
atlantico_angeles,9.9115194,-83.9930611,168,9.436184
atlantico_angeles,9.9114517,-83.9926921,169,9.477297
atlantico_angeles,9.9112657,-83.9923573,170,9.519400
atlantico_angeles,9.9106908,-83.9914389,171,9.638590
atlantico_angeles,9.9104033,-83.9907008,172,9.725529
atlantico_angeles,9.9103103,-83.9901085,173,9.791226
atlantico_angeles,9.9101835,-83.9894734,174,9.862207
atlantico_angeles,9.9102375,-83.9886537,175,9.952194
atlantico_angeles,9.9102818,-83.9881061,176,10.012378
atlantico_angeles,9.910283,-83.9880941,177,10.013699
atlantico_angeles,9.9103088,-83.9878401,178,10.041668
atlantico_angeles,9.9103557,-83.9875411,179,10.074832
atlantico_angeles,9.9104425,-83.9872009,180,10.113326
atlantico_angeles,9.9105077,-83.9869691,181,10.139731
atlantico_angeles,9.9105739,-83.9868888,182,10.151201
atlantico_angeles,9.9105927,-83.9867094,183,10.170962
atlantico_angeles,9.9107363,-83.986272,185,10.221464
atlantico_angeles,9.9110254,-83.9856559,186,10.296214
atlantico_angeles,9.9112132,-83.9853218,187,10.338349
atlantico_angeles,9.911424,-83.9850303,188,10.377958
atlantico_angeles,9.9116173,-83.9847465,189,10.415752
atlantico_angeles,9.9117494,-83.9845856,190,10.438695
atlantico_angeles,9.9120629,-83.9841412,191,10.498567
atlantico_angeles,9.9121112,-83.984048,192,10.510102
atlantico_angeles,9.9121579,-83.9839577,193,10.521273
atlantico_angeles,9.9123817,-83.9834759,194,10.579620
atlantico_angeles,9.9125147,-83.9830433,195,10.629259
atlantico_angeles,9.9125593,-83.982667,196,10.670775
atlantico_angeles,9.9126608,-83.9818516,197,10.760800
atlantico_angeles,9.9126733,-83.981799,198,10.766727
atlantico_angeles,9.9128358,-83.9811159,199,10.843701
atlantico_angeles,9.9129918,-83.9807244,200,10.889959
atlantico_angeles,9.9131404,-83.9804895,201,10.920538
atlantico_angeles,9.9135416,-83.9800144,202,10.989082
atlantico_angeles,9.9138555,-83.9794913,203,11.056174
atlantico_angeles,9.9142724,-83.9784779,204,11.176467
atlantico_angeles,9.9144615,-83.9780471,205,11.228127
atlantico_angeles,9.9145547,-83.9778348,206,11.253586
atlantico_angeles,9.9146124,-83.97765,207,11.274821
atlantico_angeles,9.9146264,-83.9776051,208,11.279979
atlantico_angeles,9.9147745,-83.9771309,209,11.334469
atlantico_angeles,9.914775,-83.9769586,210,11.353341
atlantico_angeles,9.9147533,-83.9763347,211,11.421722
atlantico_angeles,9.9145129,-83.9752925,212,11.538967
atlantico_angeles,9.9143552,-83.9745486,213,11.622315
atlantico_angeles,9.9143314,-83.9743913,214,11.639747
atlantico_angeles,9.9141742,-83.9738265,215,11.704034
atlantico_angeles,9.9139882,-83.9733372,216,11.761481
atlantico_angeles,9.9134668,-83.972519,217,11.868221
atlantico_angeles,9.9132949,-83.9723158,218,11.897559
atlantico_angeles,9.9129567,-83.9718867,219,11.957754
atlantico_angeles,9.9126354,-83.9714833,220,12.014577
atlantico_angeles,9.9120098,-83.9704276,221,12.149524
atlantico_angeles,9.9119313,-83.9700454,222,12.192289
atlantico_angeles,9.911917,-83.9698783,223,12.210661
atlantico_angeles,9.9118892,-83.9695849,224,12.242947
atlantico_angeles,9.9118917,-83.9690973,225,12.296357
atlantico_angeles,9.9119486,-83.9680997,226,12.405812
atlantico_angeles,9.9114408,-83.9664944,227,12.590493
atlantico_angeles,9.9111746,-83.9653884,228,12.715203
atlantico_angeles,9.9109849,-83.9647914,229,12.783913
atlantico_angeles,9.9105146,-83.9643164,230,12.857682
atlantico_angeles,9.9099355,-83.9636878,231,12.951955
atlantico_angeles,9.9095014,-83.962974,232,13.043841
atlantico_angeles,9.9093618,-83.9627998,233,13.068439
atlantico_angeles,9.9089043,-83.9622286,234,13.149077
atlantico_angeles,9.9084646,-83.9614304,235,13.249251
atlantico_angeles,9.9079742,-83.9602888,236,13.385671
atlantico_angeles,9.9075111,-83.9591067,237,13.525017
atlantico_angeles,9.9072681,-83.9585498,238,13.591735
atlantico_angeles,9.9068461,-83.9580941,239,13.660244
atlantico_angeles,9.9064042,-83.9577942,240,13.719350
atlantico_angeles,9.9060192,-83.9576818,241,13.763896
atlantico_angeles,9.9056104,-83.9575944,242,13.810349
atlantico_angeles,9.9051114,-83.957465,243,13.867618
atlantico_angeles,9.9044655,-83.9570587,244,13.952110
atlantico_angeles,9.9039804,-83.9565592,245,14.028942
atlantico_angeles,9.9036005,-83.955898,246,14.112788
atlantico_angeles,9.9033441,-83.9552775,247,14.186493
atlantico_angeles,9.9031789,-83.9547239,248,14.249855
atlantico_angeles,9.9029618,-83.9543334,249,14.298971
atlantico_angeles,9.9029474,-83.9543088,250,14.302106
atlantico_angeles,9.9024239,-83.9535909,251,14.399944
atlantico_angeles,9.9020322,-83.9528499,252,14.492060
atlantico_angeles,9.9018802,-83.9523534,253,14.549011
atlantico_angeles,9.9018114,-83.9518453,254,14.605191
atlantico_angeles,9.9017796,-83.9509529,255,14.703007
atlantico_angeles,9.9017055,-83.9497632,256,14.833586
atlantico_angeles,9.901658,-83.9491052,257,14.905855
atlantico_angeles,9.9016539,-83.9490483,258,14.912105
atlantico_angeles,9.9015634,-83.9477961,259,15.049638
atlantico_angeles,9.9015032,-83.9475375,260,15.078744
atlantico_angeles,9.9013584,-83.9470426,261,15.135296
atlantico_angeles,9.9012105,-83.9466939,262,15.176882
atlantico_angeles,9.9008723,-83.9462272,263,15.240346
atlantico_angeles,9.9005552,-83.9458624,264,15.293638
atlantico_angeles,9.9002804,-83.9455942,265,15.336026
atlantico_angeles,9.9000109,-83.9454118,266,15.372043
atlantico_angeles,9.8994296,-83.9451382,267,15.443291
atlantico_angeles,9.8985946,-83.9446125,268,15.552546
atlantico_angeles,9.8979552,-83.9441941,269,15.637136
atlantico_angeles,9.8975684,-83.9439441,270,15.688124
atlantico_angeles,9.8973096,-83.9437981,271,15.721047
atlantico_angeles,9.8970969,-83.9437001,272,15.747020
atlantico_angeles,9.8966975,-83.9435396,273,15.794785
atlantico_angeles,9.8961998,-83.9432944,274,15.856300
atlantico_angeles,9.8956771,-83.9430999,275,15.918204
atlantico_angeles,9.895297,-83.9429549,276,15.963355
atlantico_angeles,9.8950159,-83.9428336,277,15.997319
atlantico_angeles,9.8944673,-83.9424238,278,16.073057
atlantico_angeles,9.894144,-83.9421506,279,16.119833
atlantico_angeles,9.893458,-83.9415709,280,16.219085
atlantico_angeles,9.8931673,-83.9413509,281,16.259404
atlantico_angeles,9.8927023,-83.9409861,282,16.324752
atlantico_angeles,9.8923058,-83.9405906,283,16.386564
atlantico_angeles,9.8919984,-83.9401783,284,16.443205
atlantico_angeles,9.8917563,-83.9397899,285,16.493552
atlantico_angeles,9.8916136,-83.9395109,286,16.527988
atlantico_angeles,9.8915079,-83.9392051,287,16.563488
atlantico_angeles,9.8914234,-83.9388618,288,16.602250
atlantico_angeles,9.8913917,-83.938658,289,16.624851
atlantico_angeles,9.8913864,-83.9384219,290,16.650721
atlantico_angeles,9.8914181,-83.9381323,291,16.682639
atlantico_angeles,9.891434,-83.9379767,292,16.699775
atlantico_angeles,9.8914974,-83.9377836,293,16.722072
atlantico_angeles,9.8915185,-83.9376709,294,16.734638
atlantico_angeles,9.8915449,-83.9375529,295,16.747893
atlantico_angeles,9.8915766,-83.9374027,296,16.764720
atlantico_angeles,9.8916242,-83.9372525,297,16.782003
atlantico_angeles,9.8916823,-83.937113,298,16.798594
atlantico_angeles,9.8917193,-83.936936,299,16.818415
atlantico_angeles,9.8917827,-83.9367643,300,16.838501
atlantico_angeles,9.8918409,-83.9365498,301,16.862872
atlantico_angeles,9.891862,-83.9363781,302,16.881827
atlantico_angeles,9.891899,-83.9362064,303,16.901080
atlantico_angeles,9.8919307,-83.9360509,304,16.918474
atlantico_angeles,9.8919466,-83.935965,305,16.928049
atlantico_angeles,9.8919783,-83.9357719,306,16.949493
atlantico_angeles,9.8919941,-83.9355949,307,16.968961
atlantico_angeles,9.8919888,-83.9354501,308,16.984834
atlantico_angeles,9.8919149,-83.935273,309,17.005902
atlantico_angeles,9.8918567,-83.9351604,310,17.019831
atlantico_angeles,9.8917193,-83.9349994,311,17.043165
atlantico_angeles,9.8916612,-83.9348975,312,17.056062
atlantico_angeles,9.8915291,-83.9347902,313,17.074875
atlantico_angeles,9.8914128,-83.9347259,314,17.089600
atlantico_angeles,9.8912913,-83.9346668,315,17.104582
atlantico_angeles,9.8911644,-83.9346186,316,17.119648
atlantico_angeles,9.8910376,-83.934581,317,17.134336
atlantico_angeles,9.8908421,-83.9345649,318,17.156146
atlantico_angeles,9.8906994,-83.9345488,319,17.172112
atlantico_angeles,9.8905461,-83.9345435,320,17.189168
atlantico_angeles,9.8904352,-83.9345381,321,17.201513
atlantico_angeles,9.890265,-83.9345027,322,17.220832
atlantico_angeles,9.8899965,-83.9343128,323,17.257220
atlantico_angeles,9.889801,-83.9339748,324,17.300156
atlantico_angeles,9.8895209,-83.9333365,325,17.376700
atlantico_angeles,9.8893888,-83.9329502,326,17.421493
atlantico_angeles,9.8893945,-83.9328047,327,17.437444
atlantico_angeles,9.8893993,-83.932682,328,17.450895
atlantico_angeles,9.8894205,-83.9325908,329,17.461160
atlantico_angeles,9.8894469,-83.932226,330,17.501229
atlantico_angeles,9.8894839,-83.9318183,331,17.546079
atlantico_angeles,9.8894628,-83.9314053,332,17.591381
atlantico_angeles,9.889387,-83.9311103,333,17.624777
atlantico_angeles,9.889299,-83.9309283,334,17.646985
atlantico_angeles,9.8891048,-83.9305095,335,17.697690
atlantico_angeles,9.8888604,-83.9301827,336,17.742635
atlantico_angeles,9.8886768,-83.9300258,337,17.769322
atlantico_angeles,9.888501,-83.9299037,338,17.793008
atlantico_angeles,9.8879441,-83.9296118,339,17.862701
atlantico_angeles,9.8877453,-83.9296033,340,17.884826
atlantico_angeles,9.8873912,-83.9295734,341,17.924336
atlantico_angeles,9.887249,-83.9295706,342,17.940151
atlantico_angeles,9.8870637,-83.9295621,343,17.960776
atlantico_angeles,9.8868363,-83.9295497,344,17.986099
atlantico_angeles,9.8865816,-83.9295496,345,18.014420
atlantico_angeles,9.8855684,-83.9296,346,18.127218
atlantico_angeles,9.8837919,-83.92972,347,18.325193
atlantico_angeles,9.8836708,-83.929717,348,18.338662
atlantico_angeles,9.8834857,-83.929716,349,18.359245
atlantico_angeles,9.8826772,-83.9297803,350,18.449421
atlantico_angeles,9.8819637,-83.9298233,351,18.528899
atlantico_angeles,9.880995,-83.9298731,352,18.636751
atlantico_angeles,9.8789573,-83.929986,353,18.863670
atlantico_angeles,9.8786728,-83.9300082,354,18.895399
atlantico_angeles,9.8784703,-83.9300243,355,18.917985
atlantico_angeles,9.8780054,-83.9300003,356,18.969746
atlantico_angeles,9.8774663,-83.929952,357,19.029924
atlantico_angeles,9.87721,-83.9298844,358,19.059370
atlantico_angeles,9.8770594,-83.9298447,359,19.076671
atlantico_angeles,9.8766736,-83.9297052,360,19.122211
atlantico_angeles,9.8763641,-83.9295485,361,19.160669
atlantico_angeles,9.8752853,-83.9289284,362,19.298525
atlantico_angeles,9.8747936,-83.9286388,363,19.361737
atlantico_angeles,9.8743219,-83.928316,364,19.424995
atlantico_angeles,9.8742333,-83.9282554,365,19.436875
atlantico_angeles,9.8738334,-83.9280007,366,19.489371
atlantico_angeles,9.8729091,-83.9273636,367,19.613606
atlantico_angeles,9.8725519,-83.9271173,368,19.661622
atlantico_angeles,9.8719095,-83.9267115,369,19.745757
atlantico_angeles,9.8714963,-83.9264436,370,19.800276
atlantico_angeles,9.8699221,-83.925582,371,19.999146
atlantico_angeles,9.869811,-83.925541,372,20.012291
atlantico_angeles,9.8694095,-83.9253652,373,20.060912
atlantico_angeles,9.8691459,-83.9251884,374,20.096044
atlantico_angeles,9.8689621,-83.9250333,375,20.122622
atlantico_angeles,9.8688608,-83.9249491,376,20.137181
atlantico_angeles,9.8687844,-83.9248787,377,20.148655
atlantico_angeles,9.8685145,-83.9246135,378,20.190425
atlantico_angeles,9.8680098,-83.9241643,379,20.265065
atlantico_angeles,9.8672316,-83.9234268,380,20.383451
atlantico_angeles,9.8669703,-83.9231486,381,20.425558
atlantico_angeles,9.8669114,-83.9230906,382,20.434684
atlantico_angeles,9.8668837,-83.9230633,383,20.438977
atlantico_angeles,9.8668423,-83.9230201,384,20.445579
atlantico_angeles,9.866821,-83.9229808,385,20.450493
atlantico_angeles,9.8668046,-83.9229519,386,20.454146
atlantico_angeles,9.8667925,-83.9229151,387,20.458396
atlantico_angeles,9.8667357,-83.9226176,388,20.491594
atlantico_angeles,9.8666338,-83.9221821,389,20.540630
atlantico_angeles,9.8665187,-83.9221963,390,20.553523
atlantico_angeles,9.8666535,-83.9220109,391,20.578766
atlantico_angeles,9.8665885,-83.9218547,393,20.597341
atlantico_angeles,9.8664734,-83.9218706,394,20.610258
atlantico_angeles,9.8666152,-83.9217123,395,20.633696
atlantico_angeles,9.8665587,-83.9213116,396,20.678040
atlantico_angeles,9.8664981,-83.9208598,397,20.727991
atlantico_angeles,9.866419,-83.9202814,398,20.791963
atlantico_angeles,9.866417,-83.9202666,399,20.793599
atlantico_angeles,9.866339,-83.9196759,400,20.858889
atlantico_angeles,9.8662708,-83.9191502,401,20.916977
atlantico_angeles,9.8661524,-83.9182823,402,21.012963
atlantico_angeles,9.8660269,-83.9174207,403,21.108378
atlantico_angeles,9.8658705,-83.916303,404,21.232051
atlantico_angeles,9.8657058,-83.9151578,405,21.358838
atlantico_angeles,9.8655981,-83.9143687,406,21.446110
atlantico_angeles,9.8655617,-83.9140955,407,21.476312
atlantico_angeles,9.8655346,-83.9140254,408,21.484561
atlantico_angeles,9.8654386,-83.9138491,409,21.506629
atlantico_angeles,9.8652627,-83.9135677,410,21.543138
atlantico_angeles,9.8649913,-83.9132446,411,21.589652
atlantico_angeles,9.8646922,-83.9128804,412,21.641595
atlantico_angeles,9.8645746,-83.9126928,413,21.665954
atlantico_angeles,9.8645267,-83.9125853,414,21.678879
atlantico_angeles,9.8644716,-83.9123632,415,21.703970
atlantico_angeles,9.8644309,-83.9121174,416,21.731275
atlantico_angeles,9.8643349,-83.9114518,417,21.804969
atlantico_angeles,9.8642123,-83.9110459,418,21.851479
atlantico_cartago,9.9348741,-84.0689369,0,0
atlantico_cartago,9.9347849,-84.0687269,1,0.025048
atlantico_cartago,9.9347298,-84.068614,2,0.038849
atlantico_cartago,9.9347342,-84.0686116,3,0.039404
atlantico_cartago,9.9343972,-84.067946,4,0.121372
atlantico_cartago,9.9343165,-84.0677596,5,0.143673
atlantico_cartago,9.9341662,-84.0674254,6,0.183912
atlantico_cartago,9.9340801,-84.0672424,7,0.206125
atlantico_cartago,9.9340078,-84.0670711,8,0.226537
atlantico_cartago,9.9337832,-84.0666193,9,0.281967
atlantico_cartago,9.9336536,-84.0662543,10,0.324463
atlantico_cartago,9.9336442,-84.066215,11,0.328892
atlantico_cartago,9.9336275,-84.0661287,12,0.338525
atlantico_cartago,9.9335718,-84.0656888,13,0.387103
atlantico_cartago,9.9335423,-84.0653349,14,0.426003
atlantico_cartago,9.9335552,-84.0650526,15,0.456956
atlantico_cartago,9.9335683,-84.0649459,16,0.468733
atlantico_cartago,9.9335883,-84.0648111,17,0.483664
atlantico_cartago,9.9336919,-84.0643327,18,0.537314
atlantico_cartago,9.93386,-84.0637196,19,0.607018
atlantico_cartago,9.9339051,-84.0635476,20,0.626513
atlantico_cartago,9.9343135,-84.0621665,21,0.784451
atlantico_cartago,9.9345539,-84.0613648,22,0.876238
atlantico_cartago,9.9346013,-84.0612067,23,0.894339
atlantico_cartago,9.9347494,-84.0607128,24,0.950886
atlantico_cartago,9.934974,-84.0599349,25,1.039672
atlantico_cartago,9.9353703,-84.0585294,26,1.199796
atlantico_cartago,9.935424,-84.0582103,27,1.235253
atlantico_cartago,9.9354493,-84.0578951,28,1.269890
atlantico_cartago,9.935449,-84.0578346,29,1.276516
atlantico_cartago,9.9354472,-84.0577088,30,1.290296
atlantico_cartago,9.9354447,-84.0576149,31,1.300585
atlantico_cartago,9.9354263,-84.0573417,32,1.330578
atlantico_cartago,9.9353809,-84.0570515,33,1.362761
atlantico_cartago,9.9352778,-84.0566251,34,1.410850
atlantico_cartago,9.9351827,-84.056271,35,1.451049
atlantico_cartago,9.935085,-84.0559143,36,1.491600
atlantico_cartago,9.9349716,-84.0555179,37,1.536811
atlantico_cartago,9.9349514,-84.0554471,38,1.544884
atlantico_cartago,9.9349123,-84.0553234,39,1.559113
atlantico_cartago,9.9344573,-84.0537972,40,1.733763
atlantico_cartago,9.9344104,-84.0536339,41,1.752393
atlantico_cartago,9.9341796,-84.0528887,42,1.837953
atlantico_cartago,9.9340346,-84.05241899,44,1.891867
atlantico_cartago,9.9340324,-84.0523175,45,1.902985
atlantico_cartago,9.9339859,-84.0521666,46,1.920303
atlantico_cartago,9.9336837,-84.051054,47,2.046712
atlantico_cartago,9.9334745,-84.0503073,48,2.131740
atlantico_cartago,9.9332674,-84.0495966,49,2.212917
atlantico_cartago,9.9332136,-84.0493276,50,2.242981
atlantico_cartago,9.9329369,-84.0481679,51,2.373674
atlantico_cartago,9.9328589,-84.0477108,52,2.424485
atlantico_cartago,9.9327561,-84.0469136,53,2.512546
atlantico_cartago,9.9327383,-84.0467622,54,2.529246
atlantico_cartago,9.9326892,-84.045777,55,2.637291
atlantico_cartago,9.9326469,-84.0450655,56,2.715362
atlantico_cartago,9.9326429,-84.0448899,57,2.734601
atlantico_cartago,9.932641,-84.0448184,58,2.742435
atlantico_cartago,9.9326307,-84.0444387,59,2.784039
atlantico_cartago,9.9326027,-84.0439976,60,2.832452
atlantico_cartago,9.9325526,-84.0438187,61,2.852823
atlantico_cartago,9.9324705,-84.0435545,62,2.883166
atlantico_cartago,9.9323369,-84.043285,64,2.916211
atlantico_cartago,9.9321414,-84.0429751,65,2.956519
atlantico_cartago,9.9319024,-84.0426701,66,2.999206
atlantico_cartago,9.93169,-84.0424946,67,3.029658
atlantico_cartago,9.9312972,-84.0421986,68,3.084053
atlantico_cartago,9.9309168,-84.0419831,69,3.132491
atlantico_cartago,9.9304082,-84.0418368,70,3.191271
atlantico_cartago,9.9300262,-84.0417014,71,3.236262
atlantico_cartago,9.9276345,-84.0394379,72,3.599843
atlantico_cartago,9.9273253,-84.0391439,73,3.646950
atlantico_cartago,9.9252818,-84.0371297,74,3.963657
atlantico_cartago,9.9234597,-84.0353344,76,4.246001
atlantico_cartago,9.9231428,-84.0350499,77,4.293040
atlantico_cartago,9.9229399,-84.034867,78,4.323212
atlantico_cartago,9.9228788,-84.0348031,79,4.332967
atlantico_cartago,9.9221199,-84.0340096,80,4.454107
atlantico_cartago,9.921769,-84.0336197,81,4.511954
atlantico_cartago,9.9215253,-84.0331908,82,4.566187
atlantico_cartago,9.921466,-84.0328431,83,4.604838
atlantico_cartago,9.9214558,-84.0323249,84,4.661609
atlantico_cartago,9.9214568,-84.0316943,85,4.730680
atlantico_cartago,9.9214384,-84.0314327,86,4.759406
atlantico_cartago,9.9213888,-84.0311536,87,4.790470
atlantico_cartago,9.9212086,-84.030715,88,4.842522
atlantico_cartago,9.9208873,-84.0301829,89,4.910883
atlantico_cartago,9.9200446,-84.0287662,90,5.092155
atlantico_cartago,9.9197579,-84.0282919,91,5.153108
atlantico_cartago,9.919603,-84.0279349,92,5.195836
atlantico_cartago,9.9195202,-84.0275707,93,5.236777
atlantico_cartago,9.9195248,-84.0272484,94,5.272083
atlantico_cartago,9.91958,-84.0268235,95,5.319026
atlantico_cartago,9.9197364,-84.0259735,96,5.413739
atlantico_cartago,9.9198192,-84.0255766,97,5.458177
atlantico_cartago,9.9198192,-84.0251423,98,5.505747
atlantico_cartago,9.9197594,-84.0247733,99,5.546708
atlantico_cartago,9.9196352,-84.0244604,100,5.583659
atlantico_cartago,9.9193069,-84.0238997,101,5.655104
atlantico_cartago,9.9192772,-84.0238499,102,5.661480
atlantico_cartago,9.9190639,-84.023492,104,5.707299
atlantico_cartago,9.9186834,-84.0228107,105,5.793083
atlantico_cartago,9.9185538,-84.0223466,106,5.845920
atlantico_cartago,9.918427,-84.0220547,107,5.880864
atlantico_cartago,9.9182072,-84.0216427,108,5.932185
atlantico_cartago,9.9177337,-84.0210848,109,6.012847
atlantico_cartago,9.9174936,-84.0208473,110,6.050123
atlantico_cartago,9.9170742,-84.0204325,111,6.115232
atlantico_cartago,9.9168629,-84.0200463,112,6.163621
atlantico_cartago,9.9167783,-84.019497,113,6.224518
atlantico_cartago,9.9168544,-84.0190678,114,6.272286
atlantico_cartago,9.9169981,-84.0185958,115,6.326398
atlantico_cartago,9.917013,-84.0184234,116,6.345355
atlantico_cartago,9.9170051,-84.0182617,117,6.363088
atlantico_cartago,9.9169802,-84.0181155,118,6.379339
atlantico_cartago,9.9169387,-84.017991,119,6.393736
atlantico_cartago,9.9168377,-84.0177986,120,6.417616
atlantico_cartago,9.9166796,-84.0175785,121,6.447453
atlantico_cartago,9.9165551,-84.017423,122,6.469402
atlantico_cartago,9.9164094,-84.0172445,123,6.494794
atlantico_cartago,9.9160715,-84.0168981,124,6.548192
atlantico_cartago,9.9156664,-84.0165045,125,6.610544
atlantico_cartago,9.9155505,-84.016374,126,6.629790
atlantico_cartago,9.9151089,-84.0158445,127,6.705783
atlantico_cartago,9.9150049,-84.0156556,128,6.729486
atlantico_cartago,9.9148455,-84.0151757,129,6.784960
atlantico_cartago,9.9147936,-84.0147246,130,6.834706
atlantico_cartago,9.9148337,-84.0141068,131,6.902523
atlantico_cartago,9.9148197,-84.0138516,132,6.930520
atlantico_cartago,9.9147876,-84.0136411,133,6.953851
atlantico_cartago,9.9147103,-84.0133958,134,6.982061
atlantico_cartago,9.914611,-84.0131525,135,7.010908
atlantico_cartago,9.9144665,-84.0129186,136,7.041150
atlantico_cartago,9.9142739,-84.0127051,137,7.072860
atlantico_cartago,9.9136077,-84.0121654,138,7.167635
atlantico_cartago,9.9132405,-84.0118843,139,7.218773
atlantico_cartago,9.9128539,-84.0115461,140,7.275521
atlantico_cartago,9.9124494,-84.0110083,141,7.349637
atlantico_cartago,9.9116124,-84.0098582,142,7.506264
atlantico_cartago,9.9108768,-84.0088368,143,7.644855
atlantico_cartago,9.9106631,-84.0085133,144,7.687520
atlantico_cartago,9.9104576,-84.0081755,145,7.731008
atlantico_cartago,9.9103313,-84.007886,146,7.765689
atlantico_cartago,9.9102602,-84.0075614,147,7.802113
atlantico_cartago,9.9102187,-84.0071593,148,7.846398
atlantico_cartago,9.9102115,-84.0068953,149,7.875327
atlantico_cartago,9.9102227,-84.0066221,150,7.905278
atlantico_cartago,9.9102815,-84.0063048,151,7.940643
atlantico_cartago,9.9104173,-84.0059506,152,7.982276
atlantico_cartago,9.9105714,-84.005587,153,8.025633
atlantico_cartago,9.9110028,-84.0046627,154,8.137666
atlantico_cartago,9.911135,-84.004366,155,8.173335
atlantico_cartago,9.9112194,-84.0040823,156,8.205796
atlantico_cartago,9.9112602,-84.0038849,157,8.227889
atlantico_cartago,9.9113324,-84.0030914,158,8.315176
atlantico_cartago,9.9113672,-84.0017472,159,8.462464
atlantico_cartago,9.911494,-84.0005026,160,8.599519
atlantico_cartago,9.9118914,-83.9995413,161,8.713711
atlantico_cartago,9.9120351,-83.9990435,162,8.770531
atlantico_cartago,9.9120605,-83.998314,163,8.850487
atlantico_cartago,9.9118745,-83.9977217,164,8.918581
atlantico_cartago,9.9114433,-83.9962283,165,9.089043
atlantico_cartago,9.9114421,-83.9960366,166,9.110042
atlantico_cartago,9.9114348,-83.9949236,167,9.231957
atlantico_cartago,9.9115194,-83.9930611,168,9.436184
atlantico_cartago,9.9114517,-83.9926921,169,9.477297
atlantico_cartago,9.9112657,-83.9923573,170,9.519400
atlantico_cartago,9.9106908,-83.9914389,171,9.638590
atlantico_cartago,9.9104033,-83.9907008,172,9.725529
atlantico_cartago,9.9103103,-83.9901085,173,9.791226
atlantico_cartago,9.9101835,-83.9894734,174,9.862207
atlantico_cartago,9.9102375,-83.9886537,175,9.952194
atlantico_cartago,9.9102818,-83.9881061,176,10.012378
atlantico_cartago,9.910283,-83.9880941,177,10.013699
atlantico_cartago,9.9103088,-83.9878401,178,10.041668
atlantico_cartago,9.9103557,-83.9875411,179,10.074832
atlantico_cartago,9.9104425,-83.9872009,180,10.113326
atlantico_cartago,9.9105077,-83.9869691,181,10.139731
atlantico_cartago,9.9105739,-83.9868888,182,10.151201
atlantico_cartago,9.9105927,-83.9867094,183,10.170962
atlantico_cartago,9.9107363,-83.986272,185,10.221464
atlantico_cartago,9.9110254,-83.9856559,186,10.296214
atlantico_cartago,9.9112132,-83.9853218,187,10.338349
atlantico_cartago,9.911424,-83.9850303,188,10.377958
atlantico_cartago,9.9116173,-83.9847465,189,10.415752
atlantico_cartago,9.9117494,-83.9845856,190,10.438695
atlantico_cartago,9.9120629,-83.9841412,191,10.498567
atlantico_cartago,9.9121112,-83.984048,192,10.510102
atlantico_cartago,9.9121579,-83.9839577,193,10.521273
atlantico_cartago,9.9123817,-83.9834759,194,10.579620
atlantico_cartago,9.9125147,-83.9830433,195,10.629259
atlantico_cartago,9.9125593,-83.982667,196,10.670775
atlantico_cartago,9.9126608,-83.9818516,197,10.760800
atlantico_cartago,9.9126733,-83.981799,198,10.766727
atlantico_cartago,9.9128358,-83.9811159,199,10.843701
atlantico_cartago,9.9129918,-83.9807244,200,10.889959
atlantico_cartago,9.9131404,-83.9804895,201,10.920538
atlantico_cartago,9.9135416,-83.9800144,202,10.989082
atlantico_cartago,9.9138555,-83.9794913,203,11.056174
atlantico_cartago,9.9142724,-83.9784779,204,11.176467
atlantico_cartago,9.9144615,-83.9780471,205,11.228127
atlantico_cartago,9.9145547,-83.9778348,206,11.253586
atlantico_cartago,9.9146124,-83.97765,207,11.274821
atlantico_cartago,9.9146264,-83.9776051,208,11.279979
atlantico_cartago,9.9147745,-83.9771309,209,11.334469
atlantico_cartago,9.914775,-83.9769586,210,11.353341
atlantico_cartago,9.9147533,-83.9763347,211,11.421722
atlantico_cartago,9.9145129,-83.9752925,212,11.538967
atlantico_cartago,9.9143552,-83.9745486,213,11.622315
atlantico_cartago,9.9143314,-83.9743913,214,11.639747
atlantico_cartago,9.9141742,-83.9738265,215,11.704034
atlantico_cartago,9.9139882,-83.9733372,216,11.761481
atlantico_cartago,9.9134668,-83.972519,217,11.868221
atlantico_cartago,9.9132949,-83.9723158,218,11.897559
atlantico_cartago,9.9129567,-83.9718867,219,11.957754
atlantico_cartago,9.9126354,-83.9714833,220,12.014577
atlantico_cartago,9.9120098,-83.9704276,221,12.149524
atlantico_cartago,9.9119313,-83.9700454,222,12.192289
atlantico_cartago,9.911917,-83.9698783,223,12.210661
atlantico_cartago,9.9118892,-83.9695849,224,12.242947
atlantico_cartago,9.9118917,-83.9690973,225,12.296357
atlantico_cartago,9.9119486,-83.9680997,226,12.405812
atlantico_cartago,9.9114408,-83.9664944,227,12.590493
atlantico_cartago,9.9111746,-83.9653884,228,12.715203
atlantico_cartago,9.9109849,-83.9647914,229,12.783913
atlantico_cartago,9.9105146,-83.9643164,230,12.857682
atlantico_cartago,9.9099355,-83.9636878,231,12.951955
atlantico_cartago,9.9095014,-83.962974,232,13.043841
atlantico_cartago,9.9093618,-83.9627998,233,13.068439
atlantico_cartago,9.9089043,-83.9622286,234,13.149077
atlantico_cartago,9.9084646,-83.9614304,235,13.249251
atlantico_cartago,9.9079742,-83.9602888,236,13.385671
atlantico_cartago,9.9075111,-83.9591067,237,13.525017
atlantico_cartago,9.9072681,-83.9585498,238,13.591735
atlantico_cartago,9.9068461,-83.9580941,239,13.660244
atlantico_cartago,9.9064042,-83.9577942,240,13.719350
atlantico_cartago,9.9060192,-83.9576818,241,13.763896
atlantico_cartago,9.9056104,-83.9575944,242,13.810349
atlantico_cartago,9.9051114,-83.957465,243,13.867618
atlantico_cartago,9.9044655,-83.9570587,244,13.952110
atlantico_cartago,9.9039804,-83.9565592,245,14.028942
atlantico_cartago,9.9036005,-83.955898,246,14.112788
atlantico_cartago,9.9033441,-83.9552775,247,14.186493
atlantico_cartago,9.9031789,-83.9547239,248,14.249855
atlantico_cartago,9.9029618,-83.9543334,249,14.298971
atlantico_cartago,9.9029474,-83.9543088,250,14.302106
atlantico_cartago,9.9024239,-83.9535909,251,14.399944
atlantico_cartago,9.9020322,-83.9528499,252,14.492060
atlantico_cartago,9.9018802,-83.9523534,253,14.549011
atlantico_cartago,9.9018114,-83.9518453,254,14.605191
atlantico_cartago,9.9017796,-83.9509529,255,14.703007
atlantico_cartago,9.9017055,-83.9497632,256,14.833586
atlantico_cartago,9.901658,-83.9491052,257,14.905855
atlantico_cartago,9.9016539,-83.9490483,258,14.912105
atlantico_cartago,9.9015634,-83.9477961,259,15.049638
atlantico_cartago,9.9015032,-83.9475375,260,15.078744
atlantico_cartago,9.9013584,-83.9470426,261,15.135296
atlantico_cartago,9.9012105,-83.9466939,262,15.176882
atlantico_cartago,9.9008723,-83.9462272,263,15.240346
atlantico_cartago,9.9005552,-83.9458624,264,15.293638
atlantico_cartago,9.9002804,-83.9455942,265,15.336026
atlantico_cartago,9.9000109,-83.9454118,266,15.372043
atlantico_cartago,9.8994296,-83.9451382,267,15.443291
atlantico_cartago,9.8985946,-83.9446125,268,15.552546
atlantico_cartago,9.8979552,-83.9441941,269,15.637136
atlantico_cartago,9.8975684,-83.9439441,270,15.688124
atlantico_cartago,9.8973096,-83.9437981,271,15.721047
atlantico_cartago,9.8970969,-83.9437001,272,15.747020
atlantico_cartago,9.8966975,-83.9435396,273,15.794785
atlantico_cartago,9.8961998,-83.9432944,274,15.856300
atlantico_cartago,9.8956771,-83.9430999,275,15.918204
atlantico_cartago,9.895297,-83.9429549,276,15.963355
atlantico_cartago,9.8950159,-83.9428336,277,15.997319
atlantico_cartago,9.8944673,-83.9424238,278,16.073057
atlantico_cartago,9.894144,-83.9421506,279,16.119833
atlantico_cartago,9.893458,-83.9415709,280,16.219085
atlantico_cartago,9.8931673,-83.9413509,281,16.259404
atlantico_cartago,9.8927023,-83.9409861,282,16.324752
atlantico_cartago,9.8923058,-83.9405906,283,16.386564
atlantico_cartago,9.8919984,-83.9401783,284,16.443205
atlantico_cartago,9.8917563,-83.9397899,285,16.493552
atlantico_cartago,9.8916136,-83.9395109,286,16.527988
atlantico_cartago,9.8915079,-83.9392051,287,16.563488
atlantico_cartago,9.8914234,-83.9388618,288,16.602250
atlantico_cartago,9.8913917,-83.938658,289,16.624851
atlantico_cartago,9.8913864,-83.9384219,290,16.650721
atlantico_cartago,9.8914181,-83.9381323,291,16.682639
atlantico_cartago,9.891434,-83.9379767,292,16.699775
atlantico_cartago,9.8914974,-83.9377836,293,16.722072
atlantico_cartago,9.8915185,-83.9376709,294,16.734638
atlantico_cartago,9.8915449,-83.9375529,295,16.747893
atlantico_cartago,9.8915766,-83.9374027,296,16.764720
atlantico_cartago,9.8916242,-83.9372525,297,16.782003
atlantico_cartago,9.8916823,-83.937113,298,16.798594
atlantico_cartago,9.8917193,-83.936936,299,16.818415
atlantico_cartago,9.8917827,-83.9367643,300,16.838501
atlantico_cartago,9.8918409,-83.9365498,301,16.862872
atlantico_cartago,9.891862,-83.9363781,302,16.881827
atlantico_cartago,9.891899,-83.9362064,303,16.901080
atlantico_cartago,9.8919307,-83.9360509,304,16.918474
atlantico_cartago,9.8919466,-83.935965,305,16.928049
atlantico_cartago,9.8919783,-83.9357719,306,16.949493
atlantico_cartago,9.8919941,-83.9355949,307,16.968961
atlantico_cartago,9.8919888,-83.9354501,308,16.984834
atlantico_cartago,9.8919149,-83.935273,309,17.005902
atlantico_cartago,9.8918567,-83.9351604,310,17.019831
atlantico_cartago,9.8917193,-83.9349994,311,17.043165
atlantico_cartago,9.8916612,-83.9348975,312,17.056062
atlantico_cartago,9.8915291,-83.9347902,313,17.074875
atlantico_cartago,9.8914128,-83.9347259,314,17.089600
atlantico_cartago,9.8912913,-83.9346668,315,17.104582
atlantico_cartago,9.8911644,-83.9346186,316,17.119648
atlantico_cartago,9.8910376,-83.934581,317,17.134336
atlantico_cartago,9.8908421,-83.9345649,318,17.156146
atlantico_cartago,9.8906994,-83.9345488,319,17.172112
atlantico_cartago,9.8905461,-83.9345435,320,17.189168
atlantico_cartago,9.8904352,-83.9345381,321,17.201513
atlantico_cartago,9.890265,-83.9345027,322,17.220832
atlantico_cartago,9.8899965,-83.9343128,323,17.257220
atlantico_cartago,9.889801,-83.9339748,324,17.300156
atlantico_cartago,9.8895209,-83.9333365,325,17.376700
atlantico_cartago,9.8893888,-83.9329502,326,17.421493
atlantico_cartago,9.8893945,-83.9328047,327,17.437444
atlantico_cartago,9.8893993,-83.932682,328,17.450895
atlantico_cartago,9.8894205,-83.9325908,329,17.461160
atlantico_cartago,9.8894469,-83.932226,330,17.501229
atlantico_cartago,9.8894839,-83.9318183,331,17.546079
atlantico_cartago,9.8894628,-83.9314053,332,17.591381
atlantico_cartago,9.889387,-83.9311103,333,17.624777
atlantico_cartago,9.889299,-83.9309283,334,17.646985
atlantico_cartago,9.8891048,-83.9305095,335,17.697690
atlantico_cartago,9.8888604,-83.9301827,336,17.742635
atlantico_cartago,9.8886768,-83.9300258,337,17.769322
atlantico_cartago,9.888501,-83.9299037,338,17.793008
atlantico_cartago,9.8879441,-83.9296118,339,17.862701
atlantico_cartago,9.8877453,-83.9296033,340,17.884826
atlantico_cartago,9.8873912,-83.9295734,341,17.924336
atlantico_cartago,9.887249,-83.9295706,342,17.940151
atlantico_cartago,9.8870637,-83.9295621,343,17.960776
atlantico_cartago,9.8868363,-83.9295497,344,17.986099
atlantico_cartago,9.8865816,-83.9295496,345,18.014420
atlantico_cartago,9.8855684,-83.9296,346,18.127218
atlantico_cartago,9.8837919,-83.92972,347,18.325193
atlantico_cartago,9.8836708,-83.929717,348,18.338662
atlantico_cartago,9.8834857,-83.929716,349,18.359245
atlantico_cartago,9.8826772,-83.9297803,350,18.449421
atlantico_cartago,9.8819637,-83.9298233,351,18.528899
atlantico_cartago,9.880995,-83.9298731,352,18.636751
atlantico_cartago,9.8789573,-83.929986,353,18.863670
atlantico_cartago,9.8786728,-83.9300082,354,18.895399
atlantico_cartago,9.8784703,-83.9300243,355,18.917985
atlantico_cartago,9.8780054,-83.9300003,356,18.969746
atlantico_cartago,9.8774663,-83.929952,357,19.029924
atlantico_cartago,9.87721,-83.9298844,358,19.059370
atlantico_cartago,9.8770594,-83.9298447,359,19.076671
atlantico_cartago,9.8766736,-83.9297052,360,19.122211
atlantico_cartago,9.8763641,-83.9295485,361,19.160669
atlantico_cartago,9.8752853,-83.9289284,362,19.298525
atlantico_cartago,9.8747936,-83.9286388,363,19.361737
atlantico_cartago,9.8743219,-83.928316,364,19.424995
atlantico_cartago,9.8742333,-83.9282554,365,19.436875
atlantico_cartago,9.8738334,-83.9280007,366,19.489371
atlantico_cartago,9.8729091,-83.9273636,367,19.613606
atlantico_cartago,9.8725519,-83.9271173,368,19.661622
atlantico_cartago,9.8719095,-83.9267115,369,19.745757
atlantico_cartago,9.8714963,-83.9264436,370,19.800276
atlantico_cartago,9.8699221,-83.925582,371,19.999146
atlantico_cartago,9.869811,-83.925541,372,20.012291
atlantico_cartago,9.8694095,-83.9253652,373,20.060912
atlantico_cartago,9.8691459,-83.9251884,374,20.096044
atlantico_cartago,9.8689621,-83.9250333,375,20.122622
atlantico_cartago,9.8688608,-83.9249491,376,20.137181
atlantico_cartago,9.8687844,-83.9248787,377,20.148655
atlantico_cartago,9.8685145,-83.9246135,378,20.190425
atlantico_cartago,9.8680098,-83.9241643,379,20.265065
atlantico_cartago,9.8672316,-83.9234268,380,20.383451
atlantico_cartago,9.8669703,-83.9231486,381,20.425558
atlantico_cartago,9.8669114,-83.9230906,382,20.434684
atlantico_cartago,9.8668837,-83.9230633,383,20.438977
atlantico_cartago,9.8668423,-83.9230201,384,20.445579
atlantico_cartago,9.866821,-83.9229808,385,20.450493
atlantico_cartago,9.8668046,-83.9229519,386,20.454146
atlantico_cartago,9.8667925,-83.9229151,387,20.458396
atlantico_cartago,9.8667357,-83.9226176,388,20.491594
atlantico_cartago,9.8666338,-83.9221821,389,20.540630
atlantico_cartago,9.8665187,-83.9221963,390,20.553523
atlantico_cartago,9.8666535,-83.9220109,391,20.578766
cartago_atlantico,9.8666535,-83.9220109,0,0
cartago_atlantico,9.8665187,-83.9221963,1,0.025243
cartago_atlantico,9.8666338,-83.9221821,2,0.038135
cartago_atlantico,9.8667357,-83.9226176,3,0.087172
cartago_atlantico,9.8667925,-83.9229151,4,0.120369
cartago_atlantico,9.8668046,-83.9229519,5,0.124619
cartago_atlantico,9.866821,-83.9229808,6,0.128273
cartago_atlantico,9.8668423,-83.9230201,7,0.133187
cartago_atlantico,9.8668837,-83.9230633,8,0.139789
cartago_atlantico,9.8669114,-83.9230906,9,0.144082
cartago_atlantico,9.8669703,-83.9231486,10,0.153207
cartago_atlantico,9.8672316,-83.9234268,11,0.195315
cartago_atlantico,9.8680098,-83.9241643,12,0.313701
cartago_atlantico,9.8685145,-83.9246135,13,0.388340
cartago_atlantico,9.8687844,-83.9248787,14,0.430110
cartago_atlantico,9.8688608,-83.9249491,15,0.441584
cartago_atlantico,9.8689621,-83.9250333,16,0.456143
cartago_atlantico,9.8691459,-83.9251884,17,0.482721
cartago_atlantico,9.8694095,-83.9253652,18,0.517853
cartago_atlantico,9.869811,-83.925541,19,0.566475
cartago_atlantico,9.8699221,-83.925582,20,0.579620
cartago_atlantico,9.8714963,-83.9264436,21,0.778489
cartago_atlantico,9.8719095,-83.9267115,22,0.833008
cartago_atlantico,9.8725519,-83.9271173,23,0.917143
cartago_atlantico,9.8729091,-83.9273636,24,0.965160
cartago_atlantico,9.8738334,-83.9280007,25,1.089395
cartago_atlantico,9.8742333,-83.9282554,26,1.141891
cartago_atlantico,9.8743219,-83.928316,27,1.153770
cartago_atlantico,9.8747936,-83.9286388,28,1.217028
cartago_atlantico,9.8752853,-83.9289284,29,1.280240
cartago_atlantico,9.8763641,-83.9295485,30,1.418096
cartago_atlantico,9.8766736,-83.9297052,31,1.456555
cartago_atlantico,9.8770594,-83.9298447,32,1.502094
cartago_atlantico,9.87721,-83.9298844,33,1.519396
cartago_atlantico,9.8774663,-83.929952,34,1.548841
cartago_atlantico,9.8780054,-83.9300003,35,1.609020
cartago_atlantico,9.8784703,-83.9300243,36,1.660781
cartago_atlantico,9.8786728,-83.9300082,37,1.683367
cartago_atlantico,9.8789573,-83.929986,38,1.715095
cartago_atlantico,9.880995,-83.9298731,39,1.942014
cartago_atlantico,9.8819637,-83.9298233,40,2.049867
cartago_atlantico,9.8826772,-83.9297803,41,2.129344
cartago_atlantico,9.8834857,-83.929716,42,2.219521
cartago_atlantico,9.8836708,-83.929717,43,2.240103
cartago_atlantico,9.8837919,-83.92972,44,2.253573
cartago_atlantico,9.8855684,-83.9296,45,2.451548
cartago_atlantico,9.8865816,-83.9295496,46,2.564346
cartago_atlantico,9.8868363,-83.9295497,47,2.592667
cartago_atlantico,9.8870637,-83.9295621,48,2.617989
cartago_atlantico,9.887249,-83.9295706,49,2.638615
cartago_atlantico,9.8873912,-83.9295734,50,2.654429
cartago_atlantico,9.8877453,-83.9296033,51,2.693940
cartago_atlantico,9.8879441,-83.9296118,52,2.716065
cartago_atlantico,9.888501,-83.9299037,53,2.785757
cartago_atlantico,9.8886768,-83.9300258,54,2.809443
cartago_atlantico,9.8888604,-83.9301827,55,2.836130
cartago_atlantico,9.8891048,-83.9305095,56,2.881076
cartago_atlantico,9.889299,-83.9309283,57,2.931780
cartago_atlantico,9.889387,-83.9311103,58,2.953989
cartago_atlantico,9.8894628,-83.9314053,59,2.987385
cartago_atlantico,9.8894839,-83.9318183,60,3.032687
cartago_atlantico,9.8894469,-83.932226,61,3.077537
cartago_atlantico,9.8894205,-83.9325908,62,3.117605
cartago_atlantico,9.8893993,-83.932682,63,3.127870
cartago_atlantico,9.8893945,-83.9328047,64,3.141322
cartago_atlantico,9.8893888,-83.9329502,65,3.157273
cartago_atlantico,9.8895209,-83.9333365,66,3.202066
cartago_atlantico,9.889801,-83.9339748,67,3.278610
cartago_atlantico,9.8899965,-83.9343128,68,3.321545
cartago_atlantico,9.890265,-83.9345027,69,3.357934
cartago_atlantico,9.8904352,-83.9345381,70,3.377252
cartago_atlantico,9.8905461,-83.9345435,71,3.389598
cartago_atlantico,9.8906994,-83.9345488,72,3.406654
cartago_atlantico,9.8908421,-83.9345649,73,3.422619
cartago_atlantico,9.8910376,-83.934581,74,3.444429
cartago_atlantico,9.8911644,-83.9346186,75,3.459118
cartago_atlantico,9.8912913,-83.9346668,76,3.474184
cartago_atlantico,9.8914128,-83.9347259,77,3.489165
cartago_atlantico,9.8915291,-83.9347902,78,3.503891
cartago_atlantico,9.8916612,-83.9348975,79,3.522704
cartago_atlantico,9.8917193,-83.9349994,80,3.535601
cartago_atlantico,9.8918567,-83.9351604,81,3.558934
cartago_atlantico,9.8919149,-83.935273,82,3.572863
cartago_atlantico,9.8919888,-83.9354501,83,3.593932
cartago_atlantico,9.8919941,-83.9355949,84,3.609804
cartago_atlantico,9.8919783,-83.9357719,85,3.629273
cartago_atlantico,9.8919466,-83.935965,86,3.650717
cartago_atlantico,9.8919307,-83.9360509,87,3.660291
cartago_atlantico,9.891899,-83.9362064,88,3.677686
cartago_atlantico,9.891862,-83.9363781,89,3.696939
cartago_atlantico,9.8918409,-83.9365498,90,3.715893
cartago_atlantico,9.8917827,-83.9367643,91,3.740265
cartago_atlantico,9.8917193,-83.936936,92,3.760351
cartago_atlantico,9.8916823,-83.937113,93,3.780172
cartago_atlantico,9.8916242,-83.9372525,94,3.796762
cartago_atlantico,9.8915766,-83.9374027,95,3.814046
cartago_atlantico,9.8915449,-83.9375529,96,3.830872
cartago_atlantico,9.8915185,-83.9376709,97,3.844127
cartago_atlantico,9.8914974,-83.9377836,98,3.856694
cartago_atlantico,9.891434,-83.9379767,99,3.878990
cartago_atlantico,9.8914181,-83.9381323,100,3.896126
cartago_atlantico,9.8913864,-83.9384219,101,3.928045
cartago_atlantico,9.8913917,-83.938658,102,3.953915
cartago_atlantico,9.8914234,-83.9388618,103,3.976516
cartago_atlantico,9.8915079,-83.9392051,104,4.015278
cartago_atlantico,9.8916136,-83.9395109,105,4.050778
cartago_atlantico,9.8917563,-83.9397899,106,4.085213
cartago_atlantico,9.8919984,-83.9401783,107,4.135561
cartago_atlantico,9.8923058,-83.9405906,108,4.192202
cartago_atlantico,9.8927023,-83.9409861,109,4.254014
cartago_atlantico,9.8931673,-83.9413509,110,4.319362
cartago_atlantico,9.893458,-83.9415709,111,4.359681
cartago_atlantico,9.894144,-83.9421506,112,4.458933
cartago_atlantico,9.8944673,-83.9424238,113,4.505708
cartago_atlantico,9.8950159,-83.9428336,114,4.581447
cartago_atlantico,9.895297,-83.9429549,115,4.615411
cartago_atlantico,9.8956771,-83.9430999,116,4.660562
cartago_atlantico,9.8961998,-83.9432944,117,4.722465
cartago_atlantico,9.8966975,-83.9435396,118,4.783981
cartago_atlantico,9.8970969,-83.9437001,119,4.831745
cartago_atlantico,9.8973096,-83.9437981,120,4.857719
cartago_atlantico,9.8975684,-83.9439441,121,4.890641
cartago_atlantico,9.8979552,-83.9441941,122,4.941630
cartago_atlantico,9.8985946,-83.9446125,123,5.026220
cartago_atlantico,9.8994296,-83.9451382,124,5.135475
cartago_atlantico,9.9000109,-83.9454118,125,5.206722
cartago_atlantico,9.9002804,-83.9455942,126,5.242739
cartago_atlantico,9.9005552,-83.9458624,127,5.285128
cartago_atlantico,9.9008723,-83.9462272,128,5.338420
cartago_atlantico,9.9012105,-83.9466939,129,5.401884
cartago_atlantico,9.9013584,-83.9470426,130,5.443470
cartago_atlantico,9.9015032,-83.9475375,131,5.500021
cartago_atlantico,9.9015634,-83.9477961,132,5.529128
cartago_atlantico,9.9016539,-83.9490483,133,5.666661
cartago_atlantico,9.901658,-83.9491052,134,5.672910
cartago_atlantico,9.9017055,-83.9497632,135,5.745180
cartago_atlantico,9.9017796,-83.9509529,136,5.875758
cartago_atlantico,9.9018114,-83.9518453,137,5.973574
cartago_atlantico,9.9018802,-83.9523534,138,6.029754
cartago_atlantico,9.9020322,-83.9528499,139,6.086706
cartago_atlantico,9.9024239,-83.9535909,140,6.178821
cartago_atlantico,9.9029474,-83.9543088,141,6.276660
cartago_atlantico,9.9029618,-83.9543334,142,6.279794
cartago_atlantico,9.9031789,-83.9547239,143,6.328911
cartago_atlantico,9.9033441,-83.9552775,144,6.392272
cartago_atlantico,9.9036005,-83.955898,145,6.465978
cartago_atlantico,9.9039804,-83.9565592,146,6.549823
cartago_atlantico,9.9044655,-83.9570587,147,6.626656
cartago_atlantico,9.9051114,-83.957465,148,6.711148
cartago_atlantico,9.9056104,-83.9575944,149,6.768416
cartago_atlantico,9.9060192,-83.9576818,150,6.814870
cartago_atlantico,9.9064042,-83.9577942,151,6.859415
cartago_atlantico,9.9068461,-83.9580941,152,6.918522
cartago_atlantico,9.9072681,-83.9585498,153,6.987031
cartago_atlantico,9.9075111,-83.9591067,154,7.053748
cartago_atlantico,9.9079742,-83.9602888,155,7.193095
cartago_atlantico,9.9084646,-83.9614304,156,7.329514
cartago_atlantico,9.9089043,-83.9622286,157,7.429688
cartago_atlantico,9.9093618,-83.9627998,158,7.510327
cartago_atlantico,9.9095014,-83.962974,159,7.534924
cartago_atlantico,9.9099355,-83.9636878,160,7.626811
cartago_atlantico,9.9105146,-83.9643164,161,7.721084
cartago_atlantico,9.9109849,-83.9647914,162,7.794852
cartago_atlantico,9.9111746,-83.9653884,163,7.863563
cartago_atlantico,9.9114408,-83.9664944,164,7.988273
cartago_atlantico,9.9119486,-83.9680997,165,8.172953
cartago_atlantico,9.9118917,-83.9690973,166,8.282409
cartago_atlantico,9.9118892,-83.9695849,167,8.335819
cartago_atlantico,9.911917,-83.9698783,168,8.368105
cartago_atlantico,9.9119313,-83.9700454,169,8.386477
cartago_atlantico,9.9120098,-83.9704276,170,8.429242
cartago_atlantico,9.9126354,-83.9714833,171,8.564189
cartago_atlantico,9.9129567,-83.9718867,172,8.621012
cartago_atlantico,9.9132949,-83.9723158,173,8.681206
cartago_atlantico,9.9134668,-83.972519,174,8.710545
cartago_atlantico,9.9139882,-83.9733372,175,8.817284
cartago_atlantico,9.9141742,-83.9738265,176,8.874732
cartago_atlantico,9.9143314,-83.9743913,177,8.939019
cartago_atlantico,9.9143552,-83.9745486,178,8.956450
cartago_atlantico,9.9145129,-83.9752925,179,9.039799
cartago_atlantico,9.9147533,-83.9763347,180,9.157043
cartago_atlantico,9.914775,-83.9769586,181,9.225424
cartago_atlantico,9.9147745,-83.9771309,182,9.244297
cartago_atlantico,9.9146264,-83.9776051,183,9.298786
cartago_atlantico,9.9146124,-83.97765,184,9.303945
cartago_atlantico,9.9145547,-83.9778348,185,9.325179
cartago_atlantico,9.9144615,-83.9780471,186,9.350638
cartago_atlantico,9.9142724,-83.9784779,187,9.402298
cartago_atlantico,9.9138555,-83.9794913,188,9.522592
cartago_atlantico,9.9135416,-83.9800144,189,9.589683
cartago_atlantico,9.9131404,-83.9804895,190,9.658228
cartago_atlantico,9.9129918,-83.9807244,191,9.688806
cartago_atlantico,9.9128358,-83.9811159,192,9.735065
cartago_atlantico,9.9126733,-83.981799,193,9.812039
cartago_atlantico,9.9126608,-83.9818516,194,9.817966
cartago_atlantico,9.9125593,-83.982667,195,9.907991
cartago_atlantico,9.9125147,-83.9830433,196,9.949506
cartago_atlantico,9.9123817,-83.9834759,197,9.999145
cartago_atlantico,9.9121579,-83.9839577,198,10.057492
cartago_atlantico,9.9121112,-83.984048,199,10.068663
cartago_atlantico,9.9120629,-83.9841412,200,10.080199
cartago_atlantico,9.9117494,-83.9845856,201,10.140071
cartago_atlantico,9.9116173,-83.9847465,202,10.163014
cartago_atlantico,9.911424,-83.9850303,203,10.200807
cartago_atlantico,9.9112132,-83.9853218,204,10.240417
cartago_atlantico,9.9110254,-83.9856559,205,10.282551
cartago_atlantico,9.9107363,-83.986272,206,10.357302
cartago_atlantico,9.9105927,-83.9867094,207,10.407803
cartago_atlantico,9.9105739,-83.9868888,209,10.427565
cartago_atlantico,9.9105077,-83.9869691,210,10.439034
cartago_atlantico,9.9104425,-83.9872009,211,10.465440
cartago_atlantico,9.9103557,-83.9875411,212,10.503933
cartago_atlantico,9.9103088,-83.9878401,213,10.537097
cartago_atlantico,9.910283,-83.9880941,214,10.565067
cartago_atlantico,9.9102818,-83.9881061,215,10.566388
cartago_atlantico,9.9102375,-83.9886537,216,10.626572
cartago_atlantico,9.9101835,-83.9894734,217,10.716559
cartago_atlantico,9.9103103,-83.9901085,218,10.787539
cartago_atlantico,9.9104033,-83.9907008,219,10.853236
cartago_atlantico,9.9106908,-83.9914389,220,10.940175
cartago_atlantico,9.9112657,-83.9923573,221,11.059366
cartago_atlantico,9.9114517,-83.9926921,222,11.101468
cartago_atlantico,9.9115194,-83.9930611,223,11.142582
cartago_atlantico,9.9114348,-83.9949236,224,11.346808
cartago_atlantico,9.9114421,-83.9960366,225,11.468724
cartago_atlantico,9.9114433,-83.9962283,226,11.489722
cartago_atlantico,9.9118745,-83.9977217,227,11.660184
cartago_atlantico,9.9120605,-83.998314,228,11.728279
cartago_atlantico,9.9120351,-83.9990435,229,11.808235
cartago_atlantico,9.9118914,-83.9995413,230,11.865054
cartago_atlantico,9.911494,-84.0005026,231,11.979247
cartago_atlantico,9.9113672,-84.0017472,232,12.116302
cartago_atlantico,9.9113324,-84.0030914,233,12.263590
cartago_atlantico,9.9112602,-84.0038849,234,12.350876
cartago_atlantico,9.9112194,-84.0040823,235,12.372969
cartago_atlantico,9.911135,-84.004366,236,12.405431
cartago_atlantico,9.9110028,-84.0046627,237,12.441100
cartago_atlantico,9.9105714,-84.005587,238,12.553133
cartago_atlantico,9.9104173,-84.0059506,239,12.596490
cartago_atlantico,9.9102815,-84.0063048,240,12.638122
cartago_atlantico,9.9102227,-84.0066221,241,12.673488
cartago_atlantico,9.9102115,-84.0068953,242,12.703439
cartago_atlantico,9.9102187,-84.0071593,243,12.732367
cartago_atlantico,9.9102602,-84.0075614,244,12.776653
cartago_atlantico,9.9103313,-84.007886,245,12.813076
cartago_atlantico,9.9104576,-84.0081755,246,12.847757
cartago_atlantico,9.9106631,-84.0085133,247,12.891246
cartago_atlantico,9.9108768,-84.0088368,248,12.933910
cartago_atlantico,9.9116124,-84.0098582,249,13.072501
cartago_atlantico,9.9124494,-84.0110083,250,13.229129
cartago_atlantico,9.9128539,-84.0115461,251,13.303245
cartago_atlantico,9.9132405,-84.0118843,252,13.359992
cartago_atlantico,9.9136077,-84.0121654,253,13.411131
cartago_atlantico,9.9142739,-84.0127051,254,13.505906
cartago_atlantico,9.9144665,-84.0129186,255,13.537616
cartago_atlantico,9.914611,-84.0131525,256,13.567858
cartago_atlantico,9.9147103,-84.0133958,257,13.596704
cartago_atlantico,9.9147876,-84.0136411,258,13.624914
cartago_atlantico,9.9148197,-84.0138516,259,13.648246
cartago_atlantico,9.9148337,-84.0141068,260,13.676242
cartago_atlantico,9.9147936,-84.0147246,261,13.744059
cartago_atlantico,9.9148455,-84.0151757,262,13.793806
cartago_atlantico,9.9150049,-84.0156556,263,13.849279
cartago_atlantico,9.9151089,-84.0158445,264,13.872983
cartago_atlantico,9.9155505,-84.016374,265,13.948976
cartago_atlantico,9.9156664,-84.0165045,266,13.968222
cartago_atlantico,9.9160715,-84.0168981,267,14.030574
cartago_atlantico,9.9164094,-84.0172445,268,14.083972
cartago_atlantico,9.9165551,-84.017423,269,14.109364
cartago_atlantico,9.9166796,-84.0175785,270,14.131312
cartago_atlantico,9.9168377,-84.0177986,271,14.161150
cartago_atlantico,9.9169387,-84.017991,272,14.185030
cartago_atlantico,9.9169802,-84.0181155,273,14.199426
cartago_atlantico,9.9170051,-84.0182617,274,14.215678
cartago_atlantico,9.917013,-84.0184234,275,14.233411
cartago_atlantico,9.9169981,-84.0185958,276,14.252367
cartago_atlantico,9.9168544,-84.0190678,277,14.306480
cartago_atlantico,9.9167783,-84.019497,278,14.354247
cartago_atlantico,9.9168629,-84.0200463,279,14.415145
cartago_atlantico,9.9170742,-84.0204325,280,14.463534
cartago_atlantico,9.9174936,-84.0208473,281,14.528642
cartago_atlantico,9.9177337,-84.0210848,282,14.565919
cartago_atlantico,9.9182072,-84.0216427,283,14.646581
cartago_atlantico,9.918427,-84.0220547,284,14.697902
cartago_atlantico,9.9185538,-84.0223466,285,14.732845
cartago_atlantico,9.9186834,-84.0228107,286,14.785682
cartago_atlantico,9.9190639,-84.023492,287,14.871467
cartago_atlantico,9.9192772,-84.0238499,288,14.917285
cartago_atlantico,9.9193069,-84.0238997,290,14.923662
cartago_atlantico,9.9196352,-84.0244604,291,14.995107
cartago_atlantico,9.9197594,-84.0247733,292,15.032058
cartago_atlantico,9.9198192,-84.0251423,293,15.073018
cartago_atlantico,9.9198192,-84.0255766,294,15.120588
cartago_atlantico,9.9197364,-84.0259735,295,15.165026
cartago_atlantico,9.91958,-84.0268235,296,15.259739
cartago_atlantico,9.9195248,-84.0272484,297,15.306683
cartago_atlantico,9.9195202,-84.0275707,298,15.341989
cartago_atlantico,9.919603,-84.0279349,299,15.382929
cartago_atlantico,9.9197579,-84.0282919,300,15.425658
cartago_atlantico,9.9200446,-84.0287662,301,15.486610
cartago_atlantico,9.9208873,-84.0301829,302,15.667882
cartago_atlantico,9.9212086,-84.030715,303,15.736243
cartago_atlantico,9.9213888,-84.0311536,304,15.788295
cartago_atlantico,9.9214384,-84.0314327,305,15.819359
cartago_atlantico,9.9214568,-84.0316943,306,15.848086
cartago_atlantico,9.9214558,-84.0323249,307,15.917157
cartago_atlantico,9.921466,-84.0328431,308,15.973928
cartago_atlantico,9.9215253,-84.0331908,309,16.012578
cartago_atlantico,9.921769,-84.0336197,310,16.066812
cartago_atlantico,9.9221199,-84.0340096,311,16.124659
cartago_atlantico,9.9228788,-84.0348031,312,16.245799
cartago_atlantico,9.9229399,-84.034867,313,16.255553
cartago_atlantico,9.9231428,-84.0350499,314,16.285725
cartago_atlantico,9.9234597,-84.0353344,315,16.332765
cartago_atlantico,9.9252818,-84.0371297,316,16.615108
cartago_atlantico,9.9273253,-84.0391439,318,16.931816
cartago_atlantico,9.9276345,-84.0394379,319,16.978922
cartago_atlantico,9.9300262,-84.0417014,320,17.342503
cartago_atlantico,9.9304082,-84.0418368,321,17.387494
cartago_atlantico,9.9309168,-84.0419831,322,17.446274
cartago_atlantico,9.9312972,-84.0421986,323,17.494713
cartago_atlantico,9.93169,-84.0424946,324,17.549108
cartago_atlantico,9.9319024,-84.0426701,325,17.579559
cartago_atlantico,9.9321414,-84.0429751,326,17.622247
cartago_atlantico,9.9323369,-84.043285,327,17.662554
cartago_atlantico,9.9324705,-84.0435545,328,17.695599
cartago_atlantico,9.9325526,-84.0438187,330,17.725943
cartago_atlantico,9.9326027,-84.0439976,331,17.746314
cartago_atlantico,9.9326307,-84.0444387,332,17.794727
cartago_atlantico,9.932641,-84.0448184,333,17.836331
cartago_atlantico,9.9326429,-84.0448899,334,17.844165
cartago_atlantico,9.9326469,-84.0450655,335,17.863403
cartago_atlantico,9.9326892,-84.045777,336,17.941474
cartago_atlantico,9.9327383,-84.0467622,337,18.049519
cartago_atlantico,9.9327561,-84.0469136,338,18.066220
cartago_atlantico,9.9328589,-84.0477108,339,18.154281
cartago_atlantico,9.9329369,-84.0481679,340,18.205092
cartago_atlantico,9.9332136,-84.0493276,341,18.335785
cartago_atlantico,9.9332674,-84.0495966,342,18.365849
cartago_atlantico,9.9334745,-84.0503073,343,18.447025
cartago_atlantico,9.9336837,-84.051054,344,18.532054
cartago_atlantico,9.9339859,-84.0521666,345,18.658463
cartago_atlantico,9.9340324,-84.0523175,346,18.675780
cartago_atlantico,9.9340346,-84.05241899,347,18.686899
cartago_atlantico,9.9341796,-84.0528887,348,18.740813
cartago_atlantico,9.9344104,-84.0536339,350,18.826372
cartago_atlantico,9.9344573,-84.0537972,351,18.845003
cartago_atlantico,9.9349123,-84.0553234,352,19.019653
cartago_atlantico,9.9349514,-84.0554471,353,19.033882
cartago_atlantico,9.9349716,-84.0555179,354,19.041955
cartago_atlantico,9.935085,-84.0559143,355,19.087166
cartago_atlantico,9.9351827,-84.056271,356,19.127716
cartago_atlantico,9.9352778,-84.0566251,357,19.167916
cartago_atlantico,9.9353809,-84.0570515,358,19.216005
cartago_atlantico,9.9354263,-84.0573417,359,19.248188
cartago_atlantico,9.9354447,-84.0576149,360,19.278181
cartago_atlantico,9.9354472,-84.0577088,361,19.288469
cartago_atlantico,9.935449,-84.0578346,362,19.302249
cartago_atlantico,9.9354493,-84.0578951,363,19.308876
cartago_atlantico,9.935424,-84.0582103,364,19.343513
cartago_atlantico,9.9353703,-84.0585294,365,19.378970
cartago_atlantico,9.934974,-84.0599349,366,19.539093
cartago_atlantico,9.9347494,-84.0607128,367,19.627880
cartago_atlantico,9.9346013,-84.0612067,368,19.684426
cartago_atlantico,9.9345539,-84.0613648,369,19.702527
cartago_atlantico,9.9343135,-84.0621665,370,19.794314
cartago_atlantico,9.9339051,-84.0635476,371,19.952252
cartago_atlantico,9.93386,-84.0637196,372,19.971747
cartago_atlantico,9.9336919,-84.0643327,373,20.041452
cartago_atlantico,9.9335883,-84.0648111,374,20.095101
cartago_atlantico,9.9335683,-84.0649459,375,20.110032
cartago_atlantico,9.9335552,-84.0650526,376,20.121809
cartago_atlantico,9.9335423,-84.0653349,377,20.152762
cartago_atlantico,9.9335718,-84.0656888,378,20.191663
cartago_atlantico,9.9336275,-84.0661287,379,20.240241
cartago_atlantico,9.9336442,-84.066215,380,20.249873
cartago_atlantico,9.9336536,-84.0662543,381,20.254303
cartago_atlantico,9.9337832,-84.0666193,382,20.296799
cartago_atlantico,9.9340078,-84.0670711,383,20.352228
cartago_atlantico,9.9340801,-84.0672424,384,20.372640
cartago_atlantico,9.9341662,-84.0674254,385,20.394853
cartago_atlantico,9.9343165,-84.0677596,386,20.435092
cartago_atlantico,9.9343972,-84.067946,387,20.457393
cartago_atlantico,9.9347342,-84.0686116,388,20.539362
cartago_atlantico,9.9347298,-84.068614,389,20.539917
cartago_atlantico,9.9347849,-84.0687269,390,20.553717
cartago_atlantico,9.9348741,-84.0689369,391,20.578766
angeles_atlantico,9.8642123,-83.9110459,0,0
angeles_atlantico,9.8643349,-83.9114518,1,0.046510
angeles_atlantico,9.8644309,-83.9121174,2,0.120204
angeles_atlantico,9.8644716,-83.9123632,3,0.147509
angeles_atlantico,9.8645267,-83.9125853,4,0.172600
angeles_atlantico,9.8645746,-83.9126928,5,0.185525
angeles_atlantico,9.8646922,-83.9128804,6,0.209884
angeles_atlantico,9.8649913,-83.9132446,7,0.261827
angeles_atlantico,9.8652627,-83.9135677,8,0.308341
angeles_atlantico,9.8654386,-83.9138491,9,0.344850
angeles_atlantico,9.8655346,-83.9140254,10,0.366918
angeles_atlantico,9.8655617,-83.9140955,11,0.375167
angeles_atlantico,9.8655981,-83.9143687,12,0.405369
angeles_atlantico,9.8657058,-83.9151578,13,0.492641
angeles_atlantico,9.8658705,-83.916303,14,0.619428
angeles_atlantico,9.8660269,-83.9174207,15,0.743101
angeles_atlantico,9.8661524,-83.9182823,16,0.838516
angeles_atlantico,9.8662708,-83.9191502,17,0.934502
angeles_atlantico,9.866339,-83.9196759,18,0.992590
angeles_atlantico,9.866417,-83.9202666,19,1.057880
angeles_atlantico,9.866419,-83.9202814,20,1.059516
angeles_atlantico,9.8664981,-83.9208598,21,1.123488
angeles_atlantico,9.8665587,-83.9213116,22,1.173439
angeles_atlantico,9.8666152,-83.9217123,23,1.217783
angeles_atlantico,9.8664734,-83.9218706,24,1.241221
angeles_atlantico,9.8665885,-83.9218547,25,1.254138
angeles_atlantico,9.8666535,-83.9220109,26,1.272713
angeles_atlantico,9.8665187,-83.9221963,28,1.297956
angeles_atlantico,9.8666338,-83.9221821,29,1.310849
angeles_atlantico,9.8667357,-83.9226176,30,1.359885
angeles_atlantico,9.8667925,-83.9229151,31,1.393083
angeles_atlantico,9.8668046,-83.9229519,32,1.397333
angeles_atlantico,9.866821,-83.9229808,33,1.400986
angeles_atlantico,9.8668423,-83.9230201,34,1.405900
angeles_atlantico,9.8668837,-83.9230633,35,1.412502
angeles_atlantico,9.8669114,-83.9230906,36,1.416795
angeles_atlantico,9.8669703,-83.9231486,37,1.425921
angeles_atlantico,9.8672316,-83.9234268,38,1.468028
angeles_atlantico,9.8680098,-83.9241643,39,1.586414
angeles_atlantico,9.8685145,-83.9246135,40,1.661054
angeles_atlantico,9.8687844,-83.9248787,41,1.702824
angeles_atlantico,9.8688608,-83.9249491,42,1.714298
angeles_atlantico,9.8689621,-83.9250333,43,1.728857
angeles_atlantico,9.8691459,-83.9251884,44,1.755435
angeles_atlantico,9.8694095,-83.9253652,45,1.790567
angeles_atlantico,9.869811,-83.925541,46,1.839188
angeles_atlantico,9.8699221,-83.925582,47,1.852333
angeles_atlantico,9.8714963,-83.9264436,48,2.051203
angeles_atlantico,9.8719095,-83.9267115,49,2.105722
angeles_atlantico,9.8725519,-83.9271173,50,2.189857
angeles_atlantico,9.8729091,-83.9273636,51,2.237873
angeles_atlantico,9.8738334,-83.9280007,52,2.362108
angeles_atlantico,9.8742333,-83.9282554,53,2.414604
angeles_atlantico,9.8743219,-83.928316,54,2.426484
angeles_atlantico,9.8747936,-83.9286388,55,2.489742
angeles_atlantico,9.8752853,-83.9289284,56,2.552954
angeles_atlantico,9.8763641,-83.9295485,57,2.690810
angeles_atlantico,9.8766736,-83.9297052,58,2.729268
angeles_atlantico,9.8770594,-83.9298447,59,2.774808
angeles_atlantico,9.87721,-83.9298844,60,2.792109
angeles_atlantico,9.8774663,-83.929952,61,2.821555
angeles_atlantico,9.8780054,-83.9300003,62,2.881733
angeles_atlantico,9.8784703,-83.9300243,63,2.933494
angeles_atlantico,9.8786728,-83.9300082,64,2.956080
angeles_atlantico,9.8789573,-83.929986,65,2.987809
angeles_atlantico,9.880995,-83.9298731,66,3.214728
angeles_atlantico,9.8819637,-83.9298233,67,3.322580
angeles_atlantico,9.8826772,-83.9297803,68,3.402058
angeles_atlantico,9.8834857,-83.929716,69,3.492234
angeles_atlantico,9.8836708,-83.929717,70,3.512817
angeles_atlantico,9.8837919,-83.92972,71,3.526286
angeles_atlantico,9.8855684,-83.9296,72,3.724261
angeles_atlantico,9.8865816,-83.9295496,73,3.837059
angeles_atlantico,9.8868363,-83.9295497,74,3.865380
angeles_atlantico,9.8870637,-83.9295621,75,3.890703
angeles_atlantico,9.887249,-83.9295706,76,3.911328
angeles_atlantico,9.8873912,-83.9295734,77,3.927143
angeles_atlantico,9.8877453,-83.9296033,78,3.966653
angeles_atlantico,9.8879441,-83.9296118,79,3.988778
angeles_atlantico,9.888501,-83.9299037,80,4.058471
angeles_atlantico,9.8886768,-83.9300258,81,4.082157
angeles_atlantico,9.8888604,-83.9301827,82,4.108844
angeles_atlantico,9.8891048,-83.9305095,83,4.153789
angeles_atlantico,9.889299,-83.9309283,84,4.204494
angeles_atlantico,9.889387,-83.9311103,85,4.226702
angeles_atlantico,9.8894628,-83.9314053,86,4.260098
angeles_atlantico,9.8894839,-83.9318183,87,4.305400
angeles_atlantico,9.8894469,-83.932226,88,4.350250
angeles_atlantico,9.8894205,-83.9325908,89,4.390319
angeles_atlantico,9.8893993,-83.932682,90,4.400584
angeles_atlantico,9.8893945,-83.9328047,91,4.414035
angeles_atlantico,9.8893888,-83.9329502,92,4.429986
angeles_atlantico,9.8895209,-83.9333365,93,4.474779
angeles_atlantico,9.889801,-83.9339748,94,4.551323
angeles_atlantico,9.8899965,-83.9343128,95,4.594259
angeles_atlantico,9.890265,-83.9345027,96,4.630647
angeles_atlantico,9.8904352,-83.9345381,97,4.649966
angeles_atlantico,9.8905461,-83.9345435,98,4.662311
angeles_atlantico,9.8906994,-83.9345488,99,4.679367
angeles_atlantico,9.8908421,-83.9345649,100,4.695333
angeles_atlantico,9.8910376,-83.934581,101,4.717143
angeles_atlantico,9.8911644,-83.9346186,102,4.731831
angeles_atlantico,9.8912913,-83.9346668,103,4.746897
angeles_atlantico,9.8914128,-83.9347259,104,4.761879
angeles_atlantico,9.8915291,-83.9347902,105,4.776604
angeles_atlantico,9.8916612,-83.9348975,106,4.795417
angeles_atlantico,9.8917193,-83.9349994,107,4.808314
angeles_atlantico,9.8918567,-83.9351604,108,4.831648
angeles_atlantico,9.8919149,-83.935273,109,4.845577
angeles_atlantico,9.8919888,-83.9354501,110,4.866645
angeles_atlantico,9.8919941,-83.9355949,111,4.882518
angeles_atlantico,9.8919783,-83.9357719,112,4.901986
angeles_atlantico,9.8919466,-83.935965,113,4.923430
angeles_atlantico,9.8919307,-83.9360509,114,4.933005
angeles_atlantico,9.891899,-83.9362064,115,4.950399
angeles_atlantico,9.891862,-83.9363781,116,4.969652
angeles_atlantico,9.8918409,-83.9365498,117,4.988607
angeles_atlantico,9.8917827,-83.9367643,118,5.012978
angeles_atlantico,9.8917193,-83.936936,119,5.033064
angeles_atlantico,9.8916823,-83.937113,120,5.052885
angeles_atlantico,9.8916242,-83.9372525,121,5.069476
angeles_atlantico,9.8915766,-83.9374027,122,5.086759
angeles_atlantico,9.8915449,-83.9375529,123,5.103586
angeles_atlantico,9.8915185,-83.9376709,124,5.116841
angeles_atlantico,9.8914974,-83.9377836,125,5.129407
angeles_atlantico,9.891434,-83.9379767,126,5.151704
angeles_atlantico,9.8914181,-83.9381323,127,5.168840
angeles_atlantico,9.8913864,-83.9384219,128,5.200758
angeles_atlantico,9.8913917,-83.938658,129,5.226628
angeles_atlantico,9.8914234,-83.9388618,130,5.249229
angeles_atlantico,9.8915079,-83.9392051,131,5.287991
angeles_atlantico,9.8916136,-83.9395109,132,5.323491
angeles_atlantico,9.8917563,-83.9397899,133,5.357927
angeles_atlantico,9.8919984,-83.9401783,134,5.408274
angeles_atlantico,9.8923058,-83.9405906,135,5.464915
angeles_atlantico,9.8927023,-83.9409861,136,5.526727
angeles_atlantico,9.8931673,-83.9413509,137,5.592075
angeles_atlantico,9.893458,-83.9415709,138,5.632394
angeles_atlantico,9.894144,-83.9421506,139,5.731646
angeles_atlantico,9.8944673,-83.9424238,140,5.778422
angeles_atlantico,9.8950159,-83.9428336,141,5.854160
angeles_atlantico,9.895297,-83.9429549,142,5.888124
angeles_atlantico,9.8956771,-83.9430999,143,5.933275
angeles_atlantico,9.8961998,-83.9432944,144,5.995179
angeles_atlantico,9.8966975,-83.9435396,145,6.056694
angeles_atlantico,9.8970969,-83.9437001,146,6.104459
angeles_atlantico,9.8973096,-83.9437981,147,6.130432
angeles_atlantico,9.8975684,-83.9439441,148,6.163355
angeles_atlantico,9.8979552,-83.9441941,149,6.214343
angeles_atlantico,9.8985946,-83.9446125,150,6.298933
angeles_atlantico,9.8994296,-83.9451382,151,6.408188
angeles_atlantico,9.9000109,-83.9454118,152,6.479436
angeles_atlantico,9.9002804,-83.9455942,153,6.515453
angeles_atlantico,9.9005552,-83.9458624,154,6.557841
angeles_atlantico,9.9008723,-83.9462272,155,6.611133
angeles_atlantico,9.9012105,-83.9466939,156,6.674597
angeles_atlantico,9.9013584,-83.9470426,157,6.716183
angeles_atlantico,9.9015032,-83.9475375,158,6.772735
angeles_atlantico,9.9015634,-83.9477961,159,6.801841
angeles_atlantico,9.9016539,-83.9490483,160,6.939374
angeles_atlantico,9.901658,-83.9491052,161,6.945624
angeles_atlantico,9.9017055,-83.9497632,162,7.017893
angeles_atlantico,9.9017796,-83.9509529,163,7.148472
angeles_atlantico,9.9018114,-83.9518453,164,7.246288
angeles_atlantico,9.9018802,-83.9523534,165,7.302468
angeles_atlantico,9.9020322,-83.9528499,166,7.359419
angeles_atlantico,9.9024239,-83.9535909,167,7.451535
angeles_atlantico,9.9029474,-83.9543088,168,7.549373
angeles_atlantico,9.9029618,-83.9543334,169,7.552508
angeles_atlantico,9.9031789,-83.9547239,170,7.601624
angeles_atlantico,9.9033441,-83.9552775,171,7.664986
angeles_atlantico,9.9036005,-83.955898,172,7.738691
angeles_atlantico,9.9039804,-83.9565592,173,7.822537
angeles_atlantico,9.9044655,-83.9570587,174,7.899369
angeles_atlantico,9.9051114,-83.957465,175,7.983861
angeles_atlantico,9.9056104,-83.9575944,176,8.041130
angeles_atlantico,9.9060192,-83.9576818,177,8.087583
angeles_atlantico,9.9064042,-83.9577942,178,8.132129
angeles_atlantico,9.9068461,-83.9580941,179,8.191235
angeles_atlantico,9.9072681,-83.9585498,180,8.259744
angeles_atlantico,9.9075111,-83.9591067,181,8.326462
angeles_atlantico,9.9079742,-83.9602888,182,8.465808
angeles_atlantico,9.9084646,-83.9614304,183,8.602228
angeles_atlantico,9.9089043,-83.9622286,184,8.702402
angeles_atlantico,9.9093618,-83.9627998,185,8.783040
angeles_atlantico,9.9095014,-83.962974,186,8.807638
angeles_atlantico,9.9099355,-83.9636878,187,8.899524
angeles_atlantico,9.9105146,-83.9643164,188,8.993797
angeles_atlantico,9.9109849,-83.9647914,189,9.067566
angeles_atlantico,9.9111746,-83.9653884,190,9.136276
angeles_atlantico,9.9114408,-83.9664944,191,9.260986
angeles_atlantico,9.9119486,-83.9680997,192,9.445667
angeles_atlantico,9.9118917,-83.9690973,193,9.555122
angeles_atlantico,9.9118892,-83.9695849,194,9.608532
angeles_atlantico,9.911917,-83.9698783,195,9.640818
angeles_atlantico,9.9119313,-83.9700454,196,9.659190
angeles_atlantico,9.9120098,-83.9704276,197,9.701955
angeles_atlantico,9.9126354,-83.9714833,198,9.836902
angeles_atlantico,9.9129567,-83.9718867,199,9.893725
angeles_atlantico,9.9132949,-83.9723158,200,9.953920
angeles_atlantico,9.9134668,-83.972519,201,9.983258
angeles_atlantico,9.9139882,-83.9733372,202,10.089998
angeles_atlantico,9.9141742,-83.9738265,203,10.147445
angeles_atlantico,9.9143314,-83.9743913,204,10.211732
angeles_atlantico,9.9143552,-83.9745486,205,10.229164
angeles_atlantico,9.9145129,-83.9752925,206,10.312512
angeles_atlantico,9.9147533,-83.9763347,207,10.429757
angeles_atlantico,9.914775,-83.9769586,208,10.498138
angeles_atlantico,9.9147745,-83.9771309,209,10.517010
angeles_atlantico,9.9146264,-83.9776051,210,10.571500
angeles_atlantico,9.9146124,-83.97765,211,10.576658
angeles_atlantico,9.9145547,-83.9778348,212,10.597893
angeles_atlantico,9.9144615,-83.9780471,213,10.623351
angeles_atlantico,9.9142724,-83.9784779,214,10.675012
angeles_atlantico,9.9138555,-83.9794913,215,10.795305
angeles_atlantico,9.9135416,-83.9800144,216,10.862397
angeles_atlantico,9.9131404,-83.9804895,217,10.930941
angeles_atlantico,9.9129918,-83.9807244,218,10.961520
angeles_atlantico,9.9128358,-83.9811159,219,11.007778
angeles_atlantico,9.9126733,-83.981799,220,11.084752
angeles_atlantico,9.9126608,-83.9818516,221,11.090679
angeles_atlantico,9.9125593,-83.982667,222,11.180704
angeles_atlantico,9.9125147,-83.9830433,223,11.222220
angeles_atlantico,9.9123817,-83.9834759,224,11.271859
angeles_atlantico,9.9121579,-83.9839577,225,11.330206
angeles_atlantico,9.9121112,-83.984048,226,11.341377
angeles_atlantico,9.9120629,-83.9841412,227,11.352912
angeles_atlantico,9.9117494,-83.9845856,228,11.412784
angeles_atlantico,9.9116173,-83.9847465,229,11.435727
angeles_atlantico,9.911424,-83.9850303,230,11.473521
angeles_atlantico,9.9112132,-83.9853218,231,11.513130
angeles_atlantico,9.9110254,-83.9856559,232,11.555265
angeles_atlantico,9.9107363,-83.986272,233,11.630015
angeles_atlantico,9.9105927,-83.9867094,234,11.680517
angeles_atlantico,9.9105739,-83.9868888,236,11.700278
angeles_atlantico,9.9105077,-83.9869691,237,11.711748
angeles_atlantico,9.9104425,-83.9872009,238,11.738153
angeles_atlantico,9.9103557,-83.9875411,239,11.776647
angeles_atlantico,9.9103088,-83.9878401,240,11.809811
angeles_atlantico,9.910283,-83.9880941,241,11.837780
angeles_atlantico,9.9102818,-83.9881061,242,11.839101
angeles_atlantico,9.9102375,-83.9886537,243,11.899285
angeles_atlantico,9.9101835,-83.9894734,244,11.989272
angeles_atlantico,9.9103103,-83.9901085,245,12.060253
angeles_atlantico,9.9104033,-83.9907008,246,12.125950
angeles_atlantico,9.9106908,-83.9914389,247,12.212889
angeles_atlantico,9.9112657,-83.9923573,248,12.332079
angeles_atlantico,9.9114517,-83.9926921,249,12.374182
angeles_atlantico,9.9115194,-83.9930611,250,12.415295
angeles_atlantico,9.9114348,-83.9949236,251,12.619522
angeles_atlantico,9.9114421,-83.9960366,252,12.741437
angeles_atlantico,9.9114433,-83.9962283,253,12.762436
angeles_atlantico,9.9118745,-83.9977217,254,12.932898
angeles_atlantico,9.9120605,-83.998314,255,13.000992
angeles_atlantico,9.9120351,-83.9990435,256,13.080948
angeles_atlantico,9.9118914,-83.9995413,257,13.137768
angeles_atlantico,9.911494,-84.0005026,258,13.251960
angeles_atlantico,9.9113672,-84.0017472,259,13.389015
angeles_atlantico,9.9113324,-84.0030914,260,13.536303
angeles_atlantico,9.9112602,-84.0038849,261,13.623590
angeles_atlantico,9.9112194,-84.0040823,262,13.645683
angeles_atlantico,9.911135,-84.004366,263,13.678144
angeles_atlantico,9.9110028,-84.0046627,264,13.713813
angeles_atlantico,9.9105714,-84.005587,265,13.825846
angeles_atlantico,9.9104173,-84.0059506,266,13.869203
angeles_atlantico,9.9102815,-84.0063048,267,13.910836
angeles_atlantico,9.9102227,-84.0066221,268,13.946201
angeles_atlantico,9.9102115,-84.0068953,269,13.976152
angeles_atlantico,9.9102187,-84.0071593,270,14.005081
angeles_atlantico,9.9102602,-84.0075614,271,14.049366
angeles_atlantico,9.9103313,-84.007886,272,14.085790
angeles_atlantico,9.9104576,-84.0081755,273,14.120471
angeles_atlantico,9.9106631,-84.0085133,274,14.163959
angeles_atlantico,9.9108768,-84.0088368,275,14.206624
angeles_atlantico,9.9116124,-84.0098582,276,14.345215
angeles_atlantico,9.9124494,-84.0110083,277,14.501842
angeles_atlantico,9.9128539,-84.0115461,278,14.575958
angeles_atlantico,9.9132405,-84.0118843,279,14.632706
angeles_atlantico,9.9136077,-84.0121654,280,14.683844
angeles_atlantico,9.9142739,-84.0127051,281,14.778619
angeles_atlantico,9.9144665,-84.0129186,282,14.810329
angeles_atlantico,9.914611,-84.0131525,283,14.840571
angeles_atlantico,9.9147103,-84.0133958,284,14.869418
angeles_atlantico,9.9147876,-84.0136411,285,14.897628
angeles_atlantico,9.9148197,-84.0138516,286,14.920959
angeles_atlantico,9.9148337,-84.0141068,287,14.948956
angeles_atlantico,9.9147936,-84.0147246,288,15.016773
angeles_atlantico,9.9148455,-84.0151757,289,15.066519
angeles_atlantico,9.9150049,-84.0156556,290,15.121993
angeles_atlantico,9.9151089,-84.0158445,291,15.145696
angeles_atlantico,9.9155505,-84.016374,292,15.221689
angeles_atlantico,9.9156664,-84.0165045,293,15.240935
angeles_atlantico,9.9160715,-84.0168981,294,15.303287
angeles_atlantico,9.9164094,-84.0172445,295,15.356685
angeles_atlantico,9.9165551,-84.017423,296,15.382077
angeles_atlantico,9.9166796,-84.0175785,297,15.404026
angeles_atlantico,9.9168377,-84.0177986,298,15.433863
angeles_atlantico,9.9169387,-84.017991,299,15.457743
angeles_atlantico,9.9169802,-84.0181155,300,15.472140
angeles_atlantico,9.9170051,-84.0182617,301,15.488391
angeles_atlantico,9.917013,-84.0184234,302,15.506124
angeles_atlantico,9.9169981,-84.0185958,303,15.525081
angeles_atlantico,9.9168544,-84.0190678,304,15.579193
angeles_atlantico,9.9167783,-84.019497,305,15.626961
angeles_atlantico,9.9168629,-84.0200463,306,15.687858
angeles_atlantico,9.9170742,-84.0204325,307,15.736247
angeles_atlantico,9.9174936,-84.0208473,308,15.801356
angeles_atlantico,9.9177337,-84.0210848,309,15.838632
angeles_atlantico,9.9182072,-84.0216427,310,15.919294
angeles_atlantico,9.918427,-84.0220547,311,15.970615
angeles_atlantico,9.9185538,-84.0223466,312,16.005558
angeles_atlantico,9.9186834,-84.0228107,313,16.058396
angeles_atlantico,9.9190639,-84.023492,314,16.144180
angeles_atlantico,9.9192772,-84.0238499,315,16.189999
angeles_atlantico,9.9193069,-84.0238997,317,16.196375
angeles_atlantico,9.9196352,-84.0244604,318,16.267820
angeles_atlantico,9.9197594,-84.0247733,319,16.304771
angeles_atlantico,9.9198192,-84.0251423,320,16.345732
angeles_atlantico,9.9198192,-84.0255766,321,16.393302
angeles_atlantico,9.9197364,-84.0259735,322,16.437740
angeles_atlantico,9.91958,-84.0268235,323,16.532453
angeles_atlantico,9.9195248,-84.0272484,324,16.579396
angeles_atlantico,9.9195202,-84.0275707,325,16.614702
angeles_atlantico,9.919603,-84.0279349,326,16.655643
angeles_atlantico,9.9197579,-84.0282919,327,16.698371
angeles_atlantico,9.9200446,-84.0287662,328,16.759324
angeles_atlantico,9.9208873,-84.0301829,329,16.940596
angeles_atlantico,9.9212086,-84.030715,330,17.008957
angeles_atlantico,9.9213888,-84.0311536,331,17.061009
angeles_atlantico,9.9214384,-84.0314327,332,17.092073
angeles_atlantico,9.9214568,-84.0316943,333,17.120799
angeles_atlantico,9.9214558,-84.0323249,334,17.189870
angeles_atlantico,9.921466,-84.0328431,335,17.246641
angeles_atlantico,9.9215253,-84.0331908,336,17.285292
angeles_atlantico,9.921769,-84.0336197,337,17.339525
angeles_atlantico,9.9221199,-84.0340096,338,17.397372
angeles_atlantico,9.9228788,-84.0348031,339,17.518512
angeles_atlantico,9.9229399,-84.034867,340,17.528267
angeles_atlantico,9.9231428,-84.0350499,341,17.558439
angeles_atlantico,9.9234597,-84.0353344,342,17.605478
angeles_atlantico,9.9252818,-84.0371297,343,17.887822
angeles_atlantico,9.9273253,-84.0391439,345,18.204529
angeles_atlantico,9.9276345,-84.0394379,346,18.251636
angeles_atlantico,9.9300262,-84.0417014,347,18.615217
angeles_atlantico,9.9304082,-84.0418368,348,18.660208
angeles_atlantico,9.9309168,-84.0419831,349,18.718988
angeles_atlantico,9.9312972,-84.0421986,350,18.767426
angeles_atlantico,9.93169,-84.0424946,351,18.821821
angeles_atlantico,9.9319024,-84.0426701,352,18.852273
angeles_atlantico,9.9321414,-84.0429751,353,18.894960
angeles_atlantico,9.9323369,-84.043285,354,18.935268
angeles_atlantico,9.9324705,-84.0435545,355,18.968313
angeles_atlantico,9.9325526,-84.0438187,357,18.998656
angeles_atlantico,9.9326027,-84.0439976,358,19.019027
angeles_atlantico,9.9326307,-84.0444387,359,19.067440
angeles_atlantico,9.932641,-84.0448184,360,19.109044
angeles_atlantico,9.9326429,-84.0448899,361,19.116878
angeles_atlantico,9.9326469,-84.0450655,362,19.136117
angeles_atlantico,9.9326892,-84.045777,363,19.214188
angeles_atlantico,9.9327383,-84.0467622,364,19.322233
angeles_atlantico,9.9327561,-84.0469136,365,19.338933
angeles_atlantico,9.9328589,-84.0477108,366,19.426994
angeles_atlantico,9.9329369,-84.0481679,367,19.477805
angeles_atlantico,9.9332136,-84.0493276,368,19.608498
angeles_atlantico,9.9332674,-84.0495966,369,19.638562
angeles_atlantico,9.9334745,-84.0503073,370,19.719739
angeles_atlantico,9.9336837,-84.051054,371,19.804767
angeles_atlantico,9.9339859,-84.0521666,372,19.931176
angeles_atlantico,9.9340324,-84.0523175,373,19.948494
angeles_atlantico,9.9340346,-84.05241899,374,19.959612
angeles_atlantico,9.9341796,-84.0528887,375,20.013526
angeles_atlantico,9.9344104,-84.0536339,377,20.099086
angeles_atlantico,9.9344573,-84.0537972,378,20.117716
angeles_atlantico,9.9349123,-84.0553234,379,20.292366
angeles_atlantico,9.9349514,-84.0554471,380,20.306595
angeles_atlantico,9.9349716,-84.0555179,381,20.314668
angeles_atlantico,9.935085,-84.0559143,382,20.359879
angeles_atlantico,9.9351827,-84.056271,383,20.400430
angeles_atlantico,9.9352778,-84.0566251,384,20.440629
angeles_atlantico,9.9353809,-84.0570515,385,20.488718
angeles_atlantico,9.9354263,-84.0573417,386,20.520901
angeles_atlantico,9.9354447,-84.0576149,387,20.550894
angeles_atlantico,9.9354472,-84.0577088,388,20.561183
angeles_atlantico,9.935449,-84.0578346,389,20.574963
angeles_atlantico,9.9354493,-84.0578951,390,20.581589
angeles_atlantico,9.935424,-84.0582103,391,20.616226
angeles_atlantico,9.9353703,-84.0585294,392,20.651683
angeles_atlantico,9.934974,-84.0599349,393,20.811807
angeles_atlantico,9.9347494,-84.0607128,394,20.900593
angeles_atlantico,9.9346013,-84.0612067,395,20.957140
angeles_atlantico,9.9345539,-84.0613648,396,20.975241
angeles_atlantico,9.9343135,-84.0621665,397,21.067028
angeles_atlantico,9.9339051,-84.0635476,398,21.224966
angeles_atlantico,9.93386,-84.0637196,399,21.244461
angeles_atlantico,9.9336919,-84.0643327,400,21.314165
angeles_atlantico,9.9335883,-84.0648111,401,21.367815
angeles_atlantico,9.9335683,-84.0649459,402,21.382746
angeles_atlantico,9.9335552,-84.0650526,403,21.394523
angeles_atlantico,9.9335423,-84.0653349,404,21.425476
angeles_atlantico,9.9335718,-84.0656888,405,21.464376
angeles_atlantico,9.9336275,-84.0661287,406,21.512954
angeles_atlantico,9.9336442,-84.066215,407,21.522587
angeles_atlantico,9.9336536,-84.0662543,408,21.527016
angeles_atlantico,9.9337832,-84.0666193,409,21.569512
angeles_atlantico,9.9340078,-84.0670711,410,21.624942
angeles_atlantico,9.9340801,-84.0672424,411,21.645354
angeles_atlantico,9.9341662,-84.0674254,412,21.667567
angeles_atlantico,9.9343165,-84.0677596,413,21.707806
angeles_atlantico,9.9343972,-84.067946,414,21.730107
angeles_atlantico,9.9347342,-84.0686116,415,21.812075
angeles_atlantico,9.9347298,-84.068614,416,21.812630
angeles_atlantico,9.9347849,-84.0687269,417,21.826431
angeles_atlantico,9.9348741,-84.0689369,418,21.851479
atlantico_alajuela,9.9348741,-84.0689369,0,0
atlantico_alajuela,9.9348801,-84.0689425,1,0.000906
atlantico_alajuela,9.9348794,-84.0689488,2,0.001601
atlantico_alajuela,9.934998,-84.0692169,3,0.033790
atlantico_alajuela,9.9350004,-84.0692158,4,0.034083
atlantico_alajuela,9.9350811,-84.0694177,5,0.057948
atlantico_alajuela,9.9352055,-84.0697586,6,0.097766
atlantico_alajuela,9.935412,-84.0702807,7,0.159388
atlantico_alajuela,9.9355382,-84.0706013,8,0.197203
atlantico_alajuela,9.9355726,-84.0706706,9,0.205702
atlantico_alajuela,9.935657,-84.0708206,10,0.224623
atlantico_alajuela,9.9357232,-84.0708946,11,0.235572
atlantico_alajuela,9.9357955,-84.0709578,12,0.246181
atlantico_alajuela,9.9359023,-84.0710408,13,0.261136
atlantico_alajuela,9.9360274,-84.071121,14,0.277588
atlantico_alajuela,9.9360964,-84.0711552,15,0.286126
atlantico_alajuela,9.9361588,-84.0711793,16,0.293550
atlantico_alajuela,9.9362484,-84.071214,17,0.304213
atlantico_alajuela,9.9363145,-84.0712396,18,0.312080
atlantico_alajuela,9.9364146,-84.0712741,19,0.323834
atlantico_alajuela,9.9365213,-84.0713003,20,0.336041
atlantico_alajuela,9.9365909,-84.0713123,21,0.343891
atlantico_alajuela,9.9366569,-84.071319,22,0.351266
atlantico_alajuela,9.9367661,-84.0713274,23,0.363444
atlantico_alajuela,9.9368268,-84.0713281,24,0.370194
atlantico_alajuela,9.9368683,-84.0713287,25,0.374809
atlantico_alajuela,9.9369634,-84.0713229,26,0.385402
atlantico_alajuela,9.9370595,-84.0713109,27,0.396169
atlantico_alajuela,9.9371853,-84.0712699,28,0.410860
atlantico_alajuela,9.9373571,-84.0712002,29,0.431432
atlantico_alajuela,9.9375341,-84.0710849,30,0.454817
atlantico_alajuela,9.9377861,-84.0709258,31,0.487814
atlantico_alajuela,9.938185,-84.0706703,32,0.540260
atlantico_alajuela,9.9385042,-84.0704572,33,0.582740
atlantico_alajuela,9.939014,-84.0701113,34,0.650921
atlantico_alajuela,9.9395146,-84.0697851,35,0.717065
atlantico_alajuela,9.9400022,-84.0695967,36,0.775077
atlantico_alajuela,9.9401405,-84.0695643,37,0.790860
atlantico_alajuela,9.9402789,-84.069542,38,0.806442
atlantico_alajuela,9.9403506,-84.0695387,39,0.814422
atlantico_alajuela,9.9406373,-84.0695178,40,0.846384
atlantico_alajuela,9.9409149,-84.0695186,41,0.877252
atlantico_alajuela,9.9413881,-84.0695257,42,0.929875
atlantico_alajuela,9.9416846,-84.0695319,43,0.962851
atlantico_alajuela,9.942091,-84.069535,44,1.008042
atlantico_alajuela,9.9423986,-84.0695514,45,1.042293
atlantico_alajuela,9.9425046,-84.0695582,46,1.054103
atlantico_alajuela,9.9426301,-84.0695793,47,1.068248
atlantico_alajuela,9.9428555,-84.0696171,48,1.093651
atlantico_alajuela,9.9430029,-84.0696418,49,1.110263
atlantico_alajuela,9.9431503,-84.0696688,50,1.126918
atlantico_alajuela,9.9432935,-84.0697142,51,1.143599
atlantico_alajuela,9.9434626,-84.0698001,52,1.164625
atlantico_alajuela,9.9436517,-84.0699144,53,1.189096
atlantico_alajuela,9.9437767,-84.0700177,54,1.207018
atlantico_alajuela,9.9439989,-84.070299,55,1.246511
atlantico_alajuela,9.9442499,-84.0706101,56,1.290555
atlantico_alajuela,9.9444673,-84.0708875,57,1.329381
atlantico_alajuela,9.9447226,-84.0711887,58,1.372903
atlantico_alajuela,9.9449365,-84.0714596,59,1.410929
atlantico_alajuela,9.9451772,-84.0717715,60,1.454326
atlantico_alajuela,9.9453678,-84.0719915,61,1.486416
atlantico_alajuela,9.9455116,-84.0721975,62,1.514070
atlantico_alajuela,9.9456862,-84.0724065,63,1.544085
atlantico_alajuela,9.945944,-84.072759,64,1.592171
atlantico_alajuela,9.9459928,-84.0728221,65,1.600957
atlantico_alajuela,9.9460112,-84.0728059,67,1.603665
atlantico_alajuela,9.9465374,-84.0735536,68,1.704311
atlantico_alajuela,9.9469376,-84.0740713,69,1.776389
atlantico_alajuela,9.9471308,-84.0743562,70,1.814273
atlantico_alajuela,9.9473125,-84.0746527,71,1.852518
atlantico_alajuela,9.9475056,-84.0751151,72,1.907526
atlantico_alajuela,9.9476091,-84.075484,73,1.949536
atlantico_alajuela,9.9477517,-84.0759043,74,1.998223
atlantico_alajuela,9.9479147,-84.0762948,75,2.044674
atlantico_alajuela,9.948016,-84.0764298,76,2.063261
atlantico_alajuela,9.9481266,-84.0765604,77,2.082125
atlantico_alajuela,9.9482876,-84.0766702,78,2.103692
atlantico_alajuela,9.9486625,-84.0768523,79,2.149904
atlantico_alajuela,9.9488465,-84.076948,80,2.172892
atlantico_alajuela,9.9489592,-84.0770344,81,2.188595
atlantico_alajuela,9.949042,-84.0771185,82,2.201619
atlantico_alajuela,9.9491087,-84.0772049,83,2.213642
atlantico_alajuela,9.9491962,-84.0773625,84,2.233456
atlantico_alajuela,9.9492732,-84.0776168,85,2.262594
atlantico_alajuela,9.9493594,-84.0784004,86,2.348949
atlantico_alajuela,9.9494077,-84.0787086,87,2.383129
atlantico_alajuela,9.9494813,-84.0789725,88,2.413168
atlantico_alajuela,9.9496468,-84.0792807,89,2.451613
atlantico_alajuela,9.9497871,-84.0794932,90,2.479632
atlantico_alajuela,9.9499343,-84.0797337,91,2.510643
atlantico_alajuela,9.9500746,-84.0799088,92,2.535365
atlantico_alajuela,9.950185,-84.0800979,93,2.559440
atlantico_alajuela,9.9502425,-84.0803011,94,2.582596
atlantico_alajuela,9.9502586,-84.0804832,95,2.602620
atlantico_alajuela,9.9502494,-84.080682,96,2.624417
atlantico_alajuela,9.9502149,-84.0809782,97,2.657083
atlantico_alajuela,9.9501022,-84.0817511,98,2.742656
atlantico_alajuela,9.95007,-84.0820547,99,2.776099
atlantico_alajuela,9.9500654,-84.0823582,100,2.809343
atlantico_alajuela,9.9501321,-84.0827365,101,2.851434
atlantico_alajuela,9.9502724,-84.0830634,102,2.890488
atlantico_alajuela,9.9503989,-84.0832502,103,2.915316
atlantico_alajuela,9.9505538,-84.0834022,104,2.939270
atlantico_alajuela,9.9541497,-84.0857663,105,3.415627
atlantico_alajuela,9.9547059,-84.0861228,106,3.488767
atlantico_alajuela,9.9548351,-84.0861835,107,3.504597
atlantico_alajuela,9.9549392,-84.0862465,108,3.518073
atlantico_alajuela,9.9551575,-84.086401,109,3.547663
atlantico_alajuela,9.9554726,-84.0866106,110,3.589550
atlantico_alajuela,9.9555752,-84.0866788,112,3.603187
atlantico_alajuela,9.9578283,-84.0881389,113,3.900404
atlantico_alajuela,9.958879,-84.0887993,114,4.037812
atlantico_alajuela,9.9599741,-84.0895209,115,4.182979
atlantico_alajuela,9.9616526,-84.0906076,116,4.404337
atlantico_alajuela,9.9621067,-84.0909123,117,4.464861
atlantico_alajuela,9.9624647,-84.0910739,118,4.508426
atlantico_alajuela,9.9625563,-84.0910861,119,4.518698
atlantico_alajuela,9.9628906,-84.0910748,120,4.555891
atlantico_alajuela,9.963219,-84.090977,121,4.593946
atlantico_alajuela,9.9634493,-84.0907677,122,4.628315
atlantico_alajuela,9.963636,-84.0902862,123,4.684987
atlantico_alajuela,9.9638669,-84.0899511,124,4.729776
atlantico_alajuela,9.964202,-84.0897501,125,4.773054
atlantico_alajuela,9.9646934,-84.0897352,126,4.827719
atlantico_alajuela,9.9651328,-84.0898096,127,4.877253
atlantico_alajuela,9.9655498,-84.0899586,128,4.926409
atlantico_alajuela,9.9663838,-84.0902639,129,5.024989
atlantico_alajuela,9.9666795,-84.0904702,130,5.064884
atlantico_alajuela,9.9668201,-84.0907639,131,5.100647
atlantico_alajuela,9.9668381,-84.0911277,132,5.140539
atlantico_alajuela,9.9667371,-84.0915702,133,5.190285
atlantico_alajuela,9.9667561,-84.0920585,134,5.243804
atlantico_alajuela,9.9669361,-84.092532,135,5.299388
atlantico_alajuela,9.967195,-84.0928496,136,5.344539
atlantico_alajuela,9.9689718,-84.0947839,137,5.634211
atlantico_alajuela,9.9693772,-84.0952306,138,5.700734
atlantico_alajuela,9.9696621,-84.095552,139,5.748089
atlantico_alajuela,9.9709037,-84.0968391,140,5.945394
atlantico_alajuela,9.971351,-84.0973432,141,6.019702
atlantico_alajuela,9.9719462,-84.098023,142,6.119315
atlantico_alajuela,9.9721402,-84.0982397,143,6.151386
atlantico_alajuela,9.9724809,-84.0986159,145,6.207356
atlantico_alajuela,9.9729738,-84.0991475,146,6.287314
atlantico_alajuela,9.9734728,-84.099624,147,6.363483
atlantico_alajuela,9.974061,-84.0999219,148,6.436573
atlantico_alajuela,9.9743317,-84.1000102,149,6.468189
atlantico_alajuela,9.974934,-84.100166,150,6.537301
atlantico_alajuela,9.9752706,-84.1002575,151,6.576047
atlantico_alajuela,9.9759971,-84.1004506,152,6.659553
atlantico_alajuela,9.9764662,-84.1006516,153,6.716169
atlantico_alajuela,9.9768907,-84.1009346,154,6.772636
atlantico_alajuela,9.9773002,-84.1013367,155,6.835980
atlantico_alajuela,9.9779544,-84.1020166,156,6.940075
atlantico_alajuela,9.9781417,-84.1021781,157,6.967398
atlantico_alajuela,9.9798045,-84.1034064,158,7.196047
atlantico_alajuela,9.9827004,-84.1055626,159,7.595355
atlantico_alajuela,9.9828911,-84.1057018,160,7.621471
atlantico_alajuela,9.9843436,-84.1067613,161,7.820337
atlantico_alajuela,9.9857048,-84.1077508,162,8.006487
atlantico_alajuela,9.9869738,-84.108677,163,8.180264
atlantico_alajuela,9.9874515,-84.1090156,164,8.245044
atlantico_alajuela,9.98963,-84.1106426,166,8.545751
atlantico_alajuela,9.9900494,-84.1109143,167,8.601069
atlantico_alajuela,9.9905784,-84.1111621,168,8.665849
atlantico_alajuela,9.9908846,-84.1112698,169,8.701882
atlantico_alajuela,9.9910999,-84.1113456,170,8.727220
atlantico_alajuela,9.9916039,-84.1115498,171,8.787559
atlantico_alajuela,9.991744,-84.1116007,172,8.804105
atlantico_alajuela,9.9919342,-84.1116738,173,8.826718
atlantico_alajuela,9.9934746,-84.1122267,174,9.008389
atlantico_alajuela,9.9937622,-84.1123789,175,9.044452
atlantico_alajuela,9.9938449,-84.1124476,176,9.056333
atlantico_alajuela,9.9939337,-84.1125424,177,9.070660
atlantico_alajuela,9.9940166,-84.1126614,178,9.086622
atlantico_alajuela,9.994133,-84.1128775,179,9.113595
atlantico_alajuela,9.9941595,-84.112975,180,9.124671
atlantico_alajuela,9.9941796,-84.1132916,181,9.159413
atlantico_alajuela,9.9941433,-84.1134865,182,9.181135
atlantico_alajuela,9.9940545,-84.1137678,183,9.213483
atlantico_alajuela,9.993987,-84.1140367,184,9.243871
atlantico_alajuela,9.9939685,-84.1142225,185,9.264321
atlantico_alajuela,9.9939789,-84.114399,186,9.283684
atlantico_alajuela,9.9940138,-84.1145987,187,9.305894
atlantico_alajuela,9.99407,-84.1147968,188,9.328470
atlantico_alajuela,9.9941559,-84.1150124,189,9.353939
atlantico_alajuela,9.9944768,-84.115744,190,9.441641
atlantico_alajuela,9.9945003,-84.1158126,191,9.449595
atlantico_alajuela,9.9945191,-84.1158752,192,9.456762
atlantico_alajuela,9.9945473,-84.1159633,193,9.466906
atlantico_alajuela,9.9945773,-84.1161345,194,9.485949
atlantico_alajuela,9.9946381,-84.1166941,195,9.547601
atlantico_alajuela,9.9946617,-84.1166939,196,9.550225
atlantico_alajuela,9.9946758,-84.1170597,197,9.590313
atlantico_alajuela,9.9947002,-84.1170613,198,9.593032
atlantico_alajuela,9.9947243,-84.11753,200,9.644428
atlantico_alajuela,9.9947416,-84.11753,201,9.646352
atlantico_alajuela,9.9947539,-84.1176211,202,9.656421
atlantico_alajuela,9.9947672,-84.1179222,203,9.689427
atlantico_alajuela,9.9948131,-84.1184294,204,9.745203
atlantico_alajuela,9.9949,-84.1192648,205,9.837195
atlantico_alajuela,9.994932,-84.1195995,206,9.874019
atlantico_alajuela,9.9949856,-84.1201028,207,9.929456
atlantico_alajuela,9.9950636,-84.1209372,208,10.021239
atlantico_alajuela,9.9951274,-84.1217827,209,10.114099
atlantico_alajuela,9.9952092,-84.1226357,210,10.207950
atlantico_alajuela,9.9952614,-84.1235146,211,10.304371
atlantico_alajuela,9.995248,-84.1235857,212,10.312298
atlantico_alajuela,9.9952002,-84.1238297,213,10.339542
atlantico_alajuela,9.9951376,-84.1241333,214,10.373509
atlantico_alajuela,9.9950929,-84.1243538,215,10.398162
atlantico_alajuela,9.9950252,-84.1245912,216,10.425227
atlantico_alajuela,9.9949665,-84.1247819,217,10.447106
atlantico_alajuela,9.9949037,-84.1250978,218,10.482397
atlantico_alajuela,9.9949059,-84.1251508,219,10.488206
atlantico_alajuela,9.9949482,-84.1255241,220,10.529355
atlantico_alajuela,9.9949873,-84.1262198,221,10.605663
atlantico_alajuela,9.9950004,-84.1265129,222,10.637793
atlantico_alajuela,9.9950057,-84.1267504,223,10.663807
atlantico_alajuela,9.9950029,-84.1270043,224,10.691613
atlantico_alajuela,9.9949934,-84.1271401,225,10.706522
atlantico_alajuela,9.9949506,-84.1273669,226,10.731810
atlantico_alajuela,9.9948657,-84.1276759,227,10.766940
atlantico_alajuela,9.9948187,-84.1278713,228,10.788966
atlantico_alajuela,9.994768,-84.1280626,229,10.810661
atlantico_alajuela,9.9947268,-84.1282765,230,10.834528
atlantico_alajuela,9.9947131,-84.1284793,231,10.856788
atlantico_alajuela,9.9947182,-84.1286435,232,10.874778
atlantico_alajuela,9.9947417,-84.1288291,233,10.895270
atlantico_alajuela,9.9947569,-84.1290284,234,10.917160
atlantico_alajuela,9.9947844,-84.1292036,235,10.936588
atlantico_alajuela,9.9947939,-84.1292685,237,10.943773
atlantico_alajuela,9.9948665,-84.1295394,238,10.974518
atlantico_alajuela,9.9949669,-84.1299149,239,11.017126
atlantico_alajuela,9.9950171,-84.1300878,240,11.036866
atlantico_alajuela,9.995136,-84.1303964,241,11.073154
atlantico_alajuela,9.9952879,-84.1307262,242,11.113024
atlantico_alajuela,9.9954046,-84.1309419,243,11.139974
atlantico_alajuela,9.995556,-84.1312224,244,11.175002
atlantico_alajuela,9.9957462,-84.1315577,245,11.217375
atlantico_alajuela,9.9960183,-84.1320297,246,11.277267
atlantico_alajuela,9.9961543,-84.1322605,247,11.306720
atlantico_alajuela,9.9962644,-84.1324673,248,11.332463
atlantico_alajuela,9.9964184,-84.1327647,249,11.369258
atlantico_alajuela,9.9970355,-84.1338166,250,11.503337
atlantico_alajuela,9.9984126,-84.1362476,251,11.810445
atlantico_alajuela,9.9986136,-84.1366644,252,11.861266
atlantico_alajuela,9.998694,-84.136872,253,11.885694
atlantico_alajuela,9.9987902,-84.1371953,254,11.922678
atlantico_alajuela,9.998888,-84.1375588,255,11.963943
atlantico_alajuela,9.9989643,-84.1378557,256,11.997544
atlantico_alajuela,9.9990398,-84.1383784,257,12.055395
atlantico_alajuela,9.9991247,-84.138896,258,12.112856
atlantico_alajuela,9.9991793,-84.1392103,259,12.147805
atlantico_alajuela,9.9992704,-84.1397094,260,12.203390
atlantico_alajuela,9.9993796,-84.1404858,261,12.289273
atlantico_alajuela,9.9994706,-84.1411205,262,12.359509
atlantico_alajuela,9.9995462,-84.141674,263,12.420701
atlantico_alajuela,9.9995687,-84.1418645,264,12.441711
atlantico_alajuela,9.9996476,-84.142265,265,12.486437
atlantico_alajuela,9.9997265,-84.1426471,266,12.529189
atlantico_alajuela,9.999863,-84.1430568,267,12.576552
atlantico_alajuela,10.0000057,-84.1433711,268,12.614451
atlantico_alajuela,10.0002363,-84.143787,269,12.666716
atlantico_alajuela,10.0004365,-84.1440797,270,12.705741
atlantico_alajuela,10.0007763,-84.1444464,271,12.760878
atlantico_alajuela,10.0010828,-84.1447514,272,12.808596
atlantico_alajuela,10.0013104,-84.1449794,273,12.844147
atlantico_alajuela,10.0014348,-84.1450934,274,12.862780
atlantico_alajuela,10.0016138,-84.1452814,275,12.891415
atlantico_alajuela,10.001805,-84.1455309,276,12.926034
atlantico_alajuela,10.0018929,-84.1457065,277,12.947605
atlantico_alajuela,10.0019688,-84.1458883,278,12.969228
atlantico_alajuela,10.0020606,-84.1462938,279,13.014790
atlantico_alajuela,10.0021382,-84.1466689,280,13.056762
atlantico_alajuela,10.0022071,-84.1469611,281,13.089664
atlantico_alajuela,10.0022706,-84.1472918,282,13.126559
atlantico_alajuela,10.0023264,-84.1475891,283,13.159701
atlantico_alajuela,10.0024715,-84.1483988,284,13.249823
atlantico_alajuela,10.0027659,-84.1501601,285,13.445452
atlantico_alajuela,10.0029147,-84.1510496,286,13.544252
atlantico_alajuela,10.0030793,-84.1519319,287,13.642586
atlantico_alajuela,10.0031446,-84.1522019,288,13.673031
atlantico_alajuela,10.0031863,-84.1521938,289,13.677752
atlantico_alajuela,10.0031651,-84.1524174,290,13.702350
atlantico_alajuela,10.0032136,-84.1526106,292,13.724183
atlantico_alajuela,10.0032568,-84.1526009,293,13.729103
atlantico_alajuela,10.0032359,-84.1528184,294,13.753033
atlantico_alajuela,10.0033999,-84.1537087,295,13.852216
atlantico_alajuela,10.0035223,-84.1543675,296,13.925630
atlantico_alajuela,10.0036298,-84.1549649,297,13.992131
atlantico_alajuela,10.0037476,-84.1556153,298,14.064547
atlantico_alajuela,10.0038606,-84.1561303,299,14.122325
atlantico_alajuela,10.0043205,-84.1588902,300,14.428841
atlantico_alajuela,10.0044999,-84.160025,301,14.554698
atlantico_alajuela,10.0045847,-84.1608458,302,14.645072
atlantico_alajuela,10.0046815,-84.1617476,303,14.744408
atlantico_alajuela,10.0047859,-84.1626638,304,14.845405
atlantico_alajuela,10.004854,-84.1633265,305,14.918367
atlantico_alajuela,10.004906,-84.1638835,306,14.979634
atlantico_alajuela,10.0049281,-84.1643957,307,15.035776
atlantico_alajuela,10.0049509,-84.1648502,308,15.085610
atlantico_alajuela,10.0050803,-84.1661725,309,15.231120
atlantico_alajuela,10.0051569,-84.166894,310,15.310585
atlantico_alajuela,10.0051992,-84.167342,311,15.359868
atlantico_alajuela,10.0052457,-84.1679224,312,15.423634
atlantico_alajuela,10.0052624,-84.1681757,313,15.451433
atlantico_alajuela,10.0052705,-84.1683612,314,15.471766
atlantico_alajuela,10.0052507,-84.1685293,315,15.490305
atlantico_alajuela,10.0051564,-84.168766,316,15.518265
atlantico_alajuela,10.0049744,-84.1689996,317,15.550882
atlantico_alajuela,10.0048448,-84.1691034,318,15.569236
atlantico_alajuela,10.0046793,-84.1691922,319,15.590050
atlantico_alajuela,10.0045196,-84.1692484,320,15.608844
atlantico_alajuela,10.0043798,-84.1692744,321,15.624648
atlantico_alajuela,10.0040523,-84.1693173,322,15.661366
atlantico_alajuela,10.0036285,-84.1693637,323,15.708764
atlantico_alajuela,10.0035588,-84.1693801,324,15.716719
atlantico_alajuela,10.0034546,-84.1694148,325,15.728913
atlantico_alajuela,10.0033669,-84.1694736,326,15.740599
atlantico_alajuela,10.0032038,-84.1696473,327,15.766880
atlantico_alajuela,10.0030526,-84.1698762,328,15.797062
atlantico_alajuela,10.0028811,-84.1702651,329,15.843723
atlantico_alajuela,10.0026649,-84.1708127,330,15.908327
atlantico_alajuela,10.00232,-84.1717747,331,16.020435
atlantico_alajuela,10.0020578,-84.1725639,332,16.111641
atlantico_alajuela,10.0018141,-84.1732924,333,16.195893
atlantico_alajuela,10.0018095,-84.1735399,334,16.223000
atlantico_alajuela,10.0018693,-84.1738622,335,16.258914
atlantico_alajuela,10.0019428,-84.174091,336,16.285268
atlantico_alajuela,10.0021682,-84.1744926,337,16.335886
atlantico_alajuela,10.0023175,-84.1747393,338,16.367594
atlantico_alajuela,10.0023933,-84.1748491,339,16.382278
atlantico_alajuela,10.0025552,-84.1750558,340,16.411199
atlantico_alajuela,10.0027296,-84.1753401,341,16.447877
atlantico_alajuela,10.0029743,-84.1759737,342,16.522404
atlantico_alajuela,10.0030638,-84.1763083,343,16.560371
atlantico_alajuela,10.0031028,-84.1764834,344,16.580030
atlantico_alajuela,10.0031364,-84.1766168,345,16.595108
atlantico_alajuela,10.003158,-84.1768056,346,16.615922
atlantico_alajuela,10.0031718,-84.1769924,347,16.636434
atlantico_alajuela,10.0032063,-84.1773894,348,16.680077
atlantico_alajuela,10.003181,-84.177791,349,16.724144
atlantico_alajuela,10.0031465,-84.1780105,350,16.748484
atlantico_alajuela,10.0030891,-84.178237,351,16.774095
atlantico_alajuela,10.0029028,-84.1788628,352,16.845686
atlantico_alajuela,10.0026728,-84.1796356,353,16.934091
atlantico_alajuela,10.0024383,-84.1805089,354,17.033213
atlantico_alajuela,10.0023003,-84.181123,355,17.102188
atlantico_alajuela,10.0022474,-84.1814499,356,17.138465
atlantico_alajuela,10.0022083,-84.1818749,357,17.185207
atlantico_alajuela,10.0021876,-84.1821971,358,17.220565
atlantico_alajuela,10.0022083,-84.1824984,359,17.253639
atlantico_alajuela,10.0022543,-84.1827692,360,17.283731
atlantico_alajuela,10.0023008,-84.1829903,361,17.308488
atlantico_alajuela,10.0024659,-84.1834627,362,17.363379
atlantico_alajuela,10.0025422,-84.1836739,363,17.388014
atlantico_alajuela,10.0025188,-84.1836869,365,17.390980
atlantico_alajuela,10.0026085,-84.1838573,366,17.412138
atlantico_alajuela,10.0028264,-84.184487,367,17.485226
atlantico_alajuela,10.0030624,-84.1851463,368,17.562044
atlantico_alajuela,10.0031693,-84.1854229,369,17.594582
atlantico_alajuela,10.0032608,-84.1856133,370,17.617781
atlantico_alajuela,10.003368,-84.1858548,371,17.646789
atlantico_alajuela,10.0034596,-84.1861214,372,17.677709
atlantico_alajuela,10.0035703,-84.1864087,373,17.711492
atlantico_alajuela,10.0036899,-84.186745,374,17.750646
atlantico_alajuela,10.0037313,-84.1869364,375,17.772104
atlantico_alajuela,10.0037221,-84.1871139,376,17.791568
atlantico_alajuela,10.0036991,-84.18731,377,17.813194
atlantico_alajuela,10.0035754,-84.1877416,378,17.862417
atlantico_alajuela,10.0034876,-84.1879732,379,17.889592
atlantico_alajuela,10.003322,-84.1884355,380,17.943461
atlantico_alajuela,10.0030506,-84.1891407,381,18.026371
atlantico_alajuela,10.0028292,-84.1897018,382,18.092563
atlantico_alajuela,10.0024206,-84.1907378,383,18.214769
atlantico_alajuela,10.0017682,-84.1925342,384,18.424434
atlantico_alajuela,10.001602,-84.1929374,385,18.472298
atlantico_alajuela,10.0015208,-84.19323,386,18.505587
atlantico_alajuela,10.0014686,-84.1935024,387,18.535976
atlantico_alajuela,10.001441,-84.1939508,388,18.585174
atlantico_alajuela,10.0014529,-84.1942797,389,18.621214
atlantico_alajuela,10.0015166,-84.1947451,390,18.672668
atlantico_alajuela,10.0015934,-84.1952532,391,18.728959
atlantico_alajuela,10.0015666,-84.1952571,392,18.731969
atlantico_alajuela,10.00858815,-84.20928014,393,20.454638
atlantico_heredia,9.9348741,-84.0689369,0,0
atlantico_heredia,9.9348801,-84.0689425,1,0.000906
atlantico_heredia,9.9348794,-84.0689488,2,0.001601
atlantico_heredia,9.934998,-84.0692169,3,0.033790
atlantico_heredia,9.9350004,-84.0692158,4,0.034083
atlantico_heredia,9.9350811,-84.0694177,5,0.057948
atlantico_heredia,9.9352055,-84.0697586,6,0.097766
atlantico_heredia,9.935412,-84.0702807,7,0.159388
atlantico_heredia,9.9355382,-84.0706013,8,0.197203
atlantico_heredia,9.9355726,-84.0706706,9,0.205702
atlantico_heredia,9.935657,-84.0708206,10,0.224623
atlantico_heredia,9.9357232,-84.0708946,11,0.235572
atlantico_heredia,9.9357955,-84.0709578,12,0.246181
atlantico_heredia,9.9359023,-84.0710408,13,0.261136
atlantico_heredia,9.9360274,-84.071121,14,0.277588
atlantico_heredia,9.9360964,-84.0711552,15,0.286126
atlantico_heredia,9.9361588,-84.0711793,16,0.293550
atlantico_heredia,9.9362484,-84.071214,17,0.304213
atlantico_heredia,9.9363145,-84.0712396,18,0.312080
atlantico_heredia,9.9364146,-84.0712741,19,0.323834
atlantico_heredia,9.9365213,-84.0713003,20,0.336041
atlantico_heredia,9.9365909,-84.0713123,21,0.343891
atlantico_heredia,9.9366569,-84.071319,22,0.351266
atlantico_heredia,9.9367661,-84.0713274,23,0.363444
atlantico_heredia,9.9368268,-84.0713281,24,0.370194
atlantico_heredia,9.9368683,-84.0713287,25,0.374809
atlantico_heredia,9.9369634,-84.0713229,26,0.385402
atlantico_heredia,9.9370595,-84.0713109,27,0.396169
atlantico_heredia,9.9371853,-84.0712699,28,0.410860
atlantico_heredia,9.9373571,-84.0712002,29,0.431432
atlantico_heredia,9.9375341,-84.0710849,30,0.454817
atlantico_heredia,9.9377861,-84.0709258,31,0.487814
atlantico_heredia,9.938185,-84.0706703,32,0.540260
atlantico_heredia,9.9385042,-84.0704572,33,0.582740
atlantico_heredia,9.939014,-84.0701113,34,0.650921
atlantico_heredia,9.9395146,-84.0697851,35,0.717065
atlantico_heredia,9.9400022,-84.0695967,36,0.775077
atlantico_heredia,9.9401405,-84.0695643,37,0.790860
atlantico_heredia,9.9402789,-84.069542,38,0.806442
atlantico_heredia,9.9403506,-84.0695387,39,0.814422
atlantico_heredia,9.9406373,-84.0695178,40,0.846384
atlantico_heredia,9.9409149,-84.0695186,41,0.877252
atlantico_heredia,9.9413881,-84.0695257,42,0.929875
atlantico_heredia,9.9416846,-84.0695319,43,0.962851
atlantico_heredia,9.942091,-84.069535,44,1.008042
atlantico_heredia,9.9423986,-84.0695514,45,1.042293
atlantico_heredia,9.9425046,-84.0695582,46,1.054103
atlantico_heredia,9.9426301,-84.0695793,47,1.068248
atlantico_heredia,9.9428555,-84.0696171,48,1.093651
atlantico_heredia,9.9430029,-84.0696418,49,1.110263
atlantico_heredia,9.9431503,-84.0696688,50,1.126918
atlantico_heredia,9.9432935,-84.0697142,51,1.143599
atlantico_heredia,9.9434626,-84.0698001,52,1.164625
atlantico_heredia,9.9436517,-84.0699144,53,1.189096
atlantico_heredia,9.9437767,-84.0700177,54,1.207018
atlantico_heredia,9.9439989,-84.070299,55,1.246511
atlantico_heredia,9.9442499,-84.0706101,56,1.290555
atlantico_heredia,9.9444673,-84.0708875,57,1.329381
atlantico_heredia,9.9447226,-84.0711887,58,1.372903
atlantico_heredia,9.9449365,-84.0714596,59,1.410929
atlantico_heredia,9.9451772,-84.0717715,60,1.454326
atlantico_heredia,9.9453678,-84.0719915,61,1.486416
atlantico_heredia,9.9455116,-84.0721975,62,1.514070
atlantico_heredia,9.9456862,-84.0724065,63,1.544085
atlantico_heredia,9.945944,-84.072759,64,1.592171
atlantico_heredia,9.9459928,-84.0728221,65,1.600957
atlantico_heredia,9.9460112,-84.0728059,67,1.603665
atlantico_heredia,9.9465374,-84.0735536,68,1.704311
atlantico_heredia,9.9469376,-84.0740713,69,1.776389
atlantico_heredia,9.9471308,-84.0743562,70,1.814273
atlantico_heredia,9.9473125,-84.0746527,71,1.852518
atlantico_heredia,9.9475056,-84.0751151,72,1.907526
atlantico_heredia,9.9476091,-84.075484,73,1.949536
atlantico_heredia,9.9477517,-84.0759043,74,1.998223
atlantico_heredia,9.9479147,-84.0762948,75,2.044674
atlantico_heredia,9.948016,-84.0764298,76,2.063261
atlantico_heredia,9.9481266,-84.0765604,77,2.082125
atlantico_heredia,9.9482876,-84.0766702,78,2.103692
atlantico_heredia,9.9486625,-84.0768523,79,2.149904
atlantico_heredia,9.9488465,-84.076948,80,2.172892
atlantico_heredia,9.9489592,-84.0770344,81,2.188595
atlantico_heredia,9.949042,-84.0771185,82,2.201619
atlantico_heredia,9.9491087,-84.0772049,83,2.213642
atlantico_heredia,9.9491962,-84.0773625,84,2.233456
atlantico_heredia,9.9492732,-84.0776168,85,2.262594
atlantico_heredia,9.9493594,-84.0784004,86,2.348949
atlantico_heredia,9.9494077,-84.0787086,87,2.383129
atlantico_heredia,9.9494813,-84.0789725,88,2.413168
atlantico_heredia,9.9496468,-84.0792807,89,2.451613
atlantico_heredia,9.9497871,-84.0794932,90,2.479632
atlantico_heredia,9.9499343,-84.0797337,91,2.510643
atlantico_heredia,9.9500746,-84.0799088,92,2.535365
atlantico_heredia,9.950185,-84.0800979,93,2.559440
atlantico_heredia,9.9502425,-84.0803011,94,2.582596
atlantico_heredia,9.9502586,-84.0804832,95,2.602620
atlantico_heredia,9.9502494,-84.080682,96,2.624417
atlantico_heredia,9.9502149,-84.0809782,97,2.657083
atlantico_heredia,9.9501022,-84.0817511,98,2.742656
atlantico_heredia,9.95007,-84.0820547,99,2.776099
atlantico_heredia,9.9500654,-84.0823582,100,2.809343
atlantico_heredia,9.9501321,-84.0827365,101,2.851434
atlantico_heredia,9.9502724,-84.0830634,102,2.890488
atlantico_heredia,9.9503989,-84.0832502,103,2.915316
atlantico_heredia,9.9505538,-84.0834022,104,2.939270
atlantico_heredia,9.9541497,-84.0857663,105,3.415627
atlantico_heredia,9.9547059,-84.0861228,106,3.488767
atlantico_heredia,9.9548351,-84.0861835,107,3.504597
atlantico_heredia,9.9549392,-84.0862465,108,3.518073
atlantico_heredia,9.9551575,-84.086401,109,3.547663
atlantico_heredia,9.9554726,-84.0866106,110,3.589550
atlantico_heredia,9.9555752,-84.0866788,112,3.603187
atlantico_heredia,9.9578283,-84.0881389,113,3.900404
atlantico_heredia,9.958879,-84.0887993,114,4.037812
atlantico_heredia,9.9599741,-84.0895209,115,4.182979
atlantico_heredia,9.9616526,-84.0906076,116,4.404337
atlantico_heredia,9.9621067,-84.0909123,117,4.464861
atlantico_heredia,9.9624647,-84.0910739,118,4.508426
atlantico_heredia,9.9625563,-84.0910861,119,4.518698
atlantico_heredia,9.9628906,-84.0910748,120,4.555891
atlantico_heredia,9.963219,-84.090977,121,4.593946
atlantico_heredia,9.9634493,-84.0907677,122,4.628315
atlantico_heredia,9.963636,-84.0902862,123,4.684987
atlantico_heredia,9.9638669,-84.0899511,124,4.729776
atlantico_heredia,9.964202,-84.0897501,125,4.773054
atlantico_heredia,9.9646934,-84.0897352,126,4.827719
atlantico_heredia,9.9651328,-84.0898096,127,4.877253
atlantico_heredia,9.9655498,-84.0899586,128,4.926409
atlantico_heredia,9.9663838,-84.0902639,129,5.024989
atlantico_heredia,9.9666795,-84.0904702,130,5.064884
atlantico_heredia,9.9668201,-84.0907639,131,5.100647
atlantico_heredia,9.9668381,-84.0911277,132,5.140539
atlantico_heredia,9.9667371,-84.0915702,133,5.190285
atlantico_heredia,9.9667561,-84.0920585,134,5.243804
atlantico_heredia,9.9669361,-84.092532,135,5.299388
atlantico_heredia,9.967195,-84.0928496,136,5.344539
atlantico_heredia,9.9689718,-84.0947839,137,5.634211
atlantico_heredia,9.9693772,-84.0952306,138,5.700734
atlantico_heredia,9.9696621,-84.095552,139,5.748089
atlantico_heredia,9.9709037,-84.0968391,140,5.945394
atlantico_heredia,9.971351,-84.0973432,141,6.019702
atlantico_heredia,9.9719462,-84.098023,142,6.119315
atlantico_heredia,9.9721402,-84.0982397,143,6.151386
atlantico_heredia,9.9724809,-84.0986159,145,6.207356
atlantico_heredia,9.9729738,-84.0991475,146,6.287314
atlantico_heredia,9.9734728,-84.099624,147,6.363483
atlantico_heredia,9.974061,-84.0999219,148,6.436573
atlantico_heredia,9.9743317,-84.1000102,149,6.468189
atlantico_heredia,9.974934,-84.100166,150,6.537301
atlantico_heredia,9.9752706,-84.1002575,151,6.576047
atlantico_heredia,9.9759971,-84.1004506,152,6.659553
atlantico_heredia,9.9764662,-84.1006516,153,6.716169
atlantico_heredia,9.9768907,-84.1009346,154,6.772636
atlantico_heredia,9.9773002,-84.1013367,155,6.835980
atlantico_heredia,9.9779544,-84.1020166,156,6.940075
atlantico_heredia,9.9781417,-84.1021781,157,6.967398
atlantico_heredia,9.9798045,-84.1034064,158,7.196047
atlantico_heredia,9.9827004,-84.1055626,159,7.595355
atlantico_heredia,9.9828911,-84.1057018,160,7.621471
atlantico_heredia,9.9843436,-84.1067613,161,7.820337
atlantico_heredia,9.9857048,-84.1077508,162,8.006487
atlantico_heredia,9.9869738,-84.108677,163,8.180264
atlantico_heredia,9.9874515,-84.1090156,164,8.245044
atlantico_heredia,9.98963,-84.1106426,166,8.545751
atlantico_heredia,9.9900494,-84.1109143,167,8.601069
atlantico_heredia,9.9905784,-84.1111621,168,8.665849
atlantico_heredia,9.9908846,-84.1112698,169,8.701882
atlantico_heredia,9.9910999,-84.1113456,170,8.727220
atlantico_heredia,9.9916039,-84.1115498,171,8.787559
atlantico_heredia,9.991744,-84.1116007,172,8.804105
atlantico_heredia,9.9919342,-84.1116738,173,8.826718
atlantico_heredia,9.9934746,-84.1122267,174,9.008389
atlantico_heredia,9.9937622,-84.1123789,175,9.044452
atlantico_heredia,9.9938449,-84.1124476,176,9.056333
atlantico_heredia,9.9939337,-84.1125424,177,9.070660
atlantico_heredia,9.9940166,-84.1126614,178,9.086622
atlantico_heredia,9.994133,-84.1128775,179,9.113595
atlantico_heredia,9.9941595,-84.112975,180,9.124671
atlantico_heredia,9.9941796,-84.1132916,181,9.159413
atlantico_heredia,9.9941433,-84.1134865,182,9.181135
atlantico_heredia,9.9940545,-84.1137678,183,9.213483
atlantico_heredia,9.993987,-84.1140367,184,9.243871
atlantico_heredia,9.9939685,-84.1142225,185,9.264321
atlantico_heredia,9.9939789,-84.114399,186,9.283684
atlantico_heredia,9.9940138,-84.1145987,187,9.305894
atlantico_heredia,9.99407,-84.1147968,188,9.328470
atlantico_heredia,9.9941559,-84.1150124,189,9.353939
atlantico_heredia,9.9944768,-84.115744,190,9.441641
atlantico_heredia,9.9945003,-84.1158126,191,9.449595
atlantico_heredia,9.9945191,-84.1158752,192,9.456762
atlantico_heredia,9.9945473,-84.1159633,193,9.466906
atlantico_heredia,9.9945773,-84.1161345,194,9.485949
atlantico_heredia,9.9946381,-84.1166941,195,9.547601
atlantico_heredia,9.9946617,-84.1166939,196,9.550225
atlantico_heredia,9.9946758,-84.1170597,197,9.590313
atlantico_heredia,9.9947002,-84.1170613,198,9.593032
heredia_atlantico,9.9947002,-84.1170613,0,0
heredia_atlantico,9.9946758,-84.1170597,1,0.002719
heredia_atlantico,9.9946617,-84.1166939,2,0.042807
heredia_atlantico,9.9946381,-84.1166941,3,0.045432
heredia_atlantico,9.9945773,-84.1161345,4,0.107084
heredia_atlantico,9.9945473,-84.1159633,5,0.126126
heredia_atlantico,9.9945191,-84.1158752,6,0.136270
heredia_atlantico,9.9945003,-84.1158126,7,0.143437
heredia_atlantico,9.9944768,-84.115744,8,0.151391
heredia_atlantico,9.9941559,-84.1150124,9,0.239094
heredia_atlantico,9.99407,-84.1147968,10,0.264562
heredia_atlantico,9.9940138,-84.1145987,11,0.287138
heredia_atlantico,9.9939789,-84.114399,12,0.309348
heredia_atlantico,9.9939685,-84.1142225,13,0.328711
heredia_atlantico,9.993987,-84.1140367,14,0.349161
heredia_atlantico,9.9940545,-84.1137678,15,0.379549
heredia_atlantico,9.9941433,-84.1134865,16,0.411898
heredia_atlantico,9.9941796,-84.1132916,17,0.433619
heredia_atlantico,9.9941595,-84.112975,18,0.468361
heredia_atlantico,9.994133,-84.1128775,19,0.479437
heredia_atlantico,9.9940166,-84.1126614,20,0.506410
heredia_atlantico,9.9939337,-84.1125424,21,0.522372
heredia_atlantico,9.9938449,-84.1124476,22,0.536699
heredia_atlantico,9.9937622,-84.1123789,23,0.548581
heredia_atlantico,9.9934746,-84.1122267,24,0.584643
heredia_atlantico,9.9919342,-84.1116738,25,0.766314
heredia_atlantico,9.991744,-84.1116007,26,0.788928
heredia_atlantico,9.9916039,-84.1115498,27,0.805473
heredia_atlantico,9.9910999,-84.1113456,28,0.865812
heredia_atlantico,9.9908846,-84.1112698,29,0.891150
heredia_atlantico,9.9905784,-84.1111621,30,0.927183
heredia_atlantico,9.9900494,-84.1109143,31,0.991963
heredia_atlantico,9.98963,-84.1106426,32,1.047281
heredia_atlantico,9.9874515,-84.1090156,33,1.347988
heredia_atlantico,9.9869738,-84.108677,35,1.412768
heredia_atlantico,9.9857048,-84.1077508,36,1.586546
heredia_atlantico,9.9843436,-84.1067613,37,1.772695
heredia_atlantico,9.9828911,-84.1057018,38,1.971561
heredia_atlantico,9.9827004,-84.1055626,39,1.997677
heredia_atlantico,9.9798045,-84.1034064,40,2.396986
heredia_atlantico,9.9781417,-84.1021781,41,2.625634
heredia_atlantico,9.9779544,-84.1020166,42,2.652958
heredia_atlantico,9.9773002,-84.1013367,43,2.757052
heredia_atlantico,9.9768907,-84.1009346,44,2.820396
heredia_atlantico,9.9764662,-84.1006516,45,2.876864
heredia_atlantico,9.9759971,-84.1004506,46,2.933480
heredia_atlantico,9.9752706,-84.1002575,47,3.016985
heredia_atlantico,9.974934,-84.100166,48,3.055731
heredia_atlantico,9.9743317,-84.1000102,49,3.124843
heredia_atlantico,9.974061,-84.0999219,50,3.156459
heredia_atlantico,9.9734728,-84.099624,51,3.229549
heredia_atlantico,9.9729738,-84.0991475,52,3.305719
heredia_atlantico,9.9724809,-84.0986159,53,3.385677
heredia_atlantico,9.9721402,-84.0982397,54,3.441646
heredia_atlantico,9.9719462,-84.098023,56,3.473717
heredia_atlantico,9.971351,-84.0973432,57,3.573330
heredia_atlantico,9.9709037,-84.0968391,58,3.647638
heredia_atlantico,9.9696621,-84.095552,59,3.844943
heredia_atlantico,9.9693772,-84.0952306,60,3.892299
heredia_atlantico,9.9689718,-84.0947839,61,3.958822
heredia_atlantico,9.967195,-84.0928496,62,4.248493
heredia_atlantico,9.9669361,-84.092532,63,4.293644
heredia_atlantico,9.9667561,-84.0920585,64,4.349229
heredia_atlantico,9.9667371,-84.0915702,65,4.402747
heredia_atlantico,9.9668381,-84.0911277,66,4.452493
heredia_atlantico,9.9668201,-84.0907639,67,4.492385
heredia_atlantico,9.9666795,-84.0904702,68,4.528149
heredia_atlantico,9.9663838,-84.0902639,69,4.568043
heredia_atlantico,9.9655498,-84.0899586,70,4.666623
heredia_atlantico,9.9651328,-84.0898096,71,4.715779
heredia_atlantico,9.9646934,-84.0897352,72,4.765313
heredia_atlantico,9.964202,-84.0897501,73,4.819978
heredia_atlantico,9.9638669,-84.0899511,74,4.863256
heredia_atlantico,9.963636,-84.0902862,75,4.908045
heredia_atlantico,9.9634493,-84.0907677,76,4.964717
heredia_atlantico,9.963219,-84.090977,77,4.999086
heredia_atlantico,9.9628906,-84.0910748,78,5.037141
heredia_atlantico,9.9625563,-84.0910861,79,5.074334
heredia_atlantico,9.9624647,-84.0910739,80,5.084607
heredia_atlantico,9.9621067,-84.0909123,81,5.128171
heredia_atlantico,9.9616526,-84.0906076,82,5.188696
heredia_atlantico,9.9599741,-84.0895209,83,5.410053
heredia_atlantico,9.958879,-84.0887993,84,5.555220
heredia_atlantico,9.9578283,-84.0881389,85,5.692628
heredia_atlantico,9.9555752,-84.0866788,86,5.989846
heredia_atlantico,9.9554726,-84.0866106,87,6.003482
heredia_atlantico,9.9551575,-84.086401,89,6.045370
heredia_atlantico,9.9549392,-84.0862465,90,6.074959
heredia_atlantico,9.9548351,-84.0861835,91,6.088435
heredia_atlantico,9.9547059,-84.0861228,92,6.104265
heredia_atlantico,9.9541497,-84.0857663,93,6.177405
heredia_atlantico,9.9505538,-84.0834022,94,6.653762
heredia_atlantico,9.9503989,-84.0832502,95,6.677716
heredia_atlantico,9.9502724,-84.0830634,96,6.702544
heredia_atlantico,9.9501321,-84.0827365,97,6.741598
heredia_atlantico,9.9500654,-84.0823582,98,6.783689
heredia_atlantico,9.95007,-84.0820547,99,6.816933
heredia_atlantico,9.9501022,-84.0817511,100,6.850376
heredia_atlantico,9.9502149,-84.0809782,101,6.935949
heredia_atlantico,9.9502494,-84.080682,102,6.968615
heredia_atlantico,9.9502586,-84.0804832,103,6.990413
heredia_atlantico,9.9502425,-84.0803011,104,7.010437
heredia_atlantico,9.950185,-84.0800979,105,7.033592
heredia_atlantico,9.9500746,-84.0799088,106,7.057667
heredia_atlantico,9.9499343,-84.0797337,107,7.082389
heredia_atlantico,9.9497871,-84.0794932,108,7.113400
heredia_atlantico,9.9496468,-84.0792807,109,7.141419
heredia_atlantico,9.9494813,-84.0789725,110,7.179864
heredia_atlantico,9.9494077,-84.0787086,111,7.209904
heredia_atlantico,9.9493594,-84.0784004,112,7.244083
heredia_atlantico,9.9492732,-84.0776168,113,7.330439
heredia_atlantico,9.9491962,-84.0773625,114,7.359577
heredia_atlantico,9.9491087,-84.0772049,115,7.379391
heredia_atlantico,9.949042,-84.0771185,116,7.391414
heredia_atlantico,9.9489592,-84.0770344,117,7.404437
heredia_atlantico,9.9488465,-84.076948,118,7.420140
heredia_atlantico,9.9486625,-84.0768523,119,7.443129
heredia_atlantico,9.9482876,-84.0766702,120,7.489341
heredia_atlantico,9.9481266,-84.0765604,121,7.510907
heredia_atlantico,9.948016,-84.0764298,122,7.529771
heredia_atlantico,9.9479147,-84.0762948,123,7.548358
heredia_atlantico,9.9477517,-84.0759043,124,7.594809
heredia_atlantico,9.9476091,-84.075484,125,7.643496
heredia_atlantico,9.9475056,-84.0751151,126,7.685506
heredia_atlantico,9.9473125,-84.0746527,127,7.740514
heredia_atlantico,9.9471308,-84.0743562,128,7.778760
heredia_atlantico,9.9469376,-84.0740713,129,7.816643
heredia_atlantico,9.9465374,-84.0735536,130,7.888721
heredia_atlantico,9.9460112,-84.0728059,131,7.989367
heredia_atlantico,9.9459928,-84.0728221,132,7.992075
heredia_atlantico,9.945944,-84.072759,134,8.000862
heredia_atlantico,9.9456862,-84.0724065,135,8.048948
heredia_atlantico,9.9455116,-84.0721975,136,8.078963
heredia_atlantico,9.9453678,-84.0719915,137,8.106616
heredia_atlantico,9.9451772,-84.0717715,138,8.138706
heredia_atlantico,9.9449365,-84.0714596,139,8.182103
heredia_atlantico,9.9447226,-84.0711887,140,8.220129
heredia_atlantico,9.9444673,-84.0708875,141,8.263651
heredia_atlantico,9.9442499,-84.0706101,142,8.302477
heredia_atlantico,9.9439989,-84.070299,143,8.346522
heredia_atlantico,9.9437767,-84.0700177,144,8.386014
heredia_atlantico,9.9436517,-84.0699144,145,8.403936
heredia_atlantico,9.9434626,-84.0698001,146,8.428408
heredia_atlantico,9.9432935,-84.0697142,147,8.449433
heredia_atlantico,9.9431503,-84.0696688,148,8.466115
heredia_atlantico,9.9430029,-84.0696418,149,8.482769
heredia_atlantico,9.9428555,-84.0696171,150,8.499381
heredia_atlantico,9.9426301,-84.0695793,151,8.524784
heredia_atlantico,9.9425046,-84.0695582,152,8.538929
heredia_atlantico,9.9423986,-84.0695514,153,8.550739
heredia_atlantico,9.942091,-84.069535,154,8.584990
heredia_atlantico,9.9416846,-84.0695319,155,8.630181
heredia_atlantico,9.9413881,-84.0695257,156,8.663157
heredia_atlantico,9.9409149,-84.0695186,157,8.715780
heredia_atlantico,9.9406373,-84.0695178,158,8.746648
heredia_atlantico,9.9403506,-84.0695387,159,8.778610
heredia_atlantico,9.9402789,-84.069542,160,8.786591
heredia_atlantico,9.9401405,-84.0695643,161,8.802173
heredia_atlantico,9.9400022,-84.0695967,162,8.817955
heredia_atlantico,9.9395146,-84.0697851,163,8.875968
heredia_atlantico,9.939014,-84.0701113,164,8.942111
heredia_atlantico,9.9385042,-84.0704572,165,9.010293
heredia_atlantico,9.938185,-84.0706703,166,9.052772
heredia_atlantico,9.9377861,-84.0709258,167,9.105218
heredia_atlantico,9.9375341,-84.0710849,168,9.138215
heredia_atlantico,9.9373571,-84.0712002,169,9.161600
heredia_atlantico,9.9371853,-84.0712699,170,9.182172
heredia_atlantico,9.9370595,-84.0713109,171,9.196864
heredia_atlantico,9.9369634,-84.0713229,172,9.207630
heredia_atlantico,9.9368683,-84.0713287,173,9.218224
heredia_atlantico,9.9368268,-84.0713281,174,9.222839
heredia_atlantico,9.9367661,-84.0713274,175,9.229589
heredia_atlantico,9.9366569,-84.071319,176,9.241766
heredia_atlantico,9.9365909,-84.0713123,177,9.249141
heredia_atlantico,9.9365213,-84.0713003,178,9.256991
heredia_atlantico,9.9364146,-84.0712741,179,9.269198
heredia_atlantico,9.9363145,-84.0712396,180,9.280953
heredia_atlantico,9.9362484,-84.071214,181,9.288819
heredia_atlantico,9.9361588,-84.0711793,182,9.299483
heredia_atlantico,9.9360964,-84.0711552,183,9.306906
heredia_atlantico,9.9360274,-84.071121,184,9.315444
heredia_atlantico,9.9359023,-84.0710408,185,9.331896
heredia_atlantico,9.9357955,-84.0709578,186,9.346852
heredia_atlantico,9.9357232,-84.0708946,187,9.357461
heredia_atlantico,9.935657,-84.0708206,188,9.368409
heredia_atlantico,9.9355726,-84.0706706,189,9.387330
heredia_atlantico,9.9355382,-84.0706013,190,9.395830
heredia_atlantico,9.935412,-84.0702807,191,9.433644
heredia_atlantico,9.9352055,-84.0697586,192,9.495266
heredia_atlantico,9.9350811,-84.0694177,193,9.535084
heredia_atlantico,9.9350004,-84.0692158,194,9.558949
heredia_atlantico,9.934998,-84.0692169,195,9.559242
heredia_atlantico,9.9348794,-84.0689488,196,9.591432
heredia_atlantico,9.9348801,-84.0689425,197,9.592126
heredia_atlantico,9.9348741,-84.0689369,198,9.593032
heredia_ulatina,9.9947002,-84.1170613,0,0
heredia_ulatina,9.9946758,-84.1170597,1,0.002719
heredia_ulatina,9.9946617,-84.1166939,2,0.042807
heredia_ulatina,9.9946381,-84.1166941,3,0.045432
heredia_ulatina,9.9945773,-84.1161345,4,0.107084
heredia_ulatina,9.9945473,-84.1159633,5,0.126126
heredia_ulatina,9.9945191,-84.1158752,6,0.136270
heredia_ulatina,9.9945003,-84.1158126,7,0.143437
heredia_ulatina,9.9944768,-84.115744,8,0.151391
heredia_ulatina,9.9941559,-84.1150124,9,0.239094
heredia_ulatina,9.99407,-84.1147968,10,0.264562
heredia_ulatina,9.9940138,-84.1145987,11,0.287138
heredia_ulatina,9.9939789,-84.114399,12,0.309348
heredia_ulatina,9.9939685,-84.1142225,13,0.328711
heredia_ulatina,9.993987,-84.1140367,14,0.349161
heredia_ulatina,9.9940545,-84.1137678,15,0.379549
heredia_ulatina,9.9941433,-84.1134865,16,0.411898
heredia_ulatina,9.9941796,-84.1132916,17,0.433619
heredia_ulatina,9.9941595,-84.112975,18,0.468361
heredia_ulatina,9.994133,-84.1128775,19,0.479437
heredia_ulatina,9.9940166,-84.1126614,20,0.506410
heredia_ulatina,9.9939337,-84.1125424,21,0.522372
heredia_ulatina,9.9938449,-84.1124476,22,0.536699
heredia_ulatina,9.9937622,-84.1123789,23,0.548581
heredia_ulatina,9.9934746,-84.1122267,24,0.584643
heredia_ulatina,9.9919342,-84.1116738,25,0.766314
heredia_ulatina,9.991744,-84.1116007,26,0.788928
heredia_ulatina,9.9916039,-84.1115498,27,0.805473
heredia_ulatina,9.9910999,-84.1113456,28,0.865812
heredia_ulatina,9.9908846,-84.1112698,29,0.891150
heredia_ulatina,9.9905784,-84.1111621,30,0.927183
heredia_ulatina,9.9900494,-84.1109143,31,0.991963
heredia_ulatina,9.98963,-84.1106426,32,1.047281
heredia_ulatina,9.9874515,-84.1090156,33,1.347988
heredia_ulatina,9.9869738,-84.108677,35,1.412768
heredia_ulatina,9.9857048,-84.1077508,36,1.586546
heredia_ulatina,9.9843436,-84.1067613,37,1.772695
heredia_ulatina,9.9828911,-84.1057018,38,1.971561
heredia_ulatina,9.9827004,-84.1055626,39,1.997677
heredia_ulatina,9.9798045,-84.1034064,40,2.396986
heredia_ulatina,9.9781417,-84.1021781,41,2.625634
heredia_ulatina,9.9779544,-84.1020166,42,2.652958
heredia_ulatina,9.9773002,-84.1013367,43,2.757052
heredia_ulatina,9.9768907,-84.1009346,44,2.820396
heredia_ulatina,9.9764662,-84.1006516,45,2.876864
heredia_ulatina,9.9759971,-84.1004506,46,2.933480
heredia_ulatina,9.9752706,-84.1002575,47,3.016985
heredia_ulatina,9.974934,-84.100166,48,3.055731
heredia_ulatina,9.9743317,-84.1000102,49,3.124843
heredia_ulatina,9.974061,-84.0999219,50,3.156459
heredia_ulatina,9.9734728,-84.099624,51,3.229549
heredia_ulatina,9.9729738,-84.0991475,52,3.305719
heredia_ulatina,9.9724809,-84.0986159,53,3.385677
heredia_ulatina,9.9721402,-84.0982397,54,3.441646
heredia_ulatina,9.9719462,-84.098023,56,3.473717
heredia_ulatina,9.971351,-84.0973432,57,3.573330
heredia_ulatina,9.9709037,-84.0968391,58,3.647638
heredia_ulatina,9.9696621,-84.095552,59,3.844943
heredia_ulatina,9.9693772,-84.0952306,60,3.892299
heredia_ulatina,9.9689718,-84.0947839,61,3.958822
heredia_ulatina,9.967195,-84.0928496,62,4.248493
heredia_ulatina,9.9669361,-84.092532,63,4.293644
heredia_ulatina,9.9667561,-84.0920585,64,4.349229
heredia_ulatina,9.9667371,-84.0915702,65,4.402747
heredia_ulatina,9.9668381,-84.0911277,66,4.452493
heredia_ulatina,9.9668201,-84.0907639,67,4.492385
heredia_ulatina,9.9666795,-84.0904702,68,4.528149
heredia_ulatina,9.9663838,-84.0902639,69,4.568043
heredia_ulatina,9.9655498,-84.0899586,70,4.666623
heredia_ulatina,9.9651328,-84.0898096,71,4.715779
heredia_ulatina,9.9646934,-84.0897352,72,4.765313
heredia_ulatina,9.964202,-84.0897501,73,4.819978
heredia_ulatina,9.9638669,-84.0899511,74,4.863256
heredia_ulatina,9.963636,-84.0902862,75,4.908045
heredia_ulatina,9.9634493,-84.0907677,76,4.964717
heredia_ulatina,9.963219,-84.090977,77,4.999086
heredia_ulatina,9.9628906,-84.0910748,78,5.037141
heredia_ulatina,9.9625563,-84.0910861,79,5.074334
heredia_ulatina,9.9624647,-84.0910739,80,5.084607
heredia_ulatina,9.9621067,-84.0909123,81,5.128171
heredia_ulatina,9.9616526,-84.0906076,82,5.188696
heredia_ulatina,9.9599741,-84.0895209,83,5.410053
heredia_ulatina,9.958879,-84.0887993,84,5.555220
heredia_ulatina,9.9578283,-84.0881389,85,5.692628
heredia_ulatina,9.9555752,-84.0866788,86,5.989846
heredia_ulatina,9.9554726,-84.0866106,87,6.003482
heredia_ulatina,9.9551575,-84.086401,89,6.045370
heredia_ulatina,9.9549392,-84.0862465,90,6.074959
heredia_ulatina,9.9548351,-84.0861835,91,6.088435
heredia_ulatina,9.9547059,-84.0861228,92,6.104265
heredia_ulatina,9.9541497,-84.0857663,93,6.177405
heredia_ulatina,9.9505538,-84.0834022,94,6.653762
heredia_ulatina,9.9503989,-84.0832502,95,6.677716
heredia_ulatina,9.9502724,-84.0830634,96,6.702544
heredia_ulatina,9.9501321,-84.0827365,97,6.741598
heredia_ulatina,9.9500654,-84.0823582,98,6.783689
heredia_ulatina,9.95007,-84.0820547,99,6.816933
heredia_ulatina,9.9501022,-84.0817511,100,6.850376
heredia_ulatina,9.9502149,-84.0809782,101,6.935949
heredia_ulatina,9.9502494,-84.080682,102,6.968615
heredia_ulatina,9.9502586,-84.0804832,103,6.990413
heredia_ulatina,9.9502425,-84.0803011,104,7.010437
heredia_ulatina,9.950185,-84.0800979,105,7.033592
heredia_ulatina,9.9500746,-84.0799088,106,7.057667
heredia_ulatina,9.9499343,-84.0797337,107,7.082389
heredia_ulatina,9.9497871,-84.0794932,108,7.113400
heredia_ulatina,9.9496468,-84.0792807,109,7.141419
heredia_ulatina,9.9494813,-84.0789725,110,7.179864
heredia_ulatina,9.9494077,-84.0787086,111,7.209904
heredia_ulatina,9.9493594,-84.0784004,112,7.244083
heredia_ulatina,9.9492732,-84.0776168,113,7.330439
heredia_ulatina,9.9491962,-84.0773625,114,7.359577
heredia_ulatina,9.9491087,-84.0772049,115,7.379391
heredia_ulatina,9.949042,-84.0771185,116,7.391414
heredia_ulatina,9.9489592,-84.0770344,117,7.404437
heredia_ulatina,9.9488465,-84.076948,118,7.420140
heredia_ulatina,9.9486625,-84.0768523,119,7.443129
heredia_ulatina,9.9482876,-84.0766702,120,7.489341
heredia_ulatina,9.9481266,-84.0765604,121,7.510907
heredia_ulatina,9.948016,-84.0764298,122,7.529771
heredia_ulatina,9.9479147,-84.0762948,123,7.548358
heredia_ulatina,9.9477517,-84.0759043,124,7.594809
heredia_ulatina,9.9476091,-84.075484,125,7.643496
heredia_ulatina,9.9475056,-84.0751151,126,7.685506
heredia_ulatina,9.9473125,-84.0746527,127,7.740514
heredia_ulatina,9.9471308,-84.0743562,128,7.778760
heredia_ulatina,9.9469376,-84.0740713,129,7.816643
heredia_ulatina,9.9465374,-84.0735536,130,7.888721
heredia_ulatina,9.9460112,-84.0728059,131,7.989367
heredia_ulatina,9.9459928,-84.0728221,132,7.992075
heredia_ulatina,9.945944,-84.072759,134,8.000862
heredia_ulatina,9.9456862,-84.0724065,135,8.048948
heredia_ulatina,9.9455116,-84.0721975,136,8.078963
heredia_ulatina,9.9453678,-84.0719915,137,8.106616
heredia_ulatina,9.9451772,-84.0717715,138,8.138706
heredia_ulatina,9.9449365,-84.0714596,139,8.182103
heredia_ulatina,9.9447226,-84.0711887,140,8.220129
heredia_ulatina,9.9444673,-84.0708875,141,8.263651
heredia_ulatina,9.9442499,-84.0706101,142,8.302477
heredia_ulatina,9.9439989,-84.070299,143,8.346522
heredia_ulatina,9.9437767,-84.0700177,144,8.386014
heredia_ulatina,9.9436517,-84.0699144,145,8.403936
heredia_ulatina,9.9434626,-84.0698001,146,8.428408
heredia_ulatina,9.9432935,-84.0697142,147,8.449433
heredia_ulatina,9.9431503,-84.0696688,148,8.466115
heredia_ulatina,9.9430029,-84.0696418,149,8.482769
heredia_ulatina,9.9428555,-84.0696171,150,8.499381
heredia_ulatina,9.9426301,-84.0695793,151,8.524784
heredia_ulatina,9.9425046,-84.0695582,152,8.538929
heredia_ulatina,9.9423986,-84.0695514,153,8.550739
heredia_ulatina,9.942091,-84.069535,154,8.584990
heredia_ulatina,9.9416846,-84.0695319,155,8.630181
heredia_ulatina,9.9413881,-84.0695257,156,8.663157
heredia_ulatina,9.9409149,-84.0695186,157,8.715780
heredia_ulatina,9.9406373,-84.0695178,158,8.746648
heredia_ulatina,9.9403506,-84.0695387,159,8.778610
heredia_ulatina,9.9402789,-84.069542,160,8.786591
heredia_ulatina,9.9401405,-84.0695643,161,8.802173
heredia_ulatina,9.9400022,-84.0695967,162,8.817955
heredia_ulatina,9.9395146,-84.0697851,163,8.875968
heredia_ulatina,9.939014,-84.0701113,164,8.942111
heredia_ulatina,9.9385042,-84.0704572,165,9.010293
heredia_ulatina,9.938185,-84.0706703,166,9.052772
heredia_ulatina,9.9377861,-84.0709258,167,9.105218
heredia_ulatina,9.9375341,-84.0710849,168,9.138215
heredia_ulatina,9.9373571,-84.0712002,169,9.161600
heredia_ulatina,9.9371853,-84.0712699,170,9.182172
heredia_ulatina,9.9370595,-84.0713109,171,9.196864
heredia_ulatina,9.9369634,-84.0713229,172,9.207630
heredia_ulatina,9.9368683,-84.0713287,173,9.218224
heredia_ulatina,9.9368268,-84.0713281,174,9.222839
heredia_ulatina,9.9367661,-84.0713274,175,9.229589
heredia_ulatina,9.9366569,-84.071319,176,9.241766
heredia_ulatina,9.9365909,-84.0713123,177,9.249141
heredia_ulatina,9.9365213,-84.0713003,178,9.256991
heredia_ulatina,9.9364146,-84.0712741,179,9.269198
heredia_ulatina,9.9363145,-84.0712396,180,9.280953
heredia_ulatina,9.9362484,-84.071214,181,9.288819
heredia_ulatina,9.9361588,-84.0711793,182,9.299483
heredia_ulatina,9.9360964,-84.0711552,183,9.306906
heredia_ulatina,9.9360274,-84.071121,184,9.315444
heredia_ulatina,9.9359023,-84.0710408,185,9.331896
heredia_ulatina,9.9357955,-84.0709578,186,9.346852
heredia_ulatina,9.9357232,-84.0708946,187,9.357461
heredia_ulatina,9.935657,-84.0708206,188,9.368409
heredia_ulatina,9.9355726,-84.0706706,189,9.387330
heredia_ulatina,9.9355382,-84.0706013,190,9.395830
heredia_ulatina,9.935412,-84.0702807,191,9.433644
heredia_ulatina,9.9352055,-84.0697586,192,9.495266
heredia_ulatina,9.9350811,-84.0694177,193,9.535084
heredia_ulatina,9.9350004,-84.0692158,194,9.558949
heredia_ulatina,9.934998,-84.0692169,195,9.559242
heredia_ulatina,9.9348794,-84.0689488,196,9.591432
heredia_ulatina,9.9348801,-84.0689425,197,9.592126
heredia_ulatina,9.9348741,-84.0689369,198,9.593032
heredia_ulatina,9.9347849,-84.0687269,200,9.618081
heredia_ulatina,9.9347298,-84.068614,201,9.631881
heredia_ulatina,9.9347342,-84.0686116,202,9.632436
heredia_ulatina,9.9343972,-84.067946,203,9.714405
heredia_ulatina,9.9343165,-84.0677596,204,9.736706
heredia_ulatina,9.9341662,-84.0674254,205,9.776945
heredia_ulatina,9.9340801,-84.0672424,206,9.799157
heredia_ulatina,9.9340078,-84.0670711,207,9.819569
heredia_ulatina,9.9337832,-84.0666193,208,9.874999
heredia_ulatina,9.9336536,-84.0662543,209,9.917495
heredia_ulatina,9.9336442,-84.066215,210,9.921924
heredia_ulatina,9.9336275,-84.0661287,211,9.931557
heredia_ulatina,9.9335718,-84.0656888,212,9.980135
heredia_ulatina,9.9335423,-84.0653349,213,10.019036
heredia_ulatina,9.9335552,-84.0650526,214,10.049989
heredia_ulatina,9.9335683,-84.0649459,215,10.061766
heredia_ulatina,9.9335883,-84.0648111,216,10.076697
heredia_ulatina,9.9336919,-84.0643327,217,10.130346
heredia_ulatina,9.93386,-84.0637196,218,10.200051
heredia_ulatina,9.9339051,-84.0635476,219,10.219545
heredia_ulatina,9.9343135,-84.0621665,220,10.377484
heredia_ulatina,9.9345539,-84.0613648,221,10.469271
heredia_ulatina,9.9346013,-84.0612067,222,10.487371
heredia_ulatina,9.9347494,-84.0607128,223,10.543918
heredia_ulatina,9.934974,-84.0599349,224,10.632704
heredia_ulatina,9.9353703,-84.0585294,225,10.792828
heredia_ulatina,9.935424,-84.0582103,226,10.828285
heredia_ulatina,9.9354493,-84.0578951,227,10.862922
heredia_ulatina,9.935449,-84.0578346,228,10.869549
heredia_ulatina,9.9354472,-84.0577088,229,10.883329
heredia_ulatina,9.9354447,-84.0576149,230,10.893617
heredia_ulatina,9.9354263,-84.0573417,231,10.923610
heredia_ulatina,9.9353809,-84.0570515,232,10.955793
heredia_ulatina,9.9352778,-84.0566251,233,11.003882
heredia_ulatina,9.9351827,-84.056271,234,11.044081
heredia_ulatina,9.935085,-84.0559143,235,11.084632
heredia_ulatina,9.9349716,-84.0555179,236,11.129843
heredia_ulatina,9.9349514,-84.0554471,237,11.137916
heredia_ulatina,9.9349123,-84.0553234,238,11.152145
heredia_ulatina,9.9344573,-84.0537972,239,11.326795
heredia_ulatina,9.9344104,-84.0536339,240,11.345426
heredia_ulatina,9.9341796,-84.0528887,241,11.430985
heredia_ulatina,9.9340346,-84.05241899,243,11.484899
heredia_ulatina,9.9340324,-84.0523175,244,11.496018
heredia_ulatina,9.9339859,-84.0521666,245,11.513335
heredia_ulatina,9.9336837,-84.051054,246,11.639744
heredia_ulatina,9.9334745,-84.0503073,247,11.724772
heredia_ulatina,9.9332674,-84.0495966,248,11.805949
heredia_ulatina,9.9332136,-84.0493276,249,11.836013
heredia_ulatina,9.9329369,-84.0481679,250,11.966706
heredia_ulatina,9.9328589,-84.0477108,251,12.017517
heredia_ulatina,9.9327561,-84.0469136,252,12.105578
heredia_ulatina,9.9327383,-84.0467622,253,12.122278
heredia_ulatina,9.9326892,-84.045777,254,12.230324
heredia_ulatina,9.9326469,-84.0450655,255,12.308395
heredia_ulatina,9.9326429,-84.0448899,256,12.327633
heredia_ulatina,9.932641,-84.0448184,257,12.335467
heredia_ulatina,9.9326307,-84.0444387,258,12.377071
heredia_ulatina,9.9326027,-84.0439976,259,12.425484
heredia_ulatina,9.9325526,-84.0438187,260,12.445855
heredia_ulatina,9.9324705,-84.0435545,261,12.476198
alajuela_atlantico,10.00858815,-84.20928014,0,0
alajuela_atlantico,10.0015666,-84.1952571,1,1.722668
alajuela_atlantico,10.0015934,-84.1952532,2,1.725679
alajuela_atlantico,10.0015166,-84.1947451,3,1.781970
alajuela_atlantico,10.0014529,-84.1942797,4,1.833424
alajuela_atlantico,10.001441,-84.1939508,5,1.869464
alajuela_atlantico,10.0014686,-84.1935024,6,1.918662
alajuela_atlantico,10.0015208,-84.19323,7,1.949051
alajuela_atlantico,10.001602,-84.1929374,8,1.982340
alajuela_atlantico,10.0017682,-84.1925342,9,2.030204
alajuela_atlantico,10.0024206,-84.1907378,10,2.239868
alajuela_atlantico,10.0028292,-84.1897018,11,2.362075
alajuela_atlantico,10.0030506,-84.1891407,12,2.428267
alajuela_atlantico,10.003322,-84.1884355,13,2.511177
alajuela_atlantico,10.0034876,-84.1879732,14,2.565045
alajuela_atlantico,10.0035754,-84.1877416,15,2.592221
alajuela_atlantico,10.0036991,-84.18731,16,2.641444
alajuela_atlantico,10.0037221,-84.1871139,17,2.663069
alajuela_atlantico,10.0037313,-84.1869364,18,2.682533
alajuela_atlantico,10.0036899,-84.186745,19,2.703992
alajuela_atlantico,10.0035703,-84.1864087,20,2.743146
alajuela_atlantico,10.0034596,-84.1861214,21,2.776929
alajuela_atlantico,10.003368,-84.1858548,22,2.807849
alajuela_atlantico,10.0032608,-84.1856133,23,2.836856
alajuela_atlantico,10.0031693,-84.1854229,24,2.860056
alajuela_atlantico,10.0030624,-84.1851463,25,2.892594
alajuela_atlantico,10.0028264,-84.184487,26,2.969412
alajuela_atlantico,10.0026085,-84.1838573,27,3.042500
alajuela_atlantico,10.0025188,-84.1836869,28,3.063658
alajuela_atlantico,10.0025422,-84.1836739,29,3.066624
alajuela_atlantico,10.0024659,-84.1834627,31,3.091258
alajuela_atlantico,10.0023008,-84.1829903,32,3.146149
alajuela_atlantico,10.0022543,-84.1827692,33,3.170907
alajuela_atlantico,10.0022083,-84.1824984,34,3.200999
alajuela_atlantico,10.0021876,-84.1821971,35,3.234073
alajuela_atlantico,10.0022083,-84.1818749,36,3.269430
alajuela_atlantico,10.0022474,-84.1814499,37,3.316172
alajuela_atlantico,10.0023003,-84.181123,38,3.352450
alajuela_atlantico,10.0024383,-84.1805089,39,3.421425
alajuela_atlantico,10.0026728,-84.1796356,40,3.520547
alajuela_atlantico,10.0029028,-84.1788628,41,3.608952
alajuela_atlantico,10.0030891,-84.178237,42,3.680543
alajuela_atlantico,10.0031465,-84.1780105,43,3.706154
alajuela_atlantico,10.003181,-84.177791,44,3.730494
alajuela_atlantico,10.0032063,-84.1773894,45,3.774561
alajuela_atlantico,10.0031718,-84.1769924,46,3.818203
alajuela_atlantico,10.003158,-84.1768056,47,3.838716
alajuela_atlantico,10.0031364,-84.1766168,48,3.859530
alajuela_atlantico,10.0031028,-84.1764834,49,3.874608
alajuela_atlantico,10.0030638,-84.1763083,50,3.894266
alajuela_atlantico,10.0029743,-84.1759737,51,3.932234
alajuela_atlantico,10.0027296,-84.1753401,52,4.006761
alajuela_atlantico,10.0025552,-84.1750558,53,4.043439
alajuela_atlantico,10.0023933,-84.1748491,54,4.072360
alajuela_atlantico,10.0023175,-84.1747393,55,4.087043
alajuela_atlantico,10.0021682,-84.1744926,56,4.118751
alajuela_atlantico,10.0019428,-84.174091,57,4.169369
alajuela_atlantico,10.0018693,-84.1738622,58,4.195723
alajuela_atlantico,10.0018095,-84.1735399,59,4.231638
alajuela_atlantico,10.0018141,-84.1732924,60,4.258745
alajuela_atlantico,10.0020578,-84.1725639,61,4.342996
alajuela_atlantico,10.00232,-84.1717747,62,4.434203
alajuela_atlantico,10.0026649,-84.1708127,63,4.546310
alajuela_atlantico,10.0028811,-84.1702651,64,4.610915
alajuela_atlantico,10.0030526,-84.1698762,65,4.657576
alajuela_atlantico,10.0032038,-84.1696473,66,4.687758
alajuela_atlantico,10.0033669,-84.1694736,67,4.714039
alajuela_atlantico,10.0034546,-84.1694148,68,4.725725
alajuela_atlantico,10.0035588,-84.1693801,69,4.737918
alajuela_atlantico,10.0036285,-84.1693637,70,4.745874
alajuela_atlantico,10.0040523,-84.1693173,71,4.793272
alajuela_atlantico,10.0043798,-84.1692744,72,4.829990
alajuela_atlantico,10.0045196,-84.1692484,73,4.845793
alajuela_atlantico,10.0046793,-84.1691922,74,4.864587
alajuela_atlantico,10.0048448,-84.1691034,75,4.885401
alajuela_atlantico,10.0049744,-84.1689996,76,4.903755
alajuela_atlantico,10.0051564,-84.168766,77,4.936373
alajuela_atlantico,10.0052507,-84.1685293,78,4.964333
alajuela_atlantico,10.0052705,-84.1683612,79,4.982872
alajuela_atlantico,10.0052624,-84.1681757,80,5.003205
alajuela_atlantico,10.0052457,-84.1679224,81,5.031004
alajuela_atlantico,10.0051992,-84.167342,82,5.094770
alajuela_atlantico,10.0051569,-84.166894,83,5.144053
alajuela_atlantico,10.0050803,-84.1661725,84,5.223518
alajuela_atlantico,10.0049509,-84.1648502,85,5.369028
alajuela_atlantico,10.0049281,-84.1643957,86,5.418862
alajuela_atlantico,10.004906,-84.1638835,87,5.475004
alajuela_atlantico,10.004854,-84.1633265,88,5.536271
alajuela_atlantico,10.0047859,-84.1626638,89,5.609233
alajuela_atlantico,10.0046815,-84.1617476,90,5.710230
alajuela_atlantico,10.0045847,-84.1608458,91,5.809566
alajuela_atlantico,10.0044999,-84.160025,92,5.899940
alajuela_atlantico,10.0043205,-84.1588902,93,6.025796
alajuela_atlantico,10.0038606,-84.1561303,94,6.332313
alajuela_atlantico,10.0037476,-84.1556153,95,6.390091
alajuela_atlantico,10.0036298,-84.1549649,96,6.462507
alajuela_atlantico,10.0035223,-84.1543675,97,6.529008
alajuela_atlantico,10.0033999,-84.1537087,98,6.602422
alajuela_atlantico,10.0032359,-84.1528184,99,6.701605
alajuela_atlantico,10.0032568,-84.1526009,100,6.725535
alajuela_atlantico,10.0032136,-84.1526106,101,6.730455
alajuela_atlantico,10.0031651,-84.1524174,102,6.752288
alajuela_atlantico,10.0031863,-84.1521938,104,6.776886
alajuela_atlantico,10.0031446,-84.1522019,105,6.781607
alajuela_atlantico,10.0030793,-84.1519319,106,6.812052
alajuela_atlantico,10.0029147,-84.1510496,107,6.910386
alajuela_atlantico,10.0027659,-84.1501601,108,7.009186
alajuela_atlantico,10.0024715,-84.1483988,109,7.204815
alajuela_atlantico,10.0023264,-84.1475891,110,7.294937
alajuela_atlantico,10.0022706,-84.1472918,111,7.328079
alajuela_atlantico,10.0022071,-84.1469611,112,7.364974
alajuela_atlantico,10.0021382,-84.1466689,113,7.397876
alajuela_atlantico,10.0020606,-84.1462938,114,7.439847
alajuela_atlantico,10.0019688,-84.1458883,115,7.485410
alajuela_atlantico,10.0018929,-84.1457065,116,7.507033
alajuela_atlantico,10.001805,-84.1455309,117,7.528603
alajuela_atlantico,10.0016138,-84.1452814,118,7.563222
alajuela_atlantico,10.0014348,-84.1450934,119,7.591858
alajuela_atlantico,10.0013104,-84.1449794,120,7.610491
alajuela_atlantico,10.0010828,-84.1447514,121,7.646041
alajuela_atlantico,10.0007763,-84.1444464,122,7.693760
alajuela_atlantico,10.0004365,-84.1440797,123,7.748897
alajuela_atlantico,10.0002363,-84.143787,124,7.787921
alajuela_atlantico,10.0000057,-84.1433711,125,7.840187
alajuela_atlantico,9.999863,-84.1430568,126,7.878086
alajuela_atlantico,9.9997265,-84.1426471,127,7.925448
alajuela_atlantico,9.9996476,-84.142265,128,7.968200
alajuela_atlantico,9.9995687,-84.1418645,129,8.012926
alajuela_atlantico,9.9995462,-84.141674,130,8.033937
alajuela_atlantico,9.9994706,-84.1411205,131,8.095128
alajuela_atlantico,9.9993796,-84.1404858,132,8.165364
alajuela_atlantico,9.9992704,-84.1397094,133,8.251247
alajuela_atlantico,9.9991793,-84.1392103,134,8.306833
alajuela_atlantico,9.9991247,-84.138896,135,8.341782
alajuela_atlantico,9.9990398,-84.1383784,136,8.399243
alajuela_atlantico,9.9989643,-84.1378557,137,8.457094
alajuela_atlantico,9.998888,-84.1375588,138,8.490695
alajuela_atlantico,9.9987902,-84.1371953,139,8.531959
alajuela_atlantico,9.998694,-84.136872,140,8.568943
alajuela_atlantico,9.9986136,-84.1366644,141,8.593372
alajuela_atlantico,9.9984126,-84.1362476,142,8.644192
alajuela_atlantico,9.9970355,-84.1338166,143,8.951300
alajuela_atlantico,9.9964184,-84.1327647,144,9.085380
alajuela_atlantico,9.9962644,-84.1324673,145,9.122175
alajuela_atlantico,9.9961543,-84.1322605,146,9.147918
alajuela_atlantico,9.9960183,-84.1320297,147,9.177371
alajuela_atlantico,9.9957462,-84.1315577,148,9.237263
alajuela_atlantico,9.995556,-84.1312224,149,9.279636
alajuela_atlantico,9.9954046,-84.1309419,150,9.314663
alajuela_atlantico,9.9952879,-84.1307262,151,9.341614
alajuela_atlantico,9.995136,-84.1303964,152,9.381484
alajuela_atlantico,9.9950171,-84.1300878,153,9.417772
alajuela_atlantico,9.9949669,-84.1299149,154,9.437511
alajuela_atlantico,9.9948665,-84.1295394,155,9.480120
alajuela_atlantico,9.9947939,-84.1292685,156,9.510864
alajuela_atlantico,9.9947844,-84.1292036,157,9.518049
alajuela_atlantico,9.9947569,-84.1290284,159,9.537477
alajuela_atlantico,9.9947417,-84.1288291,160,9.559367
alajuela_atlantico,9.9947182,-84.1286435,161,9.579859
alajuela_atlantico,9.9947131,-84.1284793,162,9.597849
alajuela_atlantico,9.9947268,-84.1282765,163,9.620110
alajuela_atlantico,9.994768,-84.1280626,164,9.643977
alajuela_atlantico,9.9948187,-84.1278713,165,9.665671
alajuela_atlantico,9.9948657,-84.1276759,166,9.687698
alajuela_atlantico,9.9949506,-84.1273669,167,9.722828
alajuela_atlantico,9.9949934,-84.1271401,168,9.748116
alajuela_atlantico,9.9950029,-84.1270043,169,9.763025
alajuela_atlantico,9.9950057,-84.1267504,170,9.790830
alajuela_atlantico,9.9950004,-84.1265129,171,9.816845
alajuela_atlantico,9.9949873,-84.1262198,172,9.848975
alajuela_atlantico,9.9949482,-84.1255241,173,9.925283
alajuela_atlantico,9.9949059,-84.1251508,174,9.966432
alajuela_atlantico,9.9949037,-84.1250978,175,9.972241
alajuela_atlantico,9.9949665,-84.1247819,176,10.007532
alajuela_atlantico,9.9950252,-84.1245912,177,10.029411
alajuela_atlantico,9.9950929,-84.1243538,178,10.056476
alajuela_atlantico,9.9951376,-84.1241333,179,10.081129
alajuela_atlantico,9.9952002,-84.1238297,180,10.115096
alajuela_atlantico,9.995248,-84.1235857,181,10.142339
alajuela_atlantico,9.9952614,-84.1235146,182,10.150266
alajuela_atlantico,9.9952092,-84.1226357,183,10.246687
alajuela_atlantico,9.9951274,-84.1217827,184,10.340539
alajuela_atlantico,9.9950636,-84.1209372,185,10.433399
alajuela_atlantico,9.9949856,-84.1201028,186,10.525182
alajuela_atlantico,9.994932,-84.1195995,187,10.580618
alajuela_atlantico,9.9949,-84.1192648,188,10.617443
alajuela_atlantico,9.9948131,-84.1184294,189,10.709434
alajuela_atlantico,9.9947672,-84.1179222,190,10.765210
alajuela_atlantico,9.9947539,-84.1176211,191,10.798216
alajuela_atlantico,9.9947416,-84.11753,192,10.808286
alajuela_atlantico,9.9947243,-84.11753,193,10.810209
alajuela_atlantico,9.9947002,-84.1170613,194,10.861605
alajuela_atlantico,9.9946758,-84.1170597,196,10.864324
alajuela_atlantico,9.9946617,-84.1166939,197,10.904413
alajuela_atlantico,9.9946381,-84.1166941,198,10.907037
alajuela_atlantico,9.9945773,-84.1161345,199,10.968689
alajuela_atlantico,9.9945473,-84.1159633,200,10.987731
alajuela_atlantico,9.9945191,-84.1158752,201,10.997876
alajuela_atlantico,9.9945003,-84.1158126,202,11.005042
alajuela_atlantico,9.9944768,-84.115744,203,11.012996
alajuela_atlantico,9.9941559,-84.1150124,204,11.100699
alajuela_atlantico,9.99407,-84.1147968,205,11.126168
alajuela_atlantico,9.9940138,-84.1145987,206,11.148743
alajuela_atlantico,9.9939789,-84.114399,207,11.170954
alajuela_atlantico,9.9939685,-84.1142225,208,11.190316
alajuela_atlantico,9.993987,-84.1140367,209,11.210767
alajuela_atlantico,9.9940545,-84.1137678,210,11.241155
alajuela_atlantico,9.9941433,-84.1134865,211,11.273503
alajuela_atlantico,9.9941796,-84.1132916,212,11.295224
alajuela_atlantico,9.9941595,-84.112975,213,11.329966
alajuela_atlantico,9.994133,-84.1128775,214,11.341043
alajuela_atlantico,9.9940166,-84.1126614,215,11.368015
alajuela_atlantico,9.9939337,-84.1125424,216,11.383978
alajuela_atlantico,9.9938449,-84.1124476,217,11.398305
alajuela_atlantico,9.9937622,-84.1123789,218,11.410186
alajuela_atlantico,9.9934746,-84.1122267,219,11.446248
alajuela_atlantico,9.9919342,-84.1116738,220,11.627919
alajuela_atlantico,9.991744,-84.1116007,221,11.650533
alajuela_atlantico,9.9916039,-84.1115498,222,11.667078
alajuela_atlantico,9.9910999,-84.1113456,223,11.727417
alajuela_atlantico,9.9908846,-84.1112698,224,11.752756
alajuela_atlantico,9.9905784,-84.1111621,225,11.788789
alajuela_atlantico,9.9900494,-84.1109143,226,11.853568
alajuela_atlantico,9.98963,-84.1106426,227,11.908887
alajuela_atlantico,9.9874515,-84.1090156,228,12.209593
alajuela_atlantico,9.9869738,-84.108677,230,12.274373
alajuela_atlantico,9.9857048,-84.1077508,231,12.448151
alajuela_atlantico,9.9843436,-84.1067613,232,12.634300
alajuela_atlantico,9.9828911,-84.1057018,233,12.833167
alajuela_atlantico,9.9827004,-84.1055626,234,12.859282
alajuela_atlantico,9.9798045,-84.1034064,235,13.258591
alajuela_atlantico,9.9781417,-84.1021781,236,13.487240
alajuela_atlantico,9.9779544,-84.1020166,237,13.514563
alajuela_atlantico,9.9773002,-84.1013367,238,13.618657
alajuela_atlantico,9.9768907,-84.1009346,239,13.682002
alajuela_atlantico,9.9764662,-84.1006516,240,13.738469
alajuela_atlantico,9.9759971,-84.1004506,241,13.795085
alajuela_atlantico,9.9752706,-84.1002575,242,13.878590
alajuela_atlantico,9.974934,-84.100166,243,13.917337
alajuela_atlantico,9.9743317,-84.1000102,244,13.986449
alajuela_atlantico,9.974061,-84.0999219,245,14.018064
alajuela_atlantico,9.9734728,-84.099624,246,14.091154
alajuela_atlantico,9.9729738,-84.0991475,247,14.167324
alajuela_atlantico,9.9724809,-84.0986159,248,14.247282
alajuela_atlantico,9.9721402,-84.0982397,249,14.303252
alajuela_atlantico,9.9719462,-84.098023,251,14.335323
alajuela_atlantico,9.971351,-84.0973432,252,14.434936
alajuela_atlantico,9.9709037,-84.0968391,253,14.509243
alajuela_atlantico,9.9696621,-84.095552,254,14.706549
alajuela_atlantico,9.9693772,-84.0952306,255,14.753904
alajuela_atlantico,9.9689718,-84.0947839,256,14.820427
alajuela_atlantico,9.967195,-84.0928496,257,15.110098
alajuela_atlantico,9.9669361,-84.092532,258,15.155249
alajuela_atlantico,9.9667561,-84.0920585,259,15.210834
alajuela_atlantico,9.9667371,-84.0915702,260,15.264353
alajuela_atlantico,9.9668381,-84.0911277,261,15.314098
alajuela_atlantico,9.9668201,-84.0907639,262,15.353991
alajuela_atlantico,9.9666795,-84.0904702,263,15.389754
alajuela_atlantico,9.9663838,-84.0902639,264,15.429649
alajuela_atlantico,9.9655498,-84.0899586,265,15.528229
alajuela_atlantico,9.9651328,-84.0898096,266,15.577384
alajuela_atlantico,9.9646934,-84.0897352,267,15.626918
alajuela_atlantico,9.964202,-84.0897501,268,15.681584
alajuela_atlantico,9.9638669,-84.0899511,269,15.724862
alajuela_atlantico,9.963636,-84.0902862,270,15.769651
alajuela_atlantico,9.9634493,-84.0907677,271,15.826323
alajuela_atlantico,9.963219,-84.090977,272,15.860691
alajuela_atlantico,9.9628906,-84.0910748,273,15.898746
alajuela_atlantico,9.9625563,-84.0910861,274,15.935939
alajuela_atlantico,9.9624647,-84.0910739,275,15.946212
alajuela_atlantico,9.9621067,-84.0909123,276,15.989777
alajuela_atlantico,9.9616526,-84.0906076,277,16.050301
alajuela_atlantico,9.9599741,-84.0895209,278,16.271658
alajuela_atlantico,9.958879,-84.0887993,279,16.416825
alajuela_atlantico,9.9578283,-84.0881389,280,16.554233
alajuela_atlantico,9.9555752,-84.0866788,281,16.851451
alajuela_atlantico,9.9554726,-84.0866106,282,16.865087
alajuela_atlantico,9.9551575,-84.086401,284,16.906975
alajuela_atlantico,9.9549392,-84.0862465,285,16.936564
alajuela_atlantico,9.9548351,-84.0861835,286,16.950040
alajuela_atlantico,9.9547059,-84.0861228,287,16.965870
alajuela_atlantico,9.9541497,-84.0857663,288,17.039010
alajuela_atlantico,9.9505538,-84.0834022,289,17.515368
alajuela_atlantico,9.9503989,-84.0832502,290,17.539322
alajuela_atlantico,9.9502724,-84.0830634,291,17.564150
alajuela_atlantico,9.9501321,-84.0827365,292,17.603204
alajuela_atlantico,9.9500654,-84.0823582,293,17.645295
alajuela_atlantico,9.95007,-84.0820547,294,17.678539
alajuela_atlantico,9.9501022,-84.0817511,295,17.711982
alajuela_atlantico,9.9502149,-84.0809782,296,17.797554
alajuela_atlantico,9.9502494,-84.080682,297,17.830221
alajuela_atlantico,9.9502586,-84.0804832,298,17.852018
alajuela_atlantico,9.9502425,-84.0803011,299,17.872042
alajuela_atlantico,9.950185,-84.0800979,300,17.895197
alajuela_atlantico,9.9500746,-84.0799088,301,17.919273
alajuela_atlantico,9.9499343,-84.0797337,302,17.943994
alajuela_atlantico,9.9497871,-84.0794932,303,17.975006
alajuela_atlantico,9.9496468,-84.0792807,304,18.003024
alajuela_atlantico,9.9494813,-84.0789725,305,18.041470
alajuela_atlantico,9.9494077,-84.0787086,306,18.071509
alajuela_atlantico,9.9493594,-84.0784004,307,18.105689
alajuela_atlantico,9.9492732,-84.0776168,308,18.192044
alajuela_atlantico,9.9491962,-84.0773625,309,18.221182
alajuela_atlantico,9.9491087,-84.0772049,310,18.240996
alajuela_atlantico,9.949042,-84.0771185,311,18.253019
alajuela_atlantico,9.9489592,-84.0770344,312,18.266042
alajuela_atlantico,9.9488465,-84.076948,313,18.281746
alajuela_atlantico,9.9486625,-84.0768523,314,18.304734
alajuela_atlantico,9.9482876,-84.0766702,315,18.350946
alajuela_atlantico,9.9481266,-84.0765604,316,18.372513
alajuela_atlantico,9.948016,-84.0764298,317,18.391376
alajuela_atlantico,9.9479147,-84.0762948,318,18.409964
alajuela_atlantico,9.9477517,-84.0759043,319,18.456415
alajuela_atlantico,9.9476091,-84.075484,320,18.505102
alajuela_atlantico,9.9475056,-84.0751151,321,18.547112
alajuela_atlantico,9.9473125,-84.0746527,322,18.602119
alajuela_atlantico,9.9471308,-84.0743562,323,18.640365
alajuela_atlantico,9.9469376,-84.0740713,324,18.678248
alajuela_atlantico,9.9465374,-84.0735536,325,18.750326
alajuela_atlantico,9.9460112,-84.0728059,326,18.850972
alajuela_atlantico,9.9459928,-84.0728221,327,18.853680
alajuela_atlantico,9.945944,-84.072759,329,18.862467
alajuela_atlantico,9.9456862,-84.0724065,330,18.910553
alajuela_atlantico,9.9455116,-84.0721975,331,18.940568
alajuela_atlantico,9.9453678,-84.0719915,332,18.968222
alajuela_atlantico,9.9451772,-84.0717715,333,19.000311
alajuela_atlantico,9.9449365,-84.0714596,334,19.043708
alajuela_atlantico,9.9447226,-84.0711887,335,19.081735
alajuela_atlantico,9.9444673,-84.0708875,336,19.125257
alajuela_atlantico,9.9442499,-84.0706101,337,19.164082
alajuela_atlantico,9.9439989,-84.070299,338,19.208127
alajuela_atlantico,9.9437767,-84.0700177,339,19.247620
alajuela_atlantico,9.9436517,-84.0699144,340,19.265542
alajuela_atlantico,9.9434626,-84.0698001,341,19.290013
alajuela_atlantico,9.9432935,-84.0697142,342,19.311038
alajuela_atlantico,9.9431503,-84.0696688,343,19.327720
alajuela_atlantico,9.9430029,-84.0696418,344,19.344375
alajuela_atlantico,9.9428555,-84.0696171,345,19.360987
alajuela_atlantico,9.9426301,-84.0695793,346,19.386390
alajuela_atlantico,9.9425046,-84.0695582,347,19.400535
alajuela_atlantico,9.9423986,-84.0695514,348,19.412345
alajuela_atlantico,9.942091,-84.069535,349,19.446595
alajuela_atlantico,9.9416846,-84.0695319,350,19.491786
alajuela_atlantico,9.9413881,-84.0695257,351,19.524763
alajuela_atlantico,9.9409149,-84.0695186,352,19.577386
alajuela_atlantico,9.9406373,-84.0695178,353,19.608254
alajuela_atlantico,9.9403506,-84.0695387,354,19.640215
alajuela_atlantico,9.9402789,-84.069542,355,19.648196
alajuela_atlantico,9.9401405,-84.0695643,356,19.663778
alajuela_atlantico,9.9400022,-84.0695967,357,19.679561
alajuela_atlantico,9.9395146,-84.0697851,358,19.737573
alajuela_atlantico,9.939014,-84.0701113,359,19.803716
alajuela_atlantico,9.9385042,-84.0704572,360,19.871898
alajuela_atlantico,9.938185,-84.0706703,361,19.914378
alajuela_atlantico,9.9377861,-84.0709258,362,19.966823
alajuela_atlantico,9.9375341,-84.0710849,363,19.999821
alajuela_atlantico,9.9373571,-84.0712002,364,20.023205
alajuela_atlantico,9.9371853,-84.0712699,365,20.043778
alajuela_atlantico,9.9370595,-84.0713109,366,20.058469
alajuela_atlantico,9.9369634,-84.0713229,367,20.069235
alajuela_atlantico,9.9368683,-84.0713287,368,20.079829
alajuela_atlantico,9.9368268,-84.0713281,369,20.084444
alajuela_atlantico,9.9367661,-84.0713274,370,20.091194
alajuela_atlantico,9.9366569,-84.071319,371,20.103371
alajuela_atlantico,9.9365909,-84.0713123,372,20.110747
alajuela_atlantico,9.9365213,-84.0713003,373,20.118597
alajuela_atlantico,9.9364146,-84.0712741,374,20.130803
alajuela_atlantico,9.9363145,-84.0712396,375,20.142558
alajuela_atlantico,9.9362484,-84.071214,376,20.150425
alajuela_atlantico,9.9361588,-84.0711793,377,20.161088
alajuela_atlantico,9.9360964,-84.0711552,378,20.168512
alajuela_atlantico,9.9360274,-84.071121,379,20.177050
alajuela_atlantico,9.9359023,-84.0710408,380,20.193501
alajuela_atlantico,9.9357955,-84.0709578,381,20.208457
alajuela_atlantico,9.9357232,-84.0708946,382,20.219066
alajuela_atlantico,9.935657,-84.0708206,383,20.230015
alajuela_atlantico,9.9355726,-84.0706706,384,20.248935
alajuela_atlantico,9.9355382,-84.0706013,385,20.257435
alajuela_atlantico,9.935412,-84.0702807,386,20.295250
alajuela_atlantico,9.9352055,-84.0697586,387,20.356872
alajuela_atlantico,9.9350811,-84.0694177,388,20.396690
alajuela_atlantico,9.9350004,-84.0692158,389,20.420554
alajuela_atlantico,9.934998,-84.0692169,390,20.420847
alajuela_atlantico,9.9348794,-84.0689488,391,20.453037
alajuela_atlantico,9.9348801,-84.0689425,392,20.453731
alajuela_atlantico,9.9348741,-84.0689369,393,20.454638
ulatina_heredia,9.9325526,-84.0438187,1,0
ulatina_heredia,9.9326027,-84.0439976,2,0.020371
ulatina_heredia,9.9326307,-84.0444387,3,0.068784
ulatina_heredia,9.932641,-84.0448184,4,0.110388
ulatina_heredia,9.9326429,-84.0448899,5,0.118222
ulatina_heredia,9.9326469,-84.0450655,6,0.137460
ulatina_heredia,9.9326892,-84.045777,7,0.215531
ulatina_heredia,9.9327383,-84.0467622,8,0.323577
ulatina_heredia,9.9327561,-84.0469136,9,0.340277
ulatina_heredia,9.9328589,-84.0477108,10,0.428338
ulatina_heredia,9.9329369,-84.0481679,11,0.479149
ulatina_heredia,9.9332136,-84.0493276,12,0.609842
ulatina_heredia,9.9332674,-84.0495966,13,0.639906
ulatina_heredia,9.9334745,-84.0503073,14,0.721083
ulatina_heredia,9.9336837,-84.051054,15,0.806111
ulatina_heredia,9.9339859,-84.0521666,16,0.932520
ulatina_heredia,9.9340324,-84.0523175,17,0.949838
ulatina_heredia,9.9340346,-84.05241899,18,0.960956
ulatina_heredia,9.9341796,-84.0528887,19,1.014870
ulatina_heredia,9.9344104,-84.0536339,21,1.100430
ulatina_heredia,9.9344573,-84.0537972,22,1.119060
ulatina_heredia,9.9349123,-84.0553234,23,1.293710
ulatina_heredia,9.9349514,-84.0554471,24,1.307939
ulatina_heredia,9.9349716,-84.0555179,25,1.316012
ulatina_heredia,9.935085,-84.0559143,26,1.361223
ulatina_heredia,9.9351827,-84.056271,27,1.401774
ulatina_heredia,9.9352778,-84.0566251,28,1.441973
ulatina_heredia,9.9353809,-84.0570515,29,1.490062
ulatina_heredia,9.9354263,-84.0573417,30,1.522245
ulatina_heredia,9.9354447,-84.0576149,31,1.552238
ulatina_heredia,9.9354472,-84.0577088,32,1.562526
ulatina_heredia,9.935449,-84.0578346,33,1.576306
ulatina_heredia,9.9354493,-84.0578951,34,1.582933
ulatina_heredia,9.935424,-84.0582103,35,1.617570
ulatina_heredia,9.9353703,-84.0585294,36,1.653027
ulatina_heredia,9.934974,-84.0599349,37,1.813151
ulatina_heredia,9.9347494,-84.0607128,38,1.901937
ulatina_heredia,9.9346013,-84.0612067,39,1.958484
ulatina_heredia,9.9345539,-84.0613648,40,1.976584
ulatina_heredia,9.9343135,-84.0621665,41,2.068371
ulatina_heredia,9.9339051,-84.0635476,42,2.226310
ulatina_heredia,9.93386,-84.0637196,43,2.245805
ulatina_heredia,9.9336919,-84.0643327,44,2.315509
ulatina_heredia,9.9335883,-84.0648111,45,2.369159
ulatina_heredia,9.9335683,-84.0649459,46,2.384089
ulatina_heredia,9.9335552,-84.0650526,47,2.395867
ulatina_heredia,9.9335423,-84.0653349,48,2.426820
ulatina_heredia,9.9335718,-84.0656888,49,2.465720
ulatina_heredia,9.9336275,-84.0661287,50,2.514298
ulatina_heredia,9.9336442,-84.066215,51,2.523931
ulatina_heredia,9.9336536,-84.0662543,52,2.528360
ulatina_heredia,9.9337832,-84.0666193,53,2.570856
ulatina_heredia,9.9340078,-84.0670711,54,2.626286
ulatina_heredia,9.9340801,-84.0672424,55,2.646698
ulatina_heredia,9.9341662,-84.0674254,56,2.668910
ulatina_heredia,9.9343165,-84.0677596,57,2.709149
ulatina_heredia,9.9343972,-84.067946,58,2.731450
ulatina_heredia,9.9347342,-84.0686116,59,2.813419
ulatina_heredia,9.9347298,-84.068614,60,2.813974
ulatina_heredia,9.9347849,-84.0687269,61,2.827775
ulatina_heredia,9.9348741,-84.0689369,62,2.852823
ulatina_heredia,9.9348801,-84.0689425,64,2.853729
ulatina_heredia,9.9348794,-84.0689488,65,2.854423
ulatina_heredia,9.934998,-84.0692169,66,2.886613
ulatina_heredia,9.9350004,-84.0692158,67,2.886906
ulatina_heredia,9.9350811,-84.0694177,68,2.910771
ulatina_heredia,9.9352055,-84.0697586,69,2.950589
ulatina_heredia,9.935412,-84.0702807,70,3.012211
ulatina_heredia,9.9355382,-84.0706013,71,3.050025
ulatina_heredia,9.9355726,-84.0706706,72,3.058525
ulatina_heredia,9.935657,-84.0708206,73,3.077446
ulatina_heredia,9.9357232,-84.0708946,74,3.088394
ulatina_heredia,9.9357955,-84.0709578,75,3.099003
ulatina_heredia,9.9359023,-84.0710408,76,3.113959
ulatina_heredia,9.9360274,-84.071121,77,3.130411
ulatina_heredia,9.9360964,-84.0711552,78,3.138949
ulatina_heredia,9.9361588,-84.0711793,79,3.146373
ulatina_heredia,9.9362484,-84.071214,80,3.157036
ulatina_heredia,9.9363145,-84.0712396,81,3.164903
ulatina_heredia,9.9364146,-84.0712741,82,3.176657
ulatina_heredia,9.9365213,-84.0713003,83,3.188864
ulatina_heredia,9.9365909,-84.0713123,84,3.196714
ulatina_heredia,9.9366569,-84.071319,85,3.204089
ulatina_heredia,9.9367661,-84.0713274,86,3.216266
ulatina_heredia,9.9368268,-84.0713281,87,3.223016
ulatina_heredia,9.9368683,-84.0713287,88,3.227631
ulatina_heredia,9.9369634,-84.0713229,89,3.238225
ulatina_heredia,9.9370595,-84.0713109,90,3.248991
ulatina_heredia,9.9371853,-84.0712699,91,3.263683
ulatina_heredia,9.9373571,-84.0712002,92,3.284255
ulatina_heredia,9.9375341,-84.0710849,93,3.307640
ulatina_heredia,9.9377861,-84.0709258,94,3.340637
ulatina_heredia,9.938185,-84.0706703,95,3.393083
ulatina_heredia,9.9385042,-84.0704572,96,3.435563
ulatina_heredia,9.939014,-84.0701113,97,3.503744
ulatina_heredia,9.9395146,-84.0697851,98,3.569887
ulatina_heredia,9.9400022,-84.0695967,99,3.627900
ulatina_heredia,9.9401405,-84.0695643,100,3.643682
ulatina_heredia,9.9402789,-84.069542,101,3.659264
ulatina_heredia,9.9403506,-84.0695387,102,3.667245
ulatina_heredia,9.9406373,-84.0695178,103,3.699207
ulatina_heredia,9.9409149,-84.0695186,104,3.730075
ulatina_heredia,9.9413881,-84.0695257,105,3.782698
ulatina_heredia,9.9416846,-84.0695319,106,3.815674
ulatina_heredia,9.942091,-84.069535,107,3.860865
ulatina_heredia,9.9423986,-84.0695514,108,3.895116
ulatina_heredia,9.9425046,-84.0695582,109,3.906926
ulatina_heredia,9.9426301,-84.0695793,110,3.921071
ulatina_heredia,9.9428555,-84.0696171,111,3.946474
ulatina_heredia,9.9430029,-84.0696418,112,3.963086
ulatina_heredia,9.9431503,-84.0696688,113,3.979741
ulatina_heredia,9.9432935,-84.0697142,114,3.996422
ulatina_heredia,9.9434626,-84.0698001,115,4.017447
ulatina_heredia,9.9436517,-84.0699144,116,4.041919
ulatina_heredia,9.9437767,-84.0700177,117,4.059841
ulatina_heredia,9.9439989,-84.070299,118,4.099333
ulatina_heredia,9.9442499,-84.0706101,119,4.143378
ulatina_heredia,9.9444673,-84.0708875,120,4.182204
ulatina_heredia,9.9447226,-84.0711887,121,4.225726
ulatina_heredia,9.9449365,-84.0714596,122,4.263752
ulatina_heredia,9.9451772,-84.0717715,123,4.307149
ulatina_heredia,9.9453678,-84.0719915,124,4.339239
ulatina_heredia,9.9455116,-84.0721975,125,4.366892
ulatina_heredia,9.9456862,-84.0724065,126,4.396907
ulatina_heredia,9.945944,-84.072759,127,4.444993
ulatina_heredia,9.9459928,-84.0728221,128,4.453780
ulatina_heredia,9.9460112,-84.0728059,130,4.456488
ulatina_heredia,9.9465374,-84.0735536,131,4.557134
ulatina_heredia,9.9469376,-84.0740713,132,4.629212
ulatina_heredia,9.9471308,-84.0743562,133,4.667095
ulatina_heredia,9.9473125,-84.0746527,134,4.705341
ulatina_heredia,9.9475056,-84.0751151,135,4.760349
ulatina_heredia,9.9476091,-84.075484,136,4.802359
ulatina_heredia,9.9477517,-84.0759043,137,4.851046
ulatina_heredia,9.9479147,-84.0762948,138,4.897497
ulatina_heredia,9.948016,-84.0764298,139,4.916084
ulatina_heredia,9.9481266,-84.0765604,140,4.934948
ulatina_heredia,9.9482876,-84.0766702,141,4.956514
ulatina_heredia,9.9486625,-84.0768523,142,5.002727
ulatina_heredia,9.9488465,-84.076948,143,5.025715
ulatina_heredia,9.9489592,-84.0770344,144,5.041418
ulatina_heredia,9.949042,-84.0771185,145,5.054441
ulatina_heredia,9.9491087,-84.0772049,146,5.066464
ulatina_heredia,9.9491962,-84.0773625,147,5.086278
ulatina_heredia,9.9492732,-84.0776168,148,5.115416
ulatina_heredia,9.9493594,-84.0784004,149,5.201772
ulatina_heredia,9.9494077,-84.0787086,150,5.235951
ulatina_heredia,9.9494813,-84.0789725,151,5.265991
ulatina_heredia,9.9496468,-84.0792807,152,5.304436
ulatina_heredia,9.9497871,-84.0794932,153,5.332455
ulatina_heredia,9.9499343,-84.0797337,154,5.363466
ulatina_heredia,9.9500746,-84.0799088,155,5.388188
ulatina_heredia,9.950185,-84.0800979,156,5.412263
ulatina_heredia,9.9502425,-84.0803011,157,5.435418
ulatina_heredia,9.9502586,-84.0804832,158,5.455443
ulatina_heredia,9.9502494,-84.080682,159,5.477240
ulatina_heredia,9.9502149,-84.0809782,160,5.509906
ulatina_heredia,9.9501022,-84.0817511,161,5.595479
ulatina_heredia,9.95007,-84.0820547,162,5.628922
ulatina_heredia,9.9500654,-84.0823582,163,5.662166
ulatina_heredia,9.9501321,-84.0827365,164,5.704257
ulatina_heredia,9.9502724,-84.0830634,165,5.743311
ulatina_heredia,9.9503989,-84.0832502,166,5.768139
ulatina_heredia,9.9505538,-84.0834022,167,5.792093
ulatina_heredia,9.9541497,-84.0857663,168,6.268450
ulatina_heredia,9.9547059,-84.0861228,169,6.341590
ulatina_heredia,9.9548351,-84.0861835,170,6.357420
ulatina_heredia,9.9549392,-84.0862465,171,6.370896
ulatina_heredia,9.9551575,-84.086401,172,6.400485
ulatina_heredia,9.9554726,-84.0866106,173,6.442373
ulatina_heredia,9.9555752,-84.0866788,175,6.456009
ulatina_heredia,9.9578283,-84.0881389,176,6.753227
ulatina_heredia,9.958879,-84.0887993,177,6.890635
ulatina_heredia,9.9599741,-84.0895209,178,7.035802
ulatina_heredia,9.9616526,-84.0906076,179,7.257159
ulatina_heredia,9.9621067,-84.0909123,180,7.317684
ulatina_heredia,9.9624647,-84.0910739,181,7.361248
ulatina_heredia,9.9625563,-84.0910861,182,7.371521
ulatina_heredia,9.9628906,-84.0910748,183,7.408714
ulatina_heredia,9.963219,-84.090977,184,7.446769
ulatina_heredia,9.9634493,-84.0907677,185,7.481138
ulatina_heredia,9.963636,-84.0902862,186,7.537810
ulatina_heredia,9.9638669,-84.0899511,187,7.582599
ulatina_heredia,9.964202,-84.0897501,188,7.625877
ulatina_heredia,9.9646934,-84.0897352,189,7.680542
ulatina_heredia,9.9651328,-84.0898096,190,7.730076
ulatina_heredia,9.9655498,-84.0899586,191,7.779232
ulatina_heredia,9.9663838,-84.0902639,192,7.877812
ulatina_heredia,9.9666795,-84.0904702,193,7.917706
ulatina_heredia,9.9668201,-84.0907639,194,7.953470
ulatina_heredia,9.9668381,-84.0911277,195,7.993362
ulatina_heredia,9.9667371,-84.0915702,196,8.043108
ulatina_heredia,9.9667561,-84.0920585,197,8.096627
ulatina_heredia,9.9669361,-84.092532,198,8.152211
ulatina_heredia,9.967195,-84.0928496,199,8.197362
ulatina_heredia,9.9689718,-84.0947839,200,8.487033
ulatina_heredia,9.9693772,-84.0952306,201,8.553556
ulatina_heredia,9.9696621,-84.095552,202,8.600912
ulatina_heredia,9.9709037,-84.0968391,203,8.798217
ulatina_heredia,9.971351,-84.0973432,204,8.872525
ulatina_heredia,9.9719462,-84.098023,205,8.972138
ulatina_heredia,9.9721402,-84.0982397,206,9.004209
ulatina_heredia,9.9724809,-84.0986159,208,9.060178
ulatina_heredia,9.9729738,-84.0991475,209,9.140136
ulatina_heredia,9.9734728,-84.099624,210,9.216306
ulatina_heredia,9.974061,-84.0999219,211,9.289396
ulatina_heredia,9.9743317,-84.1000102,212,9.321012
ulatina_heredia,9.974934,-84.100166,213,9.390124
ulatina_heredia,9.9752706,-84.1002575,214,9.428870
ulatina_heredia,9.9759971,-84.1004506,215,9.512375
ulatina_heredia,9.9764662,-84.1006516,216,9.568991
ulatina_heredia,9.9768907,-84.1009346,217,9.625459
ulatina_heredia,9.9773002,-84.1013367,218,9.688803
ulatina_heredia,9.9779544,-84.1020166,219,9.792897
ulatina_heredia,9.9781417,-84.1021781,220,9.820221
ulatina_heredia,9.9798045,-84.1034064,221,10.048870
ulatina_heredia,9.9827004,-84.1055626,222,10.448178
ulatina_heredia,9.9828911,-84.1057018,223,10.474294
ulatina_heredia,9.9843436,-84.1067613,224,10.673160
ulatina_heredia,9.9857048,-84.1077508,225,10.859309
ulatina_heredia,9.9869738,-84.108677,226,11.033087
ulatina_heredia,9.9874515,-84.1090156,227,11.097867
ulatina_heredia,9.98963,-84.1106426,229,11.398574
ulatina_heredia,9.9900494,-84.1109143,230,11.453892
ulatina_heredia,9.9905784,-84.1111621,231,11.518672
ulatina_heredia,9.9908846,-84.1112698,232,11.554705
ulatina_heredia,9.9910999,-84.1113456,233,11.580043
ulatina_heredia,9.9916039,-84.1115498,234,11.640382
ulatina_heredia,9.991744,-84.1116007,235,11.656928
ulatina_heredia,9.9919342,-84.1116738,236,11.679541
ulatina_heredia,9.9934746,-84.1122267,237,11.861212
ulatina_heredia,9.9937622,-84.1123789,238,11.897274
ulatina_heredia,9.9938449,-84.1124476,239,11.909156
ulatina_heredia,9.9939337,-84.1125424,240,11.923483
ulatina_heredia,9.9940166,-84.1126614,241,11.939445
ulatina_heredia,9.994133,-84.1128775,242,11.966418
ulatina_heredia,9.9941595,-84.112975,243,11.977494
ulatina_heredia,9.9941796,-84.1132916,244,12.012236
ulatina_heredia,9.9941433,-84.1134865,245,12.033957
ulatina_heredia,9.9940545,-84.1137678,246,12.066306
ulatina_heredia,9.993987,-84.1140367,247,12.096694
ulatina_heredia,9.9939685,-84.1142225,248,12.117144
ulatina_heredia,9.9939789,-84.114399,249,12.136507
ulatina_heredia,9.9940138,-84.1145987,250,12.158717
ulatina_heredia,9.99407,-84.1147968,251,12.181293
ulatina_heredia,9.9941559,-84.1150124,252,12.206762
ulatina_heredia,9.9944768,-84.115744,253,12.294464
ulatina_heredia,9.9945003,-84.1158126,254,12.302418
ulatina_heredia,9.9945191,-84.1158752,255,12.309585
ulatina_heredia,9.9945473,-84.1159633,256,12.319729
ulatina_heredia,9.9945773,-84.1161345,257,12.338771
ulatina_heredia,9.9946381,-84.1166941,258,12.400424
ulatina_heredia,9.9946617,-84.1166939,259,12.403048
ulatina_heredia,9.9946758,-84.1170597,260,12.443136
ulatina_heredia,9.9947002,-84.1170613,261,12.445855
atlantico_oreamuno,9.934874,-84.0689,0,0
atlantico_oreamuno,9.934785,-84.0687,1,0.024037
atlantico_oreamuno,9.93473,-84.0686,2,0.036582
atlantico_oreamuno,9.934734,-84.0686,3,0.037027
atlantico_oreamuno,9.934397,-84.0679,4,0.122363
atlantico_oreamuno,9.934317,-84.0678,5,0.136474
atlantico_oreamuno,9.934166,-84.0674,6,0.183392
atlantico_oreamuno,9.93408,-84.0672,7,0.207294
atlantico_oreamuno,9.934008,-84.0671,8,0.220861
atlantico_oreamuno,9.933783,-84.0666,9,0.281069
atlantico_oreamuno,9.933654,-84.0663,10,0.316922
atlantico_oreamuno,9.933644,-84.0662,11,0.327931
atlantico_oreamuno,9.933628,-84.0661,12,0.339027
atlantico_oreamuno,9.933572,-84.0657,13,0.383279
atlantico_oreamuno,9.933542,-84.0653,14,0.427217
atlantico_oreamuno,9.933555,-84.0651,15,0.449170
atlantico_oreamuno,9.933568,-84.0649,16,0.471123
atlantico_oreamuno,9.933588,-84.0648,17,0.482299
atlantico_oreamuno,9.933692,-84.0643,18,0.538271
atlantico_oreamuno,9.93386,-84.0637,19,0.606591
atlantico_oreamuno,9.933905,-84.0635,20,0.629061
atlantico_oreamuno,9.934314,-84.0622,21,0.778534
atlantico_oreamuno,9.934554,-84.0614,22,0.870130
atlantico_oreamuno,9.934601,-84.0612,23,0.892650
atlantico_oreamuno,9.934749,-84.0607,24,0.949833
atlantico_oreamuno,9.934974,-84.0599,25,1.040957
atlantico_oreamuno,9.93537,-84.0585,26,1.200492
atlantico_oreamuno,9.935424,-84.0582,27,1.233895
atlantico_oreamuno,9.935449,-84.0579,28,1.266870
atlantico_oreamuno,9.935449,-84.0578,29,1.277823
atlantico_oreamuno,9.935447,-84.0577,30,1.288778
atlantico_oreamuno,9.935445,-84.0576,31,1.299733
atlantico_oreamuno,9.935426,-84.0573,32,1.332659
atlantico_oreamuno,9.935381,-84.0571,33,1.355129
atlantico_oreamuno,9.935278,-84.0566,34,1.411077
atlantico_oreamuno,9.935183,-84.0563,35,1.445592
atlantico_oreamuno,9.935085,-84.0559,36,1.490738
atlantico_oreamuno,9.934972,-84.0555,37,1.536315
atlantico_oreamuno,9.934951,-84.0554,38,1.547514
atlantico_oreamuno,9.934912,-84.0553,39,1.559294
atlantico_oreamuno,9.934457,-84.0538,40,1.731199
atlantico_oreamuno,9.93441,-84.0536,41,1.753719
atlantico_oreamuno,9.93418,-84.0529,42,1.834542
atlantico_oreamuno,9.934035,-84.0524,44,1.891630
atlantico_oreamuno,9.934032,-84.0523,45,1.902588
atlantico_oreamuno,9.933986,-84.0522,46,1.914676
atlantico_oreamuno,9.933684,-84.0511,47,2.039749
atlantico_oreamuno,9.933475,-84.0503,48,2.130401
atlantico_oreamuno,9.933267,-84.0496,49,2.210483
atlantico_oreamuno,9.933214,-84.0493,50,2.243866
atlantico_oreamuno,9.932937,-84.0482,51,2.368221
atlantico_oreamuno,9.932859,-84.0477,52,2.423668
atlantico_oreamuno,9.932756,-84.0469,53,2.512036
atlantico_oreamuno,9.932738,-84.0468,54,2.523170
atlantico_oreamuno,9.932689,-84.0458,55,2.632834
atlantico_oreamuno,9.932647,-84.0451,56,2.709646
atlantico_oreamuno,9.932643,-84.0449,57,2.731556
atlantico_oreamuno,9.932641,-84.0448,58,2.742511
atlantico_oreamuno,9.932631,-84.0444,59,2.786336
atlantico_oreamuno,9.932603,-84.044,60,2.830258
atlantico_oreamuno,9.932553,-84.0438,61,2.852858
atlantico_oreamuno,9.932471,-84.0436,62,2.876586
atlantico_oreamuno,9.932337,-84.0433,64,2.912665
atlantico_oreamuno,9.932141,-84.043,65,2.952094
atlantico_oreamuno,9.931902,-84.0427,66,2.994355
atlantico_oreamuno,9.93169,-84.0425,67,3.026535
atlantico_oreamuno,9.931297,-84.0422,68,3.081210
atlantico_oreamuno,9.930917,-84.042,69,3.128804
atlantico_oreamuno,9.930408,-84.0418,70,3.189494
atlantico_oreamuno,9.930026,-84.0417,71,3.233360
atlantico_oreamuno,9.927635,-84.0394,72,3.599622
atlantico_oreamuno,9.927325,-84.0391,73,3.647245
atlantico_oreamuno,9.925282,-84.0371,74,3.962830
atlantico_oreamuno,9.92346,-84.0353,76,4.245525
atlantico_oreamuno,9.923143,-84.035,77,4.293714
atlantico_oreamuno,9.92294,-84.0349,78,4.318804
atlantico_oreamuno,9.922879,-84.0348,79,4.331687
atlantico_oreamuno,9.92212,-84.034,80,4.453347
atlantico_oreamuno,9.921769,-84.0336,81,4.512022
atlantico_oreamuno,9.921525,-84.0332,82,4.563556
atlantico_oreamuno,9.921466,-84.0328,83,4.607857
atlantico_oreamuno,9.921456,-84.0323,84,4.662634
atlantico_oreamuno,9.921457,-84.0317,85,4.728354
atlantico_oreamuno,9.921438,-84.0314,86,4.761281
atlantico_oreamuno,9.921389,-84.0312,87,4.783855
atlantico_oreamuno,9.921209,-84.0307,88,4.842164
atlantico_oreamuno,9.920887,-84.0302,89,4.907595
atlantico_oreamuno,9.920045,-84.0288,90,5.087263
atlantico_oreamuno,9.919758,-84.0283,91,5.150649
atlantico_oreamuno,9.919603,-84.0279,92,5.197730
atlantico_oreamuno,9.91952,-84.0276,93,5.231862
atlantico_oreamuno,9.919525,-84.0272,94,5.275678
atlantico_oreamuno,9.91958,-84.0268,95,5.319916
atlantico_oreamuno,9.919736,-84.026,96,5.409243
atlantico_oreamuno,9.919819,-84.0256,97,5.454017
atlantico_oreamuno,9.919819,-84.0251,98,5.508783
atlantico_oreamuno,9.919759,-84.0248,99,5.542314
atlantico_oreamuno,9.919635,-84.0245,100,5.577949
atlantico_oreamuno,9.919307,-84.0239,101,5.653111
atlantico_oreamuno,9.919277,-84.0238,102,5.664561
atlantico_oreamuno,9.919064,-84.0235,104,5.705066
atlantico_oreamuno,9.918683,-84.0228,105,5.792665
atlantico_oreamuno,9.918554,-84.0223,106,5.849279
atlantico_oreamuno,9.918427,-84.0221,107,5.875343
atlantico_oreamuno,9.918207,-84.0216,108,5.935325
atlantico_oreamuno,9.917734,-84.0211,109,6.011256
atlantico_oreamuno,9.917494,-84.0208,110,6.053588
atlantico_oreamuno,9.917074,-84.0204,111,6.117625
atlantico_oreamuno,9.916863,-84.02,112,6.167324
atlantico_oreamuno,9.916778,-84.0195,113,6.222901
atlantico_oreamuno,9.916854,-84.0191,114,6.267522
atlantico_oreamuno,9.916998,-84.0186,115,6.324581
atlantico_oreamuno,9.917013,-84.0184,116,6.346551
atlantico_oreamuno,9.917005,-84.0183,117,6.357541
atlantico_oreamuno,9.91698,-84.0181,118,6.379623
atlantico_oreamuno,9.916939,-84.018,119,6.391487
atlantico_oreamuno,9.916838,-84.0178,120,6.416105
atlantico_oreamuno,9.91668,-84.0176,121,6.444187
atlantico_oreamuno,9.916555,-84.0174,122,6.470131
atlantico_oreamuno,9.916409,-84.0172,123,6.497397
atlantico_oreamuno,9.916072,-84.0169,124,6.547237
atlantico_oreamuno,9.915666,-84.0165,125,6.610147
atlantico_oreamuno,9.915551,-84.0164,126,6.626984
atlantico_oreamuno,9.915109,-84.0158,127,6.709050
atlantico_oreamuno,9.915005,-84.0157,128,6.724978
atlantico_oreamuno,9.914846,-84.0152,129,6.782528
atlantico_oreamuno,9.914794,-84.0147,130,6.837600
atlantico_oreamuno,9.914834,-84.0141,131,6.903471
atlantico_oreamuno,9.91482,-84.0139,132,6.925433
atlantico_oreamuno,9.914788,-84.0136,133,6.958485
atlantico_oreamuno,9.91471,-84.0134,134,6.982046
atlantico_oreamuno,9.914611,-84.0132,135,7.006563
atlantico_oreamuno,9.914467,-84.0129,136,7.043117
atlantico_oreamuno,9.914274,-84.0127,137,7.073784
atlantico_oreamuno,9.913608,-84.0122,138,7.165891
atlantico_oreamuno,9.913241,-84.0119,139,7.218286
atlantico_oreamuno,9.912854,-84.0115,140,7.279698
atlantico_oreamuno,9.912449,-84.011,141,7.350603
atlantico_oreamuno,9.911612,-84.0099,142,7.502851
atlantico_oreamuno,9.910877,-84.0088,143,7.648443
atlantico_oreamuno,9.910663,-84.0085,144,7.689015
atlantico_oreamuno,9.910458,-84.0082,145,7.729008
atlantico_oreamuno,9.910331,-84.0079,146,7.764775
atlantico_oreamuno,9.91026,-84.0076,147,7.798570
atlantico_oreamuno,9.910219,-84.0072,148,7.842621
atlantico_oreamuno,9.910212,-84.0069,149,7.875491
atlantico_oreamuno,9.910223,-84.0066,150,7.908375
atlantico_oreamuno,9.910282,-84.0063,151,7.941884
atlantico_oreamuno,9.910417,-84.006,152,7.978011
atlantico_oreamuno,9.910571,-84.0056,153,8.025053
atlantico_oreamuno,9.911003,-84.0047,154,8.134715
atlantico_oreamuno,9.911135,-84.0044,155,8.170705
atlantico_oreamuno,9.911219,-84.0041,156,8.204867
atlantico_oreamuno,9.91126,-84.0039,157,8.227244
atlantico_oreamuno,9.911332,-84.0031,158,8.315237
atlantico_oreamuno,9.911367,-84.0017,159,8.468636
atlantico_oreamuno,9.911494,-84.0005,160,8.600835
atlantico_oreamuno,9.911891,-83.9995,161,8.718931
atlantico_oreamuno,9.912035,-83.999,162,8.775991
atlantico_oreamuno,9.912061,-83.9983,163,8.852720
atlantico_oreamuno,9.911875,-83.9977,164,8.921619
atlantico_oreamuno,9.911443,-83.9962,165,9.092800
atlantico_oreamuno,9.911442,-83.996,166,9.114707
atlantico_oreamuno,9.911435,-83.9949,167,9.235199
atlantico_oreamuno,9.911519,-83.9931,168,9.432583
atlantico_oreamuno,9.911452,-83.9927,169,9.477026
atlantico_oreamuno,9.911266,-83.9924,170,9.515854
atlantico_oreamuno,9.910691,-83.9914,171,9.642684
atlantico_oreamuno,9.910403,-83.9907,172,9.725778
atlantico_oreamuno,9.91031,-83.9901,173,9.792308
atlantico_oreamuno,9.910184,-83.9895,174,9.859506
atlantico_oreamuno,9.910238,-83.9887,175,9.947340
atlantico_oreamuno,9.910282,-83.9881,176,10.013244
atlantico_oreamuno,9.910283,-83.9881,177,10.013355
atlantico_oreamuno,9.910309,-83.9878,178,10.046343
atlantico_oreamuno,9.910356,-83.9875,179,10.079616
atlantico_oreamuno,9.910443,-83.9872,180,10.113871
atlantico_oreamuno,9.910508,-83.987,181,10.136940
atlantico_oreamuno,9.910574,-83.9869,182,10.150125
atlantico_oreamuno,9.910593,-83.9867,183,10.172134
atlantico_oreamuno,9.910736,-83.9863,185,10.218744
atlantico_oreamuno,9.911025,-83.9857,186,10.291901
atlantico_oreamuno,9.911213,-83.9853,187,10.340447
atlantico_oreamuno,9.911424,-83.985,188,10.380824
atlantico_oreamuno,9.911617,-83.9847,189,10.420071
atlantico_oreamuno,9.911749,-83.9846,190,10.438386
atlantico_oreamuno,9.912063,-83.9841,191,10.503336
atlantico_oreamuno,9.912111,-83.984,192,10.515521
atlantico_oreamuno,9.912158,-83.984,193,10.520747
atlantico_oreamuno,9.912382,-83.9835,194,10.580912
atlantico_oreamuno,9.912515,-83.983,195,10.637642
atlantico_oreamuno,9.912559,-83.9827,196,10.670864
atlantico_oreamuno,9.912661,-83.9819,197,10.759223
atlantico_oreamuno,9.912673,-83.9818,198,10.770258
atlantico_oreamuno,9.912836,-83.9811,199,10.849045
atlantico_oreamuno,9.912992,-83.9807,200,10.896168
atlantico_oreamuno,9.91314,-83.9805,201,10.923568
atlantico_oreamuno,9.913542,-83.98,202,10.994261
atlantico_oreamuno,9.913856,-83.9795,203,11.059211
atlantico_oreamuno,9.914272,-83.9785,204,11.178113
atlantico_oreamuno,9.914462,-83.978,205,11.236814
atlantico_oreamuno,9.914555,-83.9778,206,11.261039
atlantico_oreamuno,9.914612,-83.9777,207,11.273694
atlantico_oreamuno,9.914626,-83.9776,208,11.284757
atlantico_oreamuno,9.914775,-83.9771,209,11.341975
atlantico_oreamuno,9.914775,-83.977,210,11.352929
atlantico_oreamuno,9.914753,-83.9763,211,11.429642
atlantico_oreamuno,9.914513,-83.9753,212,11.542380
atlantico_oreamuno,9.914355,-83.9745,213,11.631752
atlantico_oreamuno,9.914331,-83.9744,214,11.643025
atlantico_oreamuno,9.914174,-83.9738,215,11.711025
atlantico_oreamuno,9.913988,-83.9733,216,11.769568
atlantico_oreamuno,9.913467,-83.9725,217,11.874614
atlantico_oreamuno,9.913295,-83.9723,218,11.903695
atlantico_oreamuno,9.912957,-83.9719,219,11.961420
atlantico_oreamuno,9.912635,-83.9715,220,12.018003
atlantico_oreamuno,9.91201,-83.9704,221,12.157098
atlantico_oreamuno,9.911931,-83.97,222,12.201784
atlantico_oreamuno,9.911917,-83.9699,223,12.212848
atlantico_oreamuno,9.911889,-83.9696,224,12.245855
atlantico_oreamuno,9.911892,-83.9691,225,12.300624
atlantico_oreamuno,9.911949,-83.9681,226,12.410342
atlantico_oreamuno,9.911441,-83.9665,227,12.594477
atlantico_oreamuno,9.911175,-83.9654,228,12.718543
atlantico_oreamuno,9.910985,-83.9648,229,12.787577
atlantico_oreamuno,9.910515,-83.9643,230,12.863279
atlantico_oreamuno,9.909936,-83.9637,231,12.955281
atlantico_oreamuno,9.909501,-83.963,232,13.045938
atlantico_oreamuno,9.909362,-83.9628,233,13.072748
atlantico_oreamuno,9.908904,-83.9622,234,13.155892
atlantico_oreamuno,9.908465,-83.9614,235,13.256201
atlantico_oreamuno,9.907974,-83.9603,236,13.388483
atlantico_oreamuno,9.907511,-83.9591,237,13.529650
atlantico_oreamuno,9.907268,-83.9585,238,13.600709
atlantico_oreamuno,9.906846,-83.9581,239,13.664909
atlantico_oreamuno,9.906404,-83.9578,240,13.724031
atlantico_oreamuno,9.906019,-83.9577,241,13.768220
atlantico_oreamuno,9.90561,-83.9576,242,13.814999
atlantico_oreamuno,9.905111,-83.9575,243,13.871557
atlantico_oreamuno,9.904466,-83.9571,244,13.955602
atlantico_oreamuno,9.90398,-83.9566,245,14.032544
atlantico_oreamuno,9.903601,-83.9559,246,14.120038
atlantico_oreamuno,9.903344,-83.9553,247,14.191705
atlantico_oreamuno,9.903179,-83.9547,248,14.259941
atlantico_oreamuno,9.902962,-83.9543,249,14.309961
atlantico_oreamuno,9.902947,-83.9543,250,14.311629
atlantico_oreamuno,9.902424,-83.9536,251,14.407865
atlantico_oreamuno,9.902032,-83.9528,252,14.505737
atlantico_oreamuno,9.90188,-83.9524,253,14.552700
atlantico_oreamuno,9.901811,-83.9518,254,14.618869
atlantico_oreamuno,9.90178,-83.951,255,14.706568
atlantico_oreamuno,9.901706,-83.9498,256,14.838271
atlantico_oreamuno,9.901658,-83.9491,257,14.915134
atlantico_oreamuno,9.901654,-83.949,258,14.926097
atlantico_oreamuno,9.901563,-83.9478,259,15.057932
atlantico_oreamuno,9.901503,-83.9475,260,15.091464
atlantico_oreamuno,9.901358,-83.947,261,15.148557
atlantico_oreamuno,9.901211,-83.9467,262,15.185260
atlantico_oreamuno,9.900872,-83.9462,263,15.251747
atlantico_oreamuno,9.900555,-83.9459,264,15.299938
atlantico_oreamuno,9.90028,-83.9456,265,15.344826
atlantico_oreamuno,9.900011,-83.9454,266,15.381903
atlantico_oreamuno,9.89943,-83.9451,267,15.454384
atlantico_oreamuno,9.898595,-83.9446,268,15.562183
atlantico_oreamuno,9.897955,-83.9442,269,15.645754
atlantico_oreamuno,9.897568,-83.9439,270,15.699900
atlantico_oreamuno,9.89731,-83.9438,271,15.730608
atlantico_oreamuno,9.897097,-83.9437,272,15.756703
atlantico_oreamuno,9.896698,-83.9435,273,15.806184
atlantico_oreamuno,9.8962,-83.9433,274,15.865735
atlantico_oreamuno,9.895677,-83.9431,275,15.927880
atlantico_oreamuno,9.895297,-83.943,276,15.971531
atlantico_oreamuno,9.895016,-83.9428,277,16.009692
atlantico_oreamuno,9.894467,-83.9424,278,16.084835
atlantico_oreamuno,9.894144,-83.9422,279,16.126906
atlantico_oreamuno,9.893458,-83.9416,280,16.227595
atlantico_oreamuno,9.893167,-83.9414,281,16.266672
atlantico_oreamuno,9.892702,-83.941,282,16.334446
atlantico_oreamuno,9.892306,-83.9406,283,16.396565
atlantico_oreamuno,9.891998,-83.9402,284,16.452179
atlantico_oreamuno,9.891756,-83.9398,285,16.503599
atlantico_oreamuno,9.891614,-83.9395,286,16.540058
atlantico_oreamuno,9.891508,-83.9392,287,16.574970
atlantico_oreamuno,9.891423,-83.9389,288,16.609165
atlantico_oreamuno,9.891392,-83.9387,289,16.631343
atlantico_oreamuno,9.891386,-83.9384,290,16.664212
atlantico_oreamuno,9.891418,-83.9381,291,16.697267
atlantico_oreamuno,9.891434,-83.938,292,16.708365
atlantico_oreamuno,9.891497,-83.9378,293,16.731366
atlantico_oreamuno,9.891519,-83.9377,294,16.742590
atlantico_oreamuno,9.891545,-83.9376,295,16.753919
atlantico_oreamuno,9.891577,-83.9374,296,16.776114
atlantico_oreamuno,9.891624,-83.9373,297,16.788252
atlantico_oreamuno,9.891682,-83.9371,298,16.811089
atlantico_oreamuno,9.891719,-83.9369,299,16.833381
atlantico_oreamuno,9.891783,-83.9368,300,16.846444
atlantico_oreamuno,9.891841,-83.9365,301,16.879933
atlantico_oreamuno,9.891862,-83.9364,302,16.891133
atlantico_oreamuno,9.891899,-83.9362,303,16.913425
atlantico_oreamuno,9.891931,-83.9361,304,16.924942
atlantico_oreamuno,9.891947,-83.936,305,16.936040
atlantico_oreamuno,9.891978,-83.9358,306,16.958218
atlantico_oreamuno,9.891994,-83.9356,307,16.980198
atlantico_oreamuno,9.891989,-83.9355,308,16.991167
atlantico_oreamuno,9.891915,-83.9353,309,17.014569
atlantico_oreamuno,9.891857,-83.9352,310,17.027281
atlantico_oreamuno,9.891719,-83.935,311,17.054029
atlantico_oreamuno,9.891661,-83.9349,312,17.066741
atlantico_oreamuno,9.891529,-83.9348,313,17.085055
atlantico_oreamuno,9.891413,-83.9347,314,17.101978
atlantico_oreamuno,9.891291,-83.9347,315,17.115544
atlantico_oreamuno,9.891164,-83.9346,316,17.133416
atlantico_oreamuno,9.891038,-83.9346,317,17.147426
atlantico_oreamuno,9.890842,-83.9346,318,17.169221
atlantico_oreamuno,9.890699,-83.9345,319,17.188529
atlantico_oreamuno,9.890546,-83.9345,320,17.205542
atlantico_oreamuno,9.890435,-83.9345,321,17.217885
atlantico_oreamuno,9.890265,-83.9345,322,17.236788
atlantico_oreamuno,9.889997,-83.9343,323,17.273775
atlantico_oreamuno,9.889801,-83.934,324,17.313208
atlantico_oreamuno,9.889521,-83.9333,325,17.395967
atlantico_oreamuno,9.889389,-83.933,326,17.431959
atlantico_oreamuno,9.889395,-83.9328,327,17.453878
atlantico_oreamuno,9.889399,-83.9327,328,17.464841
atlantico_oreamuno,9.889421,-83.9326,329,17.476065
atlantico_oreamuno,9.889447,-83.9322,330,17.519978
atlantico_oreamuno,9.889484,-83.9318,331,17.563987
atlantico_oreamuno,9.889463,-83.9314,332,17.607867
atlantico_oreamuno,9.889387,-83.9311,333,17.641799
atlantico_oreamuno,9.889299,-83.9309,334,17.665793
atlantico_oreamuno,9.889105,-83.9305,335,17.714632
atlantico_oreamuno,9.88886,-83.9302,336,17.757319
atlantico_oreamuno,9.888677,-83.93,337,17.787220
atlantico_oreamuno,9.888501,-83.9299,338,17.809647
atlantico_oreamuno,9.887944,-83.9296,339,17.879761
atlantico_oreamuno,9.887745,-83.9296,340,17.901889
atlantico_oreamuno,9.887391,-83.9296,341,17.941252
atlantico_oreamuno,9.887249,-83.9296,342,17.957042
atlantico_oreamuno,9.887064,-83.9296,343,17.977613
atlantico_oreamuno,9.886836,-83.9295,344,18.005231
atlantico_oreamuno,9.886582,-83.9295,345,18.033474
atlantico_oreamuno,9.885568,-83.9296,346,18.146757
atlantico_oreamuno,9.883792,-83.9297,347,18.344542
atlantico_oreamuno,9.883671,-83.9297,348,18.357997
atlantico_oreamuno,9.883486,-83.9297,349,18.378568
atlantico_oreamuno,9.882677,-83.9298,350,18.469189
atlantico_oreamuno,9.881964,-83.9298,351,18.548471
atlantico_oreamuno,9.880995,-83.9299,352,18.656775
atlantico_oreamuno,9.878957,-83.93,353,18.883655
atlantico_oreamuno,9.878673,-83.93,354,18.915234
atlantico_oreamuno,9.87847,-83.93,355,18.937806
atlantico_oreamuno,9.878005,-83.93,356,18.989512
atlantico_oreamuno,9.877466,-83.93,357,19.049446
atlantico_oreamuno,9.87721,-83.9299,358,19.079947
atlantico_oreamuno,9.877059,-83.9298,359,19.099995
atlantico_oreamuno,9.876674,-83.9297,360,19.144185
atlantico_oreamuno,9.876364,-83.9295,361,19.185029
atlantico_oreamuno,9.875285,-83.9289,362,19.321832
atlantico_oreamuno,9.874794,-83.9286,363,19.385557
atlantico_oreamuno,9.874322,-83.9283,364,19.447482
atlantico_oreamuno,9.874233,-83.9283,365,19.457378
atlantico_oreamuno,9.873833,-83.928,366,19.512680
atlantico_oreamuno,9.872909,-83.9274,367,19.634650
atlantico_oreamuno,9.872552,-83.9271,368,19.686185
atlantico_oreamuno,9.87191,-83.9267,369,19.769949
atlantico_oreamuno,9.871496,-83.9264,370,19.826511
atlantico_oreamuno,9.869922,-83.9256,371,20.022248
atlantico_oreamuno,9.869811,-83.9255,372,20.038751
atlantico_oreamuno,9.86941,-83.9254,373,20.084666
atlantico_oreamuno,9.869146,-83.9252,374,20.121296
atlantico_oreamuno,9.868962,-83.925,375,20.151274
atlantico_oreamuno,9.868861,-83.9249,376,20.166963
atlantico_oreamuno,9.868784,-83.9249,377,20.175525
atlantico_oreamuno,9.868515,-83.9246,378,20.219963
atlantico_oreamuno,9.86801,-83.9242,379,20.291191
atlantico_oreamuno,9.867232,-83.9234,380,20.414336
atlantico_oreamuno,9.86697,-83.9231,381,20.458255
atlantico_oreamuno,9.866911,-83.9231,382,20.464815
atlantico_oreamuno,9.866884,-83.9231,383,20.467817
atlantico_oreamuno,9.866842,-83.923,384,20.479726
atlantico_oreamuno,9.866821,-83.923,385,20.482061
atlantico_oreamuno,9.866805,-83.923,386,20.483840
atlantico_oreamuno,9.866793,-83.9229,387,20.494876
atlantico_oreamuno,9.866736,-83.9226,388,20.528347
atlantico_oreamuno,9.866634,-83.9222,389,20.573611
atlantico_oreamuno,9.866519,-83.9222,390,20.586399
atlantico_oreamuno,9.866654,-83.922,391,20.612958
atlantico_oreamuno,9.866589,-83.9219,393,20.626082
atlantico_oreamuno,9.866473,-83.9219,394,20.638981
atlantico_oreamuno,9.866615,-83.9217,395,20.665988
atlantico_oreamuno,9.866559,-83.9213,396,20.710248
atlantico_oreamuno,9.866498,-83.9209,397,20.754590
atlantico_oreamuno,9.866419,-83.9203,398,20.820905
atlantico_oreamuno,9.866417,-83.9203,399,20.821127
atlantico_oreamuno,9.866339,-83.9197,400,20.887427
atlantico_oreamuno,9.866271,-83.9192,401,20.942721
atlantico_oreamuno,9.866152,-83.9183,402,21.042201
atlantico_oreamuno,9.866027,-83.9174,403,21.141771
atlantico_oreamuno,9.865871,-83.9163,404,21.263519
atlantico_oreamuno,9.865706,-83.9152,405,21.385413
atlantico_oreamuno,9.865598,-83.9144,406,21.473873
atlantico_oreamuno,9.865562,-83.9141,407,21.506981
atlantico_oreamuno,9.865535,-83.914,408,21.518340
atlantico_oreamuno,9.865439,-83.9138,409,21.542712
atlantico_oreamuno,9.865263,-83.9136,410,21.572090
atlantico_oreamuno,9.864991,-83.9132,411,21.625334
atlantico_oreamuno,9.864692,-83.9129,412,21.672083
atlantico_oreamuno,9.864575,-83.9127,413,21.697565
atlantico_oreamuno,9.864527,-83.9126,414,21.709751
atlantico_oreamuno,9.864472,-83.9124,415,21.732499
atlantico_oreamuno,9.864431,-83.9121,416,21.765679
atlantico_oreamuno,9.864335,-83.9115,417,21.832271
atlantico_oreamuno,9.864212,-83.911,418,21.888728
atlantico_oreamuno,9.861238,-83.9053,419,22.595331
atlantico_paraiso,9.934874,-84.0689,0,0
atlantico_paraiso,9.934785,-84.0687,1,0.024037
atlantico_paraiso,9.93473,-84.0686,2,0.036582
atlantico_paraiso,9.934734,-84.0686,3,0.037027
atlantico_paraiso,9.934397,-84.0679,4,0.122363
atlantico_paraiso,9.934317,-84.0678,5,0.136474
atlantico_paraiso,9.934166,-84.0674,6,0.183392
atlantico_paraiso,9.93408,-84.0672,7,0.207294
atlantico_paraiso,9.934008,-84.0671,8,0.220861
atlantico_paraiso,9.933783,-84.0666,9,0.281069
atlantico_paraiso,9.933654,-84.0663,10,0.316922
atlantico_paraiso,9.933644,-84.0662,11,0.327931
atlantico_paraiso,9.933628,-84.0661,12,0.339027
atlantico_paraiso,9.933572,-84.0657,13,0.383279
atlantico_paraiso,9.933542,-84.0653,14,0.427217
atlantico_paraiso,9.933555,-84.0651,15,0.449170
atlantico_paraiso,9.933568,-84.0649,16,0.471123
atlantico_paraiso,9.933588,-84.0648,17,0.482299
atlantico_paraiso,9.933692,-84.0643,18,0.538271
atlantico_paraiso,9.93386,-84.0637,19,0.606591
atlantico_paraiso,9.933905,-84.0635,20,0.629061
atlantico_paraiso,9.934314,-84.0622,21,0.778534
atlantico_paraiso,9.934554,-84.0614,22,0.870130
atlantico_paraiso,9.934601,-84.0612,23,0.892650
atlantico_paraiso,9.934749,-84.0607,24,0.949833
atlantico_paraiso,9.934974,-84.0599,25,1.040957
atlantico_paraiso,9.93537,-84.0585,26,1.200492
atlantico_paraiso,9.935424,-84.0582,27,1.233895
atlantico_paraiso,9.935449,-84.0579,28,1.266870
atlantico_paraiso,9.935449,-84.0578,29,1.277823
atlantico_paraiso,9.935447,-84.0577,30,1.288778
atlantico_paraiso,9.935445,-84.0576,31,1.299733
atlantico_paraiso,9.935426,-84.0573,32,1.332659
atlantico_paraiso,9.935381,-84.0571,33,1.355129
atlantico_paraiso,9.935278,-84.0566,34,1.411077
atlantico_paraiso,9.935183,-84.0563,35,1.445592
atlantico_paraiso,9.935085,-84.0559,36,1.490738
atlantico_paraiso,9.934972,-84.0555,37,1.536315
atlantico_paraiso,9.934951,-84.0554,38,1.547514
atlantico_paraiso,9.934912,-84.0553,39,1.559294
atlantico_paraiso,9.934457,-84.0538,40,1.731199
atlantico_paraiso,9.93441,-84.0536,41,1.753719
atlantico_paraiso,9.93418,-84.0529,42,1.834542
atlantico_paraiso,9.934035,-84.0524,44,1.891630
atlantico_paraiso,9.934032,-84.0523,45,1.902588
atlantico_paraiso,9.933986,-84.0522,46,1.914676
atlantico_paraiso,9.933684,-84.0511,47,2.039749
atlantico_paraiso,9.933475,-84.0503,48,2.130401
atlantico_paraiso,9.933267,-84.0496,49,2.210483
atlantico_paraiso,9.933214,-84.0493,50,2.243866
atlantico_paraiso,9.932937,-84.0482,51,2.368221
atlantico_paraiso,9.932859,-84.0477,52,2.423668
atlantico_paraiso,9.932756,-84.0469,53,2.512036
atlantico_paraiso,9.932738,-84.0468,54,2.523170
atlantico_paraiso,9.932689,-84.0458,55,2.632834
atlantico_paraiso,9.932647,-84.0451,56,2.709646
atlantico_paraiso,9.932643,-84.0449,57,2.731556
atlantico_paraiso,9.932641,-84.0448,58,2.742511
atlantico_paraiso,9.932631,-84.0444,59,2.786336
atlantico_paraiso,9.932603,-84.044,60,2.830258
atlantico_paraiso,9.932553,-84.0438,61,2.852858
atlantico_paraiso,9.932471,-84.0436,62,2.876586
atlantico_paraiso,9.932337,-84.0433,64,2.912665
atlantico_paraiso,9.932141,-84.043,65,2.952094
atlantico_paraiso,9.931902,-84.0427,66,2.994355
atlantico_paraiso,9.93169,-84.0425,67,3.026535
atlantico_paraiso,9.931297,-84.0422,68,3.081210
atlantico_paraiso,9.930917,-84.042,69,3.128804
atlantico_paraiso,9.930408,-84.0418,70,3.189494
atlantico_paraiso,9.930026,-84.0417,71,3.233360
atlantico_paraiso,9.927635,-84.0394,72,3.599622
atlantico_paraiso,9.927325,-84.0391,73,3.647245
atlantico_paraiso,9.925282,-84.0371,74,3.962830
atlantico_paraiso,9.92346,-84.0353,76,4.245525
atlantico_paraiso,9.923143,-84.035,77,4.293714
atlantico_paraiso,9.92294,-84.0349,78,4.318804
atlantico_paraiso,9.922879,-84.0348,79,4.331687
atlantico_paraiso,9.92212,-84.034,80,4.453347
atlantico_paraiso,9.921769,-84.0336,81,4.512022
atlantico_paraiso,9.921525,-84.0332,82,4.563556
atlantico_paraiso,9.921466,-84.0328,83,4.607857
atlantico_paraiso,9.921456,-84.0323,84,4.662634
atlantico_paraiso,9.921457,-84.0317,85,4.728354
atlantico_paraiso,9.921438,-84.0314,86,4.761281
atlantico_paraiso,9.921389,-84.0312,87,4.783855
atlantico_paraiso,9.921209,-84.0307,88,4.842164
atlantico_paraiso,9.920887,-84.0302,89,4.907595
atlantico_paraiso,9.920045,-84.0288,90,5.087263
atlantico_paraiso,9.919758,-84.0283,91,5.150649
atlantico_paraiso,9.919603,-84.0279,92,5.197730
atlantico_paraiso,9.91952,-84.0276,93,5.231862
atlantico_paraiso,9.919525,-84.0272,94,5.275678
atlantico_paraiso,9.91958,-84.0268,95,5.319916
atlantico_paraiso,9.919736,-84.026,96,5.409243
atlantico_paraiso,9.919819,-84.0256,97,5.454017
atlantico_paraiso,9.919819,-84.0251,98,5.508783
atlantico_paraiso,9.919759,-84.0248,99,5.542314
atlantico_paraiso,9.919635,-84.0245,100,5.577949
atlantico_paraiso,9.919307,-84.0239,101,5.653111
atlantico_paraiso,9.919277,-84.0238,102,5.664561
atlantico_paraiso,9.919064,-84.0235,104,5.705066
atlantico_paraiso,9.918683,-84.0228,105,5.792665
atlantico_paraiso,9.918554,-84.0223,106,5.849279
atlantico_paraiso,9.918427,-84.0221,107,5.875343
atlantico_paraiso,9.918207,-84.0216,108,5.935325
atlantico_paraiso,9.917734,-84.0211,109,6.011256
atlantico_paraiso,9.917494,-84.0208,110,6.053588
atlantico_paraiso,9.917074,-84.0204,111,6.117625
atlantico_paraiso,9.916863,-84.02,112,6.167324
atlantico_paraiso,9.916778,-84.0195,113,6.222901
atlantico_paraiso,9.916854,-84.0191,114,6.267522
atlantico_paraiso,9.916998,-84.0186,115,6.324581
atlantico_paraiso,9.917013,-84.0184,116,6.346551
atlantico_paraiso,9.917005,-84.0183,117,6.357541
atlantico_paraiso,9.91698,-84.0181,118,6.379623
atlantico_paraiso,9.916939,-84.018,119,6.391487
atlantico_paraiso,9.916838,-84.0178,120,6.416105
atlantico_paraiso,9.91668,-84.0176,121,6.444187
atlantico_paraiso,9.916555,-84.0174,122,6.470131
atlantico_paraiso,9.916409,-84.0172,123,6.497397
atlantico_paraiso,9.916072,-84.0169,124,6.547237
atlantico_paraiso,9.915666,-84.0165,125,6.610147
atlantico_paraiso,9.915551,-84.0164,126,6.626984
atlantico_paraiso,9.915109,-84.0158,127,6.709050
atlantico_paraiso,9.915005,-84.0157,128,6.724978
atlantico_paraiso,9.914846,-84.0152,129,6.782528
atlantico_paraiso,9.914794,-84.0147,130,6.837600
atlantico_paraiso,9.914834,-84.0141,131,6.903471
atlantico_paraiso,9.91482,-84.0139,132,6.925433
atlantico_paraiso,9.914788,-84.0136,133,6.958485
atlantico_paraiso,9.91471,-84.0134,134,6.982046
atlantico_paraiso,9.914611,-84.0132,135,7.006563
atlantico_paraiso,9.914467,-84.0129,136,7.043117
atlantico_paraiso,9.914274,-84.0127,137,7.073784
atlantico_paraiso,9.913608,-84.0122,138,7.165891
atlantico_paraiso,9.913241,-84.0119,139,7.218286
atlantico_paraiso,9.912854,-84.0115,140,7.279698
atlantico_paraiso,9.912449,-84.011,141,7.350603
atlantico_paraiso,9.911612,-84.0099,142,7.502851
atlantico_paraiso,9.910877,-84.0088,143,7.648443
atlantico_paraiso,9.910663,-84.0085,144,7.689015
atlantico_paraiso,9.910458,-84.0082,145,7.729008
atlantico_paraiso,9.910331,-84.0079,146,7.764775
atlantico_paraiso,9.91026,-84.0076,147,7.798570
atlantico_paraiso,9.910219,-84.0072,148,7.842621
atlantico_paraiso,9.910212,-84.0069,149,7.875491
atlantico_paraiso,9.910223,-84.0066,150,7.908375
atlantico_paraiso,9.910282,-84.0063,151,7.941884
atlantico_paraiso,9.910417,-84.006,152,7.978011
atlantico_paraiso,9.910571,-84.0056,153,8.025053
atlantico_paraiso,9.911003,-84.0047,154,8.134715
atlantico_paraiso,9.911135,-84.0044,155,8.170705
atlantico_paraiso,9.911219,-84.0041,156,8.204867
atlantico_paraiso,9.91126,-84.0039,157,8.227244
atlantico_paraiso,9.911332,-84.0031,158,8.315237
atlantico_paraiso,9.911367,-84.0017,159,8.468636
atlantico_paraiso,9.911494,-84.0005,160,8.600835
atlantico_paraiso,9.911891,-83.9995,161,8.718931
atlantico_paraiso,9.912035,-83.999,162,8.775991
atlantico_paraiso,9.912061,-83.9983,163,8.852720
atlantico_paraiso,9.911875,-83.9977,164,8.921619
atlantico_paraiso,9.911443,-83.9962,165,9.092800
atlantico_paraiso,9.911442,-83.996,166,9.114707
atlantico_paraiso,9.911435,-83.9949,167,9.235199
atlantico_paraiso,9.911519,-83.9931,168,9.432583
atlantico_paraiso,9.911452,-83.9927,169,9.477026
atlantico_paraiso,9.911266,-83.9924,170,9.515854
atlantico_paraiso,9.910691,-83.9914,171,9.642684
atlantico_paraiso,9.910403,-83.9907,172,9.725778
atlantico_paraiso,9.91031,-83.9901,173,9.792308
atlantico_paraiso,9.910184,-83.9895,174,9.859506
atlantico_paraiso,9.910238,-83.9887,175,9.947340
atlantico_paraiso,9.910282,-83.9881,176,10.013244
atlantico_paraiso,9.910283,-83.9881,177,10.013355
atlantico_paraiso,9.910309,-83.9878,178,10.046343
atlantico_paraiso,9.910356,-83.9875,179,10.079616
atlantico_paraiso,9.910443,-83.9872,180,10.113871
atlantico_paraiso,9.910508,-83.987,181,10.136940
atlantico_paraiso,9.910574,-83.9869,182,10.150125
atlantico_paraiso,9.910593,-83.9867,183,10.172134
atlantico_paraiso,9.910736,-83.9863,185,10.218744
atlantico_paraiso,9.911025,-83.9857,186,10.291901
atlantico_paraiso,9.911213,-83.9853,187,10.340447
atlantico_paraiso,9.911424,-83.985,188,10.380824
atlantico_paraiso,9.911617,-83.9847,189,10.420071
atlantico_paraiso,9.911749,-83.9846,190,10.438386
atlantico_paraiso,9.912063,-83.9841,191,10.503336
atlantico_paraiso,9.912111,-83.984,192,10.515521
atlantico_paraiso,9.912158,-83.984,193,10.520747
atlantico_paraiso,9.912382,-83.9835,194,10.580912
atlantico_paraiso,9.912515,-83.983,195,10.637642
atlantico_paraiso,9.912559,-83.9827,196,10.670864
atlantico_paraiso,9.912661,-83.9819,197,10.759223
atlantico_paraiso,9.912673,-83.9818,198,10.770258
atlantico_paraiso,9.912836,-83.9811,199,10.849045
atlantico_paraiso,9.912992,-83.9807,200,10.896168
atlantico_paraiso,9.91314,-83.9805,201,10.923568
atlantico_paraiso,9.913542,-83.98,202,10.994261
atlantico_paraiso,9.913856,-83.9795,203,11.059211
atlantico_paraiso,9.914272,-83.9785,204,11.178113
atlantico_paraiso,9.914462,-83.978,205,11.236814
atlantico_paraiso,9.914555,-83.9778,206,11.261039
atlantico_paraiso,9.914612,-83.9777,207,11.273694
atlantico_paraiso,9.914626,-83.9776,208,11.284757
atlantico_paraiso,9.914775,-83.9771,209,11.341975
atlantico_paraiso,9.914775,-83.977,210,11.352929
atlantico_paraiso,9.914753,-83.9763,211,11.429642
atlantico_paraiso,9.914513,-83.9753,212,11.542380
atlantico_paraiso,9.914355,-83.9745,213,11.631752
atlantico_paraiso,9.914331,-83.9744,214,11.643025
atlantico_paraiso,9.914174,-83.9738,215,11.711025
atlantico_paraiso,9.913988,-83.9733,216,11.769568
atlantico_paraiso,9.913467,-83.9725,217,11.874614
atlantico_paraiso,9.913295,-83.9723,218,11.903695
atlantico_paraiso,9.912957,-83.9719,219,11.961420
atlantico_paraiso,9.912635,-83.9715,220,12.018003
atlantico_paraiso,9.91201,-83.9704,221,12.157098
atlantico_paraiso,9.911931,-83.97,222,12.201784
atlantico_paraiso,9.911917,-83.9699,223,12.212848
atlantico_paraiso,9.911889,-83.9696,224,12.245855
atlantico_paraiso,9.911892,-83.9691,225,12.300624
atlantico_paraiso,9.911949,-83.9681,226,12.410342
atlantico_paraiso,9.911441,-83.9665,227,12.594477
atlantico_paraiso,9.911175,-83.9654,228,12.718543
atlantico_paraiso,9.910985,-83.9648,229,12.787577
atlantico_paraiso,9.910515,-83.9643,230,12.863279
atlantico_paraiso,9.909936,-83.9637,231,12.955281
atlantico_paraiso,9.909501,-83.963,232,13.045938
atlantico_paraiso,9.909362,-83.9628,233,13.072748
atlantico_paraiso,9.908904,-83.9622,234,13.155892
atlantico_paraiso,9.908465,-83.9614,235,13.256201
atlantico_paraiso,9.907974,-83.9603,236,13.388483
atlantico_paraiso,9.907511,-83.9591,237,13.529650
atlantico_paraiso,9.907268,-83.9585,238,13.600709
atlantico_paraiso,9.906846,-83.9581,239,13.664909
atlantico_paraiso,9.906404,-83.9578,240,13.724031
atlantico_paraiso,9.906019,-83.9577,241,13.768220
atlantico_paraiso,9.90561,-83.9576,242,13.814999
atlantico_paraiso,9.905111,-83.9575,243,13.871557
atlantico_paraiso,9.904466,-83.9571,244,13.955602
atlantico_paraiso,9.90398,-83.9566,245,14.032544
atlantico_paraiso,9.903601,-83.9559,246,14.120038
atlantico_paraiso,9.903344,-83.9553,247,14.191705
atlantico_paraiso,9.903179,-83.9547,248,14.259941
atlantico_paraiso,9.902962,-83.9543,249,14.309961
atlantico_paraiso,9.902947,-83.9543,250,14.311629
atlantico_paraiso,9.902424,-83.9536,251,14.407865
atlantico_paraiso,9.902032,-83.9528,252,14.505737
atlantico_paraiso,9.90188,-83.9524,253,14.552700
atlantico_paraiso,9.901811,-83.9518,254,14.618869
atlantico_paraiso,9.90178,-83.951,255,14.706568
atlantico_paraiso,9.901706,-83.9498,256,14.838271
atlantico_paraiso,9.901658,-83.9491,257,14.915134
atlantico_paraiso,9.901654,-83.949,258,14.926097
atlantico_paraiso,9.901563,-83.9478,259,15.057932
atlantico_paraiso,9.901503,-83.9475,260,15.091464
atlantico_paraiso,9.901358,-83.947,261,15.148557
atlantico_paraiso,9.901211,-83.9467,262,15.185260
atlantico_paraiso,9.900872,-83.9462,263,15.251747
atlantico_paraiso,9.900555,-83.9459,264,15.299938
atlantico_paraiso,9.90028,-83.9456,265,15.344826
atlantico_paraiso,9.900011,-83.9454,266,15.381903
atlantico_paraiso,9.89943,-83.9451,267,15.454384
atlantico_paraiso,9.898595,-83.9446,268,15.562183
atlantico_paraiso,9.897955,-83.9442,269,15.645754
atlantico_paraiso,9.897568,-83.9439,270,15.699900
atlantico_paraiso,9.89731,-83.9438,271,15.730608
atlantico_paraiso,9.897097,-83.9437,272,15.756703
atlantico_paraiso,9.896698,-83.9435,273,15.806184
atlantico_paraiso,9.8962,-83.9433,274,15.865735
atlantico_paraiso,9.895677,-83.9431,275,15.927880
atlantico_paraiso,9.895297,-83.943,276,15.971531
atlantico_paraiso,9.895016,-83.9428,277,16.009692
atlantico_paraiso,9.894467,-83.9424,278,16.084835
atlantico_paraiso,9.894144,-83.9422,279,16.126906
atlantico_paraiso,9.893458,-83.9416,280,16.227595
atlantico_paraiso,9.893167,-83.9414,281,16.266672
atlantico_paraiso,9.892702,-83.941,282,16.334446
atlantico_paraiso,9.892306,-83.9406,283,16.396565
atlantico_paraiso,9.891998,-83.9402,284,16.452179
atlantico_paraiso,9.891756,-83.9398,285,16.503599
atlantico_paraiso,9.891614,-83.9395,286,16.540058
atlantico_paraiso,9.891508,-83.9392,287,16.574970
atlantico_paraiso,9.891423,-83.9389,288,16.609165
atlantico_paraiso,9.891392,-83.9387,289,16.631343
atlantico_paraiso,9.891386,-83.9384,290,16.664212
atlantico_paraiso,9.891418,-83.9381,291,16.697267
atlantico_paraiso,9.891434,-83.938,292,16.708365
atlantico_paraiso,9.891497,-83.9378,293,16.731366
atlantico_paraiso,9.891519,-83.9377,294,16.742590
atlantico_paraiso,9.891545,-83.9376,295,16.753919
atlantico_paraiso,9.891577,-83.9374,296,16.776114
atlantico_paraiso,9.891624,-83.9373,297,16.788252
atlantico_paraiso,9.891682,-83.9371,298,16.811089
atlantico_paraiso,9.891719,-83.9369,299,16.833381
atlantico_paraiso,9.891783,-83.9368,300,16.846444
atlantico_paraiso,9.891841,-83.9365,301,16.879933
atlantico_paraiso,9.891862,-83.9364,302,16.891133
atlantico_paraiso,9.891899,-83.9362,303,16.913425
atlantico_paraiso,9.891931,-83.9361,304,16.924942
atlantico_paraiso,9.891947,-83.936,305,16.936040
atlantico_paraiso,9.891978,-83.9358,306,16.958218
atlantico_paraiso,9.891994,-83.9356,307,16.980198
atlantico_paraiso,9.891989,-83.9355,308,16.991167
atlantico_paraiso,9.891915,-83.9353,309,17.014569
atlantico_paraiso,9.891857,-83.9352,310,17.027281
atlantico_paraiso,9.891719,-83.935,311,17.054029
atlantico_paraiso,9.891661,-83.9349,312,17.066741
atlantico_paraiso,9.891529,-83.9348,313,17.085055
atlantico_paraiso,9.891413,-83.9347,314,17.101978
atlantico_paraiso,9.891291,-83.9347,315,17.115544
atlantico_paraiso,9.891164,-83.9346,316,17.133416
atlantico_paraiso,9.891038,-83.9346,317,17.147426
atlantico_paraiso,9.890842,-83.9346,318,17.169221
atlantico_paraiso,9.890699,-83.9345,319,17.188529
atlantico_paraiso,9.890546,-83.9345,320,17.205542
atlantico_paraiso,9.890435,-83.9345,321,17.217885
atlantico_paraiso,9.890265,-83.9345,322,17.236788
atlantico_paraiso,9.889997,-83.9343,323,17.273775
atlantico_paraiso,9.889801,-83.934,324,17.313208
atlantico_paraiso,9.889521,-83.9333,325,17.395967
atlantico_paraiso,9.889389,-83.933,326,17.431959
atlantico_paraiso,9.889395,-83.9328,327,17.453878
atlantico_paraiso,9.889399,-83.9327,328,17.464841
atlantico_paraiso,9.889421,-83.9326,329,17.476065
atlantico_paraiso,9.889447,-83.9322,330,17.519978
atlantico_paraiso,9.889484,-83.9318,331,17.563987
atlantico_paraiso,9.889463,-83.9314,332,17.607867
atlantico_paraiso,9.889387,-83.9311,333,17.641799
atlantico_paraiso,9.889299,-83.9309,334,17.665793
atlantico_paraiso,9.889105,-83.9305,335,17.714632
atlantico_paraiso,9.88886,-83.9302,336,17.757319
atlantico_paraiso,9.888677,-83.93,337,17.787220
atlantico_paraiso,9.888501,-83.9299,338,17.809647
atlantico_paraiso,9.887944,-83.9296,339,17.879761
atlantico_paraiso,9.887745,-83.9296,340,17.901889
atlantico_paraiso,9.887391,-83.9296,341,17.941252
atlantico_paraiso,9.887249,-83.9296,342,17.957042
atlantico_paraiso,9.887064,-83.9296,343,17.977613
atlantico_paraiso,9.886836,-83.9295,344,18.005231
atlantico_paraiso,9.886582,-83.9295,345,18.033474
atlantico_paraiso,9.885568,-83.9296,346,18.146757
atlantico_paraiso,9.883792,-83.9297,347,18.344542
atlantico_paraiso,9.883671,-83.9297,348,18.357997
atlantico_paraiso,9.883486,-83.9297,349,18.378568
atlantico_paraiso,9.882677,-83.9298,350,18.469189
atlantico_paraiso,9.881964,-83.9298,351,18.548471
atlantico_paraiso,9.880995,-83.9299,352,18.656775
atlantico_paraiso,9.878957,-83.93,353,18.883655
atlantico_paraiso,9.878673,-83.93,354,18.915234
atlantico_paraiso,9.87847,-83.93,355,18.937806
atlantico_paraiso,9.878005,-83.93,356,18.989512
atlantico_paraiso,9.877466,-83.93,357,19.049446
atlantico_paraiso,9.87721,-83.9299,358,19.079947
atlantico_paraiso,9.877059,-83.9298,359,19.099995
atlantico_paraiso,9.876674,-83.9297,360,19.144185
atlantico_paraiso,9.876364,-83.9295,361,19.185029
atlantico_paraiso,9.875285,-83.9289,362,19.321832
atlantico_paraiso,9.874794,-83.9286,363,19.385557
atlantico_paraiso,9.874322,-83.9283,364,19.447482
atlantico_paraiso,9.874233,-83.9283,365,19.457378
atlantico_paraiso,9.873833,-83.928,366,19.512680
atlantico_paraiso,9.872909,-83.9274,367,19.634650
atlantico_paraiso,9.872552,-83.9271,368,19.686185
atlantico_paraiso,9.87191,-83.9267,369,19.769949
atlantico_paraiso,9.871496,-83.9264,370,19.826511
atlantico_paraiso,9.869922,-83.9256,371,20.022248
atlantico_paraiso,9.869811,-83.9255,372,20.038751
atlantico_paraiso,9.86941,-83.9254,373,20.084666
atlantico_paraiso,9.869146,-83.9252,374,20.121296
atlantico_paraiso,9.868962,-83.925,375,20.151274
atlantico_paraiso,9.868861,-83.9249,376,20.166963
atlantico_paraiso,9.868784,-83.9249,377,20.175525
atlantico_paraiso,9.868515,-83.9246,378,20.219963
atlantico_paraiso,9.86801,-83.9242,379,20.291191
atlantico_paraiso,9.867232,-83.9234,380,20.414336
atlantico_paraiso,9.86697,-83.9231,381,20.458255
atlantico_paraiso,9.866911,-83.9231,382,20.464815
atlantico_paraiso,9.866884,-83.9231,383,20.467817
atlantico_paraiso,9.866842,-83.923,384,20.479726
atlantico_paraiso,9.866821,-83.923,385,20.482061
atlantico_paraiso,9.866805,-83.923,386,20.483840
atlantico_paraiso,9.866793,-83.9229,387,20.494876
atlantico_paraiso,9.866736,-83.9226,388,20.528347
atlantico_paraiso,9.866634,-83.9222,389,20.573611
atlantico_paraiso,9.866519,-83.9222,390,20.586399
atlantico_paraiso,9.866654,-83.922,391,20.612958
atlantico_paraiso,9.866589,-83.9219,393,20.626082
atlantico_paraiso,9.866473,-83.9219,394,20.638981
atlantico_paraiso,9.866615,-83.9217,395,20.665988
atlantico_paraiso,9.866559,-83.9213,396,20.710248
atlantico_paraiso,9.866498,-83.9209,397,20.754590
atlantico_paraiso,9.866419,-83.9203,398,20.820905
atlantico_paraiso,9.866417,-83.9203,399,20.821127
atlantico_paraiso,9.866339,-83.9197,400,20.887427
atlantico_paraiso,9.866271,-83.9192,401,20.942721
atlantico_paraiso,9.866152,-83.9183,402,21.042201
atlantico_paraiso,9.866027,-83.9174,403,21.141771
atlantico_paraiso,9.865871,-83.9163,404,21.263519
atlantico_paraiso,9.865706,-83.9152,405,21.385413
atlantico_paraiso,9.865598,-83.9144,406,21.473873
atlantico_paraiso,9.865562,-83.9141,407,21.506981
atlantico_paraiso,9.865535,-83.914,408,21.518340
atlantico_paraiso,9.865439,-83.9138,409,21.542712
atlantico_paraiso,9.865263,-83.9136,410,21.572090
atlantico_paraiso,9.864991,-83.9132,411,21.625334
atlantico_paraiso,9.864692,-83.9129,412,21.672083
atlantico_paraiso,9.864575,-83.9127,413,21.697565
atlantico_paraiso,9.864527,-83.9126,414,21.709751
atlantico_paraiso,9.864472,-83.9124,415,21.732499
atlantico_paraiso,9.864431,-83.9121,416,21.765679
atlantico_paraiso,9.864335,-83.9115,417,21.832271
atlantico_paraiso,9.864212,-83.911,418,21.888728
atlantico_paraiso,9.861238,-83.9053,419,22.595331
atlantico_paraiso,9.850563,-83.8901,420,24.640309
oreamuno_atlantico,9.861238,-83.9053,0,0
oreamuno_atlantico,9.864212,-83.911,1,0.706604
oreamuno_atlantico,9.864335,-83.9115,2,0.763061
oreamuno_atlantico,9.864431,-83.9121,3,0.829653
oreamuno_atlantico,9.864472,-83.9124,4,0.862833
oreamuno_atlantico,9.864527,-83.9126,5,0.885580
oreamuno_atlantico,9.864575,-83.9127,6,0.897766
oreamuno_atlantico,9.864692,-83.9129,7,0.923248
oreamuno_atlantico,9.864991,-83.9132,8,0.969997
oreamuno_atlantico,9.865263,-83.9136,9,1.023242
oreamuno_atlantico,9.865439,-83.9138,10,1.052620
oreamuno_atlantico,9.865535,-83.914,11,1.076992
oreamuno_atlantico,9.865562,-83.9141,12,1.088351
oreamuno_atlantico,9.865598,-83.9144,13,1.121459
oreamuno_atlantico,9.865706,-83.9152,14,1.209918
oreamuno_atlantico,9.865871,-83.9163,15,1.331813
oreamuno_atlantico,9.866027,-83.9174,16,1.453560
oreamuno_atlantico,9.866152,-83.9183,17,1.553131
oreamuno_atlantico,9.866271,-83.9192,18,1.652610
oreamuno_atlantico,9.866339,-83.9197,19,1.707905
oreamuno_atlantico,9.866417,-83.9203,20,1.774205
oreamuno_atlantico,9.866419,-83.9203,21,1.774427
oreamuno_atlantico,9.866498,-83.9209,22,1.840742
oreamuno_atlantico,9.866559,-83.9213,23,1.885083
oreamuno_atlantico,9.866615,-83.9217,24,1.929344
oreamuno_atlantico,9.866473,-83.9219,25,1.956351
oreamuno_atlantico,9.866589,-83.9219,26,1.969249
oreamuno_atlantico,9.866654,-83.922,27,1.982374
oreamuno_atlantico,9.866519,-83.9222,29,2.008933
oreamuno_atlantico,9.866634,-83.9222,30,2.021720
oreamuno_atlantico,9.866736,-83.9226,31,2.066984
oreamuno_atlantico,9.866793,-83.9229,32,2.100455
oreamuno_atlantico,9.866805,-83.923,33,2.111491
oreamuno_atlantico,9.866821,-83.923,34,2.113270
oreamuno_atlantico,9.866842,-83.923,35,2.115605
oreamuno_atlantico,9.866884,-83.9231,36,2.127514
oreamuno_atlantico,9.866911,-83.9231,37,2.130516
oreamuno_atlantico,9.86697,-83.9231,38,2.137077
oreamuno_atlantico,9.867232,-83.9234,39,2.180996
oreamuno_atlantico,9.86801,-83.9242,40,2.304141
oreamuno_atlantico,9.868515,-83.9246,41,2.375368
oreamuno_atlantico,9.868784,-83.9249,42,2.419807
oreamuno_atlantico,9.868861,-83.9249,43,2.428369
oreamuno_atlantico,9.868962,-83.925,44,2.444058
oreamuno_atlantico,9.869146,-83.9252,45,2.474035
oreamuno_atlantico,9.86941,-83.9254,46,2.510666
oreamuno_atlantico,9.869811,-83.9255,47,2.556581
oreamuno_atlantico,9.869922,-83.9256,48,2.573084
oreamuno_atlantico,9.871496,-83.9264,49,2.768821
oreamuno_atlantico,9.87191,-83.9267,50,2.825383
oreamuno_atlantico,9.872552,-83.9271,51,2.909146
oreamuno_atlantico,9.872909,-83.9274,52,2.960681
oreamuno_atlantico,9.873833,-83.928,53,3.082651
oreamuno_atlantico,9.874233,-83.9283,54,3.137953
oreamuno_atlantico,9.874322,-83.9283,55,3.147850
oreamuno_atlantico,9.874794,-83.9286,56,3.209774
oreamuno_atlantico,9.875285,-83.9289,57,3.273499
oreamuno_atlantico,9.876364,-83.9295,58,3.410303
oreamuno_atlantico,9.876674,-83.9297,59,3.451147
oreamuno_atlantico,9.877059,-83.9298,60,3.495336
oreamuno_atlantico,9.87721,-83.9299,61,3.515384
oreamuno_atlantico,9.877466,-83.93,62,3.545885
oreamuno_atlantico,9.878005,-83.93,63,3.605819
oreamuno_atlantico,9.87847,-83.93,64,3.657525
oreamuno_atlantico,9.878673,-83.93,65,3.680098
oreamuno_atlantico,9.878957,-83.93,66,3.711677
oreamuno_atlantico,9.880995,-83.9299,67,3.938557
oreamuno_atlantico,9.881964,-83.9298,68,4.046860
oreamuno_atlantico,9.882677,-83.9298,69,4.126142
oreamuno_atlantico,9.883486,-83.9297,70,4.216763
oreamuno_atlantico,9.883671,-83.9297,71,4.237334
oreamuno_atlantico,9.883792,-83.9297,72,4.250789
oreamuno_atlantico,9.885568,-83.9296,73,4.448575
oreamuno_atlantico,9.886582,-83.9295,74,4.561857
oreamuno_atlantico,9.886836,-83.9295,75,4.590101
oreamuno_atlantico,9.887064,-83.9296,76,4.617719
oreamuno_atlantico,9.887249,-83.9296,77,4.638290
oreamuno_atlantico,9.887391,-83.9296,78,4.654079
oreamuno_atlantico,9.887745,-83.9296,79,4.693442
oreamuno_atlantico,9.887944,-83.9296,80,4.715570
oreamuno_atlantico,9.888501,-83.9299,81,4.785684
oreamuno_atlantico,9.888677,-83.93,82,4.808112
oreamuno_atlantico,9.88886,-83.9302,83,4.838013
oreamuno_atlantico,9.889105,-83.9305,84,4.880699
oreamuno_atlantico,9.889299,-83.9309,85,4.929538
oreamuno_atlantico,9.889387,-83.9311,86,4.953533
oreamuno_atlantico,9.889463,-83.9314,87,4.987465
oreamuno_atlantico,9.889484,-83.9318,88,5.031344
oreamuno_atlantico,9.889447,-83.9322,89,5.075354
oreamuno_atlantico,9.889421,-83.9326,90,5.119266
oreamuno_atlantico,9.889399,-83.9327,91,5.130490
oreamuno_atlantico,9.889395,-83.9328,92,5.141454
oreamuno_atlantico,9.889389,-83.933,93,5.163372
oreamuno_atlantico,9.889521,-83.9333,94,5.199364
oreamuno_atlantico,9.889801,-83.934,95,5.282124
oreamuno_atlantico,9.889997,-83.9343,96,5.321556
oreamuno_atlantico,9.890265,-83.9345,97,5.358543
oreamuno_atlantico,9.890435,-83.9345,98,5.377447
oreamuno_atlantico,9.890546,-83.9345,99,5.389789
oreamuno_atlantico,9.890699,-83.9345,100,5.406802
oreamuno_atlantico,9.890842,-83.9346,101,5.426111
oreamuno_atlantico,9.891038,-83.9346,102,5.447905
oreamuno_atlantico,9.891164,-83.9346,103,5.461916
oreamuno_atlantico,9.891291,-83.9347,104,5.479788
oreamuno_atlantico,9.891413,-83.9347,105,5.493354
oreamuno_atlantico,9.891529,-83.9348,106,5.510276
oreamuno_atlantico,9.891661,-83.9349,107,5.528591
oreamuno_atlantico,9.891719,-83.935,108,5.541303
oreamuno_atlantico,9.891857,-83.9352,109,5.568050
oreamuno_atlantico,9.891915,-83.9353,110,5.580762
oreamuno_atlantico,9.891989,-83.9355,111,5.604165
oreamuno_atlantico,9.891994,-83.9356,112,5.615133
oreamuno_atlantico,9.891978,-83.9358,113,5.637113
oreamuno_atlantico,9.891947,-83.936,114,5.659291
oreamuno_atlantico,9.891931,-83.9361,115,5.670389
oreamuno_atlantico,9.891899,-83.9362,116,5.681907
oreamuno_atlantico,9.891862,-83.9364,117,5.704198
oreamuno_atlantico,9.891841,-83.9365,118,5.715398
oreamuno_atlantico,9.891783,-83.9368,119,5.748888
oreamuno_atlantico,9.891719,-83.9369,120,5.761951
oreamuno_atlantico,9.891682,-83.9371,121,5.784242
oreamuno_atlantico,9.891624,-83.9373,122,5.807080
oreamuno_atlantico,9.891577,-83.9374,123,5.819217
oreamuno_atlantico,9.891545,-83.9376,124,5.841412
oreamuno_atlantico,9.891519,-83.9377,125,5.852742
oreamuno_atlantico,9.891497,-83.9378,126,5.863966
oreamuno_atlantico,9.891434,-83.938,127,5.886967
oreamuno_atlantico,9.891418,-83.9381,128,5.898065
oreamuno_atlantico,9.891386,-83.9384,129,5.931119
oreamuno_atlantico,9.891392,-83.9387,130,5.963989
oreamuno_atlantico,9.891423,-83.9389,131,5.986167
oreamuno_atlantico,9.891508,-83.9392,132,6.020361
oreamuno_atlantico,9.891614,-83.9395,133,6.055274
oreamuno_atlantico,9.891756,-83.9398,134,6.091733
oreamuno_atlantico,9.891998,-83.9402,135,6.143153
oreamuno_atlantico,9.892306,-83.9406,136,6.198766
oreamuno_atlantico,9.892702,-83.941,137,6.260885
oreamuno_atlantico,9.893167,-83.9414,138,6.328660
oreamuno_atlantico,9.893458,-83.9416,139,6.367737
oreamuno_atlantico,9.894144,-83.9422,140,6.468426
oreamuno_atlantico,9.894467,-83.9424,141,6.510496
oreamuno_atlantico,9.895016,-83.9428,142,6.585640
oreamuno_atlantico,9.895297,-83.943,143,6.623801
oreamuno_atlantico,9.895677,-83.9431,144,6.667451
oreamuno_atlantico,9.8962,-83.9433,145,6.729596
oreamuno_atlantico,9.896698,-83.9435,146,6.789147
oreamuno_atlantico,9.897097,-83.9437,147,6.838629
oreamuno_atlantico,9.89731,-83.9438,148,6.864723
oreamuno_atlantico,9.897568,-83.9439,149,6.895432
oreamuno_atlantico,9.897955,-83.9442,150,6.949577
oreamuno_atlantico,9.898595,-83.9446,151,7.033149
oreamuno_atlantico,9.89943,-83.9451,152,7.140947
oreamuno_atlantico,9.900011,-83.9454,153,7.213429
oreamuno_atlantico,9.90028,-83.9456,154,7.250505
oreamuno_atlantico,9.900555,-83.9459,155,7.295393
oreamuno_atlantico,9.900872,-83.9462,156,7.343584
oreamuno_atlantico,9.901211,-83.9467,157,7.410072
oreamuno_atlantico,9.901358,-83.947,158,7.446774
oreamuno_atlantico,9.901503,-83.9475,159,7.503867
oreamuno_atlantico,9.901563,-83.9478,160,7.537399
oreamuno_atlantico,9.901654,-83.949,161,7.669235
oreamuno_atlantico,9.901658,-83.9491,162,7.680198
oreamuno_atlantico,9.901706,-83.9498,163,7.757060
oreamuno_atlantico,9.90178,-83.951,164,7.888764
oreamuno_atlantico,9.901811,-83.9518,165,7.976462
oreamuno_atlantico,9.90188,-83.9524,166,8.042632
oreamuno_atlantico,9.902032,-83.9528,167,8.089594
oreamuno_atlantico,9.902424,-83.9536,168,8.187467
oreamuno_atlantico,9.902947,-83.9543,169,8.283703
oreamuno_atlantico,9.902962,-83.9543,170,8.285371
oreamuno_atlantico,9.903179,-83.9547,171,8.335391
oreamuno_atlantico,9.903344,-83.9553,172,8.403626
oreamuno_atlantico,9.903601,-83.9559,173,8.475293
oreamuno_atlantico,9.90398,-83.9566,174,8.562788
oreamuno_atlantico,9.904466,-83.9571,175,8.639729
oreamuno_atlantico,9.905111,-83.9575,176,8.723775
oreamuno_atlantico,9.90561,-83.9576,177,8.780332
oreamuno_atlantico,9.906019,-83.9577,178,8.827111
oreamuno_atlantico,9.906404,-83.9578,179,8.871300
oreamuno_atlantico,9.906846,-83.9581,180,8.930422
oreamuno_atlantico,9.907268,-83.9585,181,8.994622
oreamuno_atlantico,9.907511,-83.9591,182,9.065682
oreamuno_atlantico,9.907974,-83.9603,183,9.206848
oreamuno_atlantico,9.908465,-83.9614,184,9.339131
oreamuno_atlantico,9.908904,-83.9622,185,9.439439
oreamuno_atlantico,9.909362,-83.9628,186,9.522583
oreamuno_atlantico,9.909501,-83.963,187,9.549394
oreamuno_atlantico,9.909936,-83.9637,188,9.640051
oreamuno_atlantico,9.910515,-83.9643,189,9.732053
oreamuno_atlantico,9.910985,-83.9648,190,9.807755
oreamuno_atlantico,9.911175,-83.9654,191,9.876788
oreamuno_atlantico,9.911441,-83.9665,192,10.000854
oreamuno_atlantico,9.911949,-83.9681,193,10.184989
oreamuno_atlantico,9.911892,-83.9691,194,10.294708
oreamuno_atlantico,9.911889,-83.9696,195,10.349476
oreamuno_atlantico,9.911917,-83.9699,196,10.382484
oreamuno_atlantico,9.911931,-83.97,197,10.393547
oreamuno_atlantico,9.91201,-83.9704,198,10.438233
oreamuno_atlantico,9.912635,-83.9715,199,10.577328
oreamuno_atlantico,9.912957,-83.9719,200,10.633911
oreamuno_atlantico,9.913295,-83.9723,201,10.691636
oreamuno_atlantico,9.913467,-83.9725,202,10.720717
oreamuno_atlantico,9.913988,-83.9733,203,10.825764
oreamuno_atlantico,9.914174,-83.9738,204,10.884306
oreamuno_atlantico,9.914331,-83.9744,205,10.952306
oreamuno_atlantico,9.914355,-83.9745,206,10.963580
oreamuno_atlantico,9.914513,-83.9753,207,11.052951
oreamuno_atlantico,9.914753,-83.9763,208,11.165690
oreamuno_atlantico,9.914775,-83.977,209,11.242403
oreamuno_atlantico,9.914775,-83.9771,210,11.253356
oreamuno_atlantico,9.914626,-83.9776,211,11.310574
oreamuno_atlantico,9.914612,-83.9777,212,11.321638
oreamuno_atlantico,9.914555,-83.9778,213,11.334293
oreamuno_atlantico,9.914462,-83.978,214,11.358518
oreamuno_atlantico,9.914272,-83.9785,215,11.417219
oreamuno_atlantico,9.913856,-83.9795,216,11.536120
oreamuno_atlantico,9.913542,-83.98,217,11.601070
oreamuno_atlantico,9.91314,-83.9805,218,11.671764
oreamuno_atlantico,9.912992,-83.9807,219,11.699163
oreamuno_atlantico,9.912836,-83.9811,220,11.746286
oreamuno_atlantico,9.912673,-83.9818,221,11.825074
oreamuno_atlantico,9.912661,-83.9819,222,11.836108
oreamuno_atlantico,9.912559,-83.9827,223,11.924467
oreamuno_atlantico,9.912515,-83.983,224,11.957690
oreamuno_atlantico,9.912382,-83.9835,225,12.014419
oreamuno_atlantico,9.912158,-83.984,226,12.074584
oreamuno_atlantico,9.912111,-83.984,227,12.079811
oreamuno_atlantico,9.912063,-83.9841,228,12.091995
oreamuno_atlantico,9.911749,-83.9846,229,12.156946
oreamuno_atlantico,9.911617,-83.9847,230,12.175260
oreamuno_atlantico,9.911424,-83.985,231,12.214508
oreamuno_atlantico,9.911213,-83.9853,232,12.254885
oreamuno_atlantico,9.911025,-83.9857,233,12.303430
oreamuno_atlantico,9.910736,-83.9863,234,12.376587
oreamuno_atlantico,9.910593,-83.9867,235,12.423198
oreamuno_atlantico,9.910574,-83.9869,237,12.445207
oreamuno_atlantico,9.910508,-83.987,238,12.458391
oreamuno_atlantico,9.910443,-83.9872,239,12.481460
oreamuno_atlantico,9.910356,-83.9875,240,12.515715
oreamuno_atlantico,9.910309,-83.9878,241,12.548989
oreamuno_atlantico,9.910283,-83.9881,242,12.581976
oreamuno_atlantico,9.910282,-83.9881,243,12.582088
oreamuno_atlantico,9.910238,-83.9887,244,12.647991
oreamuno_atlantico,9.910184,-83.9895,245,12.735825
oreamuno_atlantico,9.91031,-83.9901,246,12.803023
oreamuno_atlantico,9.910403,-83.9907,247,12.869553
oreamuno_atlantico,9.910691,-83.9914,248,12.952647
oreamuno_atlantico,9.911266,-83.9924,249,13.079478
oreamuno_atlantico,9.911452,-83.9927,250,13.118305
oreamuno_atlantico,9.911519,-83.9931,251,13.162748
oreamuno_atlantico,9.911435,-83.9949,252,13.360133
oreamuno_atlantico,9.911442,-83.996,253,13.480624
oreamuno_atlantico,9.911443,-83.9962,254,13.502532
oreamuno_atlantico,9.911875,-83.9977,255,13.673713
oreamuno_atlantico,9.912061,-83.9983,256,13.742611
oreamuno_atlantico,9.912035,-83.999,257,13.819340
oreamuno_atlantico,9.911891,-83.9995,258,13.876401
oreamuno_atlantico,9.911494,-84.0005,259,13.994497
oreamuno_atlantico,9.911367,-84.0017,260,14.126696
oreamuno_atlantico,9.911332,-84.0031,261,14.280094
oreamuno_atlantico,9.91126,-84.0039,262,14.368088
oreamuno_atlantico,9.911219,-84.0041,263,14.390464
oreamuno_atlantico,9.911135,-84.0044,264,14.424626
oreamuno_atlantico,9.911003,-84.0047,265,14.460616
oreamuno_atlantico,9.910571,-84.0056,266,14.570279
oreamuno_atlantico,9.910417,-84.006,267,14.617320
oreamuno_atlantico,9.910282,-84.0063,268,14.653448
oreamuno_atlantico,9.910223,-84.0066,269,14.686957
oreamuno_atlantico,9.910212,-84.0069,270,14.719840
oreamuno_atlantico,9.910219,-84.0072,271,14.752710
oreamuno_atlantico,9.91026,-84.0076,272,14.796761
oreamuno_atlantico,9.910331,-84.0079,273,14.830557
oreamuno_atlantico,9.910458,-84.0082,274,14.866323
oreamuno_atlantico,9.910663,-84.0085,275,14.906316
oreamuno_atlantico,9.910877,-84.0088,276,14.946888
oreamuno_atlantico,9.911612,-84.0099,277,15.092480
oreamuno_atlantico,9.912449,-84.011,278,15.244729
oreamuno_atlantico,9.912854,-84.0115,279,15.315634
oreamuno_atlantico,9.913241,-84.0119,280,15.377046
oreamuno_atlantico,9.913608,-84.0122,281,15.429440
oreamuno_atlantico,9.914274,-84.0127,282,15.521547
oreamuno_atlantico,9.914467,-84.0129,283,15.552214
oreamuno_atlantico,9.914611,-84.0132,284,15.588768
oreamuno_atlantico,9.91471,-84.0134,285,15.613285
oreamuno_atlantico,9.914788,-84.0136,286,15.636846
oreamuno_atlantico,9.91482,-84.0139,287,15.669899
oreamuno_atlantico,9.914834,-84.0141,288,15.691861
oreamuno_atlantico,9.914794,-84.0147,289,15.757732
oreamuno_atlantico,9.914846,-84.0152,290,15.812803
oreamuno_atlantico,9.915005,-84.0157,291,15.870353
oreamuno_atlantico,9.915109,-84.0158,292,15.886282
oreamuno_atlantico,9.915551,-84.0164,293,15.968347
oreamuno_atlantico,9.915666,-84.0165,294,15.985184
oreamuno_atlantico,9.916072,-84.0169,295,16.048095
oreamuno_atlantico,9.916409,-84.0172,296,16.097934
oreamuno_atlantico,9.916555,-84.0174,297,16.125201
oreamuno_atlantico,9.91668,-84.0176,298,16.151145
oreamuno_atlantico,9.916838,-84.0178,299,16.179226
oreamuno_atlantico,9.916939,-84.018,300,16.203844
oreamuno_atlantico,9.91698,-84.0181,301,16.215708
oreamuno_atlantico,9.917005,-84.0183,302,16.237791
oreamuno_atlantico,9.917013,-84.0184,303,16.248780
oreamuno_atlantico,9.916998,-84.0186,304,16.270750
oreamuno_atlantico,9.916854,-84.0191,305,16.327810
oreamuno_atlantico,9.916778,-84.0195,306,16.372431
oreamuno_atlantico,9.916863,-84.02,307,16.428007
oreamuno_atlantico,9.917074,-84.0204,308,16.477707
oreamuno_atlantico,9.917494,-84.0208,309,16.541743
oreamuno_atlantico,9.917734,-84.0211,310,16.584075
oreamuno_atlantico,9.918207,-84.0216,311,16.660007
oreamuno_atlantico,9.918427,-84.0221,312,16.719988
oreamuno_atlantico,9.918554,-84.0223,313,16.746052
oreamuno_atlantico,9.918683,-84.0228,314,16.802666
oreamuno_atlantico,9.919064,-84.0235,315,16.890265
oreamuno_atlantico,9.919277,-84.0238,316,16.930771
oreamuno_atlantico,9.919307,-84.0239,318,16.942221
oreamuno_atlantico,9.919635,-84.0245,319,17.017382
oreamuno_atlantico,9.919759,-84.0248,320,17.053018
oreamuno_atlantico,9.919819,-84.0251,321,17.086548
oreamuno_atlantico,9.919819,-84.0256,322,17.141314
oreamuno_atlantico,9.919736,-84.026,323,17.186089
oreamuno_atlantico,9.91958,-84.0268,324,17.275415
oreamuno_atlantico,9.919525,-84.0272,325,17.319653
oreamuno_atlantico,9.91952,-84.0276,326,17.363470
oreamuno_atlantico,9.919603,-84.0279,327,17.397601
oreamuno_atlantico,9.919758,-84.0283,328,17.444682
oreamuno_atlantico,9.920045,-84.0288,329,17.508068
oreamuno_atlantico,9.920887,-84.0302,330,17.687736
oreamuno_atlantico,9.921209,-84.0307,331,17.753168
oreamuno_atlantico,9.921389,-84.0312,332,17.811477
oreamuno_atlantico,9.921438,-84.0314,333,17.834050
oreamuno_atlantico,9.921457,-84.0317,334,17.866978
oreamuno_atlantico,9.921456,-84.0323,335,17.932697
oreamuno_atlantico,9.921466,-84.0328,336,17.987474
oreamuno_atlantico,9.921525,-84.0332,337,18.031776
oreamuno_atlantico,9.921769,-84.0336,338,18.083309
oreamuno_atlantico,9.92212,-84.034,339,18.141985
oreamuno_atlantico,9.922879,-84.0348,340,18.263644
oreamuno_atlantico,9.92294,-84.0349,341,18.276528
oreamuno_atlantico,9.923143,-84.035,342,18.301617
oreamuno_atlantico,9.92346,-84.0353,343,18.349807
oreamuno_atlantico,9.925282,-84.0371,344,18.632501
oreamuno_atlantico,9.927325,-84.0391,346,18.948087
oreamuno_atlantico,9.927635,-84.0394,347,18.995709
oreamuno_atlantico,9.930026,-84.0417,348,19.361972
oreamuno_atlantico,9.930408,-84.0418,349,19.405837
oreamuno_atlantico,9.930917,-84.042,350,19.466527
oreamuno_atlantico,9.931297,-84.0422,351,19.514122
oreamuno_atlantico,9.93169,-84.0425,352,19.568797
oreamuno_atlantico,9.931902,-84.0427,353,19.600977
oreamuno_atlantico,9.932141,-84.043,354,19.643237
oreamuno_atlantico,9.932337,-84.0433,355,19.682667
oreamuno_atlantico,9.932471,-84.0436,356,19.718746
oreamuno_atlantico,9.932553,-84.0438,358,19.742473
oreamuno_atlantico,9.932603,-84.044,359,19.765073
oreamuno_atlantico,9.932631,-84.0444,360,19.808995
oreamuno_atlantico,9.932641,-84.0448,361,19.852821
oreamuno_atlantico,9.932643,-84.0449,362,19.863776
oreamuno_atlantico,9.932647,-84.0451,363,19.885686
oreamuno_atlantico,9.932689,-84.0458,364,19.962498
oreamuno_atlantico,9.932738,-84.0468,365,20.072161
oreamuno_atlantico,9.932756,-84.0469,366,20.083296
oreamuno_atlantico,9.932859,-84.0477,367,20.171663
oreamuno_atlantico,9.932937,-84.0482,368,20.227110
oreamuno_atlantico,9.933214,-84.0493,369,20.351466
oreamuno_atlantico,9.933267,-84.0496,370,20.384849
oreamuno_atlantico,9.933475,-84.0503,371,20.464931
oreamuno_atlantico,9.933684,-84.0511,372,20.555583
oreamuno_atlantico,9.933986,-84.0522,373,20.680656
oreamuno_atlantico,9.934032,-84.0523,374,20.692744
oreamuno_atlantico,9.934035,-84.0524,375,20.703702
oreamuno_atlantico,9.93418,-84.0529,376,20.760790
oreamuno_atlantico,9.93441,-84.0536,378,20.841612
oreamuno_atlantico,9.934457,-84.0538,379,20.864133
oreamuno_atlantico,9.934912,-84.0553,380,21.036038
oreamuno_atlantico,9.934951,-84.0554,381,21.047818
oreamuno_atlantico,9.934972,-84.0555,382,21.059017
oreamuno_atlantico,9.935085,-84.0559,383,21.104594
oreamuno_atlantico,9.935183,-84.0563,384,21.149740
oreamuno_atlantico,9.935278,-84.0566,385,21.184254
oreamuno_atlantico,9.935381,-84.0571,386,21.240203
oreamuno_atlantico,9.935426,-84.0573,387,21.262672
oreamuno_atlantico,9.935445,-84.0576,388,21.295598
oreamuno_atlantico,9.935447,-84.0577,389,21.306553
oreamuno_atlantico,9.935449,-84.0578,390,21.317508
oreamuno_atlantico,9.935449,-84.0579,391,21.328461
oreamuno_atlantico,9.935424,-84.0582,392,21.361437
oreamuno_atlantico,9.93537,-84.0585,393,21.394839
oreamuno_atlantico,9.934974,-84.0599,394,21.554374
oreamuno_atlantico,9.934749,-84.0607,395,21.645498
oreamuno_atlantico,9.934601,-84.0612,396,21.702681
oreamuno_atlantico,9.934554,-84.0614,397,21.725202
oreamuno_atlantico,9.934314,-84.0622,398,21.816798
oreamuno_atlantico,9.933905,-84.0635,399,21.966270
oreamuno_atlantico,9.93386,-84.0637,400,21.988740
oreamuno_atlantico,9.933692,-84.0643,401,22.057060
oreamuno_atlantico,9.933588,-84.0648,402,22.113032
oreamuno_atlantico,9.933568,-84.0649,403,22.124208
oreamuno_atlantico,9.933555,-84.0651,404,22.146162
oreamuno_atlantico,9.933542,-84.0653,405,22.168115
oreamuno_atlantico,9.933572,-84.0657,406,22.212053
oreamuno_atlantico,9.933628,-84.0661,407,22.256304
oreamuno_atlantico,9.933644,-84.0662,408,22.267401
oreamuno_atlantico,9.933654,-84.0663,409,22.278410
oreamuno_atlantico,9.933783,-84.0666,410,22.314263
oreamuno_atlantico,9.934008,-84.0671,411,22.374471
oreamuno_atlantico,9.93408,-84.0672,412,22.388038
oreamuno_atlantico,9.934166,-84.0674,413,22.411940
oreamuno_atlantico,9.934317,-84.0678,414,22.458858
oreamuno_atlantico,9.934397,-84.0679,415,22.472968
oreamuno_atlantico,9.934734,-84.0686,416,22.558305
oreamuno_atlantico,9.93473,-84.0686,417,22.558750
oreamuno_atlantico,9.934785,-84.0687,418,22.571294
oreamuno_atlantico,9.934874,-84.0689,419,22.595331
paraiso_atlantico,9.850563,-83.8901,0,0
paraiso_atlantico,9.861238,-83.9053,1,2.044978
paraiso_atlantico,9.864212,-83.911,2,2.751582
paraiso_atlantico,9.864335,-83.9115,3,2.808039
paraiso_atlantico,9.864431,-83.9121,4,2.874631
paraiso_atlantico,9.864472,-83.9124,5,2.907811
paraiso_atlantico,9.864527,-83.9126,6,2.930558
paraiso_atlantico,9.864575,-83.9127,7,2.942744
paraiso_atlantico,9.864692,-83.9129,8,2.968226
paraiso_atlantico,9.864991,-83.9132,9,3.014975
paraiso_atlantico,9.865263,-83.9136,10,3.068220
paraiso_atlantico,9.865439,-83.9138,11,3.097598
paraiso_atlantico,9.865535,-83.914,12,3.121970
paraiso_atlantico,9.865562,-83.9141,13,3.133329
paraiso_atlantico,9.865598,-83.9144,14,3.166437
paraiso_atlantico,9.865706,-83.9152,15,3.254896
paraiso_atlantico,9.865871,-83.9163,16,3.376791
paraiso_atlantico,9.866027,-83.9174,17,3.498538
paraiso_atlantico,9.866152,-83.9183,18,3.598109
paraiso_atlantico,9.866271,-83.9192,19,3.697588
paraiso_atlantico,9.866339,-83.9197,20,3.752883
paraiso_atlantico,9.866417,-83.9203,21,3.819183
paraiso_atlantico,9.866419,-83.9203,22,3.819405
paraiso_atlantico,9.866498,-83.9209,23,3.885720
paraiso_atlantico,9.866559,-83.9213,24,3.930062
paraiso_atlantico,9.866615,-83.9217,25,3.974322
paraiso_atlantico,9.866473,-83.9219,26,4.001329
paraiso_atlantico,9.866589,-83.9219,27,4.014227
paraiso_atlantico,9.866654,-83.922,28,4.027352
paraiso_atlantico,9.866519,-83.9222,30,4.053911
paraiso_atlantico,9.866634,-83.9222,31,4.066698
paraiso_atlantico,9.866736,-83.9226,32,4.111962
paraiso_atlantico,9.866793,-83.9229,33,4.145433
paraiso_atlantico,9.866805,-83.923,34,4.156469
paraiso_atlantico,9.866821,-83.923,35,4.158248
paraiso_atlantico,9.866842,-83.923,36,4.160583
paraiso_atlantico,9.866884,-83.9231,37,4.172492
paraiso_atlantico,9.866911,-83.9231,38,4.175494
paraiso_atlantico,9.86697,-83.9231,39,4.182055
paraiso_atlantico,9.867232,-83.9234,40,4.225974
paraiso_atlantico,9.86801,-83.9242,41,4.349119
paraiso_atlantico,9.868515,-83.9246,42,4.420346
paraiso_atlantico,9.868784,-83.9249,43,4.464785
paraiso_atlantico,9.868861,-83.9249,44,4.473347
paraiso_atlantico,9.868962,-83.925,45,4.489036
paraiso_atlantico,9.869146,-83.9252,46,4.519013
paraiso_atlantico,9.86941,-83.9254,47,4.555644
paraiso_atlantico,9.869811,-83.9255,48,4.601559
paraiso_atlantico,9.869922,-83.9256,49,4.618062
paraiso_atlantico,9.871496,-83.9264,50,4.813799
paraiso_atlantico,9.87191,-83.9267,51,4.870361
paraiso_atlantico,9.872552,-83.9271,52,4.954124
paraiso_atlantico,9.872909,-83.9274,53,5.005659
paraiso_atlantico,9.873833,-83.928,54,5.127629
paraiso_atlantico,9.874233,-83.9283,55,5.182932
paraiso_atlantico,9.874322,-83.9283,56,5.192828
paraiso_atlantico,9.874794,-83.9286,57,5.254752
paraiso_atlantico,9.875285,-83.9289,58,5.318477
paraiso_atlantico,9.876364,-83.9295,59,5.455281
paraiso_atlantico,9.876674,-83.9297,60,5.496125
paraiso_atlantico,9.877059,-83.9298,61,5.540314
paraiso_atlantico,9.87721,-83.9299,62,5.560362
paraiso_atlantico,9.877466,-83.93,63,5.590863
paraiso_atlantico,9.878005,-83.93,64,5.650797
paraiso_atlantico,9.87847,-83.93,65,5.702503
paraiso_atlantico,9.878673,-83.93,66,5.725076
paraiso_atlantico,9.878957,-83.93,67,5.756655
paraiso_atlantico,9.880995,-83.9299,68,5.983535
paraiso_atlantico,9.881964,-83.9298,69,6.091838
paraiso_atlantico,9.882677,-83.9298,70,6.171120
paraiso_atlantico,9.883486,-83.9297,71,6.261741
paraiso_atlantico,9.883671,-83.9297,72,6.282312
paraiso_atlantico,9.883792,-83.9297,73,6.295767
paraiso_atlantico,9.885568,-83.9296,74,6.493553
paraiso_atlantico,9.886582,-83.9295,75,6.606835
paraiso_atlantico,9.886836,-83.9295,76,6.635079
paraiso_atlantico,9.887064,-83.9296,77,6.662697
paraiso_atlantico,9.887249,-83.9296,78,6.683268
paraiso_atlantico,9.887391,-83.9296,79,6.699057
paraiso_atlantico,9.887745,-83.9296,80,6.738420
paraiso_atlantico,9.887944,-83.9296,81,6.760548
paraiso_atlantico,9.888501,-83.9299,82,6.830662
paraiso_atlantico,9.888677,-83.93,83,6.853090
paraiso_atlantico,9.88886,-83.9302,84,6.882991
paraiso_atlantico,9.889105,-83.9305,85,6.925677
paraiso_atlantico,9.889299,-83.9309,86,6.974516
paraiso_atlantico,9.889387,-83.9311,87,6.998511
paraiso_atlantico,9.889463,-83.9314,88,7.032443
paraiso_atlantico,9.889484,-83.9318,89,7.076322
paraiso_atlantico,9.889447,-83.9322,90,7.120332
paraiso_atlantico,9.889421,-83.9326,91,7.164244
paraiso_atlantico,9.889399,-83.9327,92,7.175468
paraiso_atlantico,9.889395,-83.9328,93,7.186432
paraiso_atlantico,9.889389,-83.933,94,7.208350
paraiso_atlantico,9.889521,-83.9333,95,7.244342
paraiso_atlantico,9.889801,-83.934,96,7.327102
paraiso_atlantico,9.889997,-83.9343,97,7.366534
paraiso_atlantico,9.890265,-83.9345,98,7.403521
paraiso_atlantico,9.890435,-83.9345,99,7.422425
paraiso_atlantico,9.890546,-83.9345,100,7.434767
paraiso_atlantico,9.890699,-83.9345,101,7.451780
paraiso_atlantico,9.890842,-83.9346,102,7.471089
paraiso_atlantico,9.891038,-83.9346,103,7.492883
paraiso_atlantico,9.891164,-83.9346,104,7.506894
paraiso_atlantico,9.891291,-83.9347,105,7.524766
paraiso_atlantico,9.891413,-83.9347,106,7.538332
paraiso_atlantico,9.891529,-83.9348,107,7.555254
paraiso_atlantico,9.891661,-83.9349,108,7.573569
paraiso_atlantico,9.891719,-83.935,109,7.586281
paraiso_atlantico,9.891857,-83.9352,110,7.613028
paraiso_atlantico,9.891915,-83.9353,111,7.625740
paraiso_atlantico,9.891989,-83.9355,112,7.649143
paraiso_atlantico,9.891994,-83.9356,113,7.660111
paraiso_atlantico,9.891978,-83.9358,114,7.682092
paraiso_atlantico,9.891947,-83.936,115,7.704269
paraiso_atlantico,9.891931,-83.9361,116,7.715367
paraiso_atlantico,9.891899,-83.9362,117,7.726885
paraiso_atlantico,9.891862,-83.9364,118,7.749176
paraiso_atlantico,9.891841,-83.9365,119,7.760376
paraiso_atlantico,9.891783,-83.9368,120,7.793866
paraiso_atlantico,9.891719,-83.9369,121,7.806929
paraiso_atlantico,9.891682,-83.9371,122,7.829220
paraiso_atlantico,9.891624,-83.9373,123,7.852058
paraiso_atlantico,9.891577,-83.9374,124,7.864195
paraiso_atlantico,9.891545,-83.9376,125,7.886390
paraiso_atlantico,9.891519,-83.9377,126,7.897720
paraiso_atlantico,9.891497,-83.9378,127,7.908944
paraiso_atlantico,9.891434,-83.938,128,7.931945
paraiso_atlantico,9.891418,-83.9381,129,7.943043
paraiso_atlantico,9.891386,-83.9384,130,7.976097
paraiso_atlantico,9.891392,-83.9387,131,8.008967
paraiso_atlantico,9.891423,-83.9389,132,8.031145
paraiso_atlantico,9.891508,-83.9392,133,8.065339
paraiso_atlantico,9.891614,-83.9395,134,8.100252
paraiso_atlantico,9.891756,-83.9398,135,8.136711
paraiso_atlantico,9.891998,-83.9402,136,8.188131
paraiso_atlantico,9.892306,-83.9406,137,8.243744
paraiso_atlantico,9.892702,-83.941,138,8.305863
paraiso_atlantico,9.893167,-83.9414,139,8.373638
paraiso_atlantico,9.893458,-83.9416,140,8.412715
paraiso_atlantico,9.894144,-83.9422,141,8.513404
paraiso_atlantico,9.894467,-83.9424,142,8.555474
paraiso_atlantico,9.895016,-83.9428,143,8.630618
paraiso_atlantico,9.895297,-83.943,144,8.668779
paraiso_atlantico,9.895677,-83.9431,145,8.712429
paraiso_atlantico,9.8962,-83.9433,146,8.774574
paraiso_atlantico,9.896698,-83.9435,147,8.834125
paraiso_atlantico,9.897097,-83.9437,148,8.883607
paraiso_atlantico,9.89731,-83.9438,149,8.909701
paraiso_atlantico,9.897568,-83.9439,150,8.940410
paraiso_atlantico,9.897955,-83.9442,151,8.994555
paraiso_atlantico,9.898595,-83.9446,152,9.078127
paraiso_atlantico,9.89943,-83.9451,153,9.185925
paraiso_atlantico,9.900011,-83.9454,154,9.258407
paraiso_atlantico,9.90028,-83.9456,155,9.295483
paraiso_atlantico,9.900555,-83.9459,156,9.340371
paraiso_atlantico,9.900872,-83.9462,157,9.388562
paraiso_atlantico,9.901211,-83.9467,158,9.455050
paraiso_atlantico,9.901358,-83.947,159,9.491752
paraiso_atlantico,9.901503,-83.9475,160,9.548845
paraiso_atlantico,9.901563,-83.9478,161,9.582377
paraiso_atlantico,9.901654,-83.949,162,9.714213
paraiso_atlantico,9.901658,-83.9491,163,9.725176
paraiso_atlantico,9.901706,-83.9498,164,9.802038
paraiso_atlantico,9.90178,-83.951,165,9.933742
paraiso_atlantico,9.901811,-83.9518,166,10.021440
paraiso_atlantico,9.90188,-83.9524,167,10.087610
paraiso_atlantico,9.902032,-83.9528,168,10.134572
paraiso_atlantico,9.902424,-83.9536,169,10.232445
paraiso_atlantico,9.902947,-83.9543,170,10.328681
paraiso_atlantico,9.902962,-83.9543,171,10.330349
paraiso_atlantico,9.903179,-83.9547,172,10.380369
paraiso_atlantico,9.903344,-83.9553,173,10.448604
paraiso_atlantico,9.903601,-83.9559,174,10.520271
paraiso_atlantico,9.90398,-83.9566,175,10.607766
paraiso_atlantico,9.904466,-83.9571,176,10.684708
paraiso_atlantico,9.905111,-83.9575,177,10.768753
paraiso_atlantico,9.90561,-83.9576,178,10.825310
paraiso_atlantico,9.906019,-83.9577,179,10.872089
paraiso_atlantico,9.906404,-83.9578,180,10.916278
paraiso_atlantico,9.906846,-83.9581,181,10.975400
paraiso_atlantico,9.907268,-83.9585,182,11.039600
paraiso_atlantico,9.907511,-83.9591,183,11.110660
paraiso_atlantico,9.907974,-83.9603,184,11.251826
paraiso_atlantico,9.908465,-83.9614,185,11.384109
paraiso_atlantico,9.908904,-83.9622,186,11.484417
paraiso_atlantico,9.909362,-83.9628,187,11.567561
paraiso_atlantico,9.909501,-83.963,188,11.594372
paraiso_atlantico,9.909936,-83.9637,189,11.685029
paraiso_atlantico,9.910515,-83.9643,190,11.777031
paraiso_atlantico,9.910985,-83.9648,191,11.852733
paraiso_atlantico,9.911175,-83.9654,192,11.921766
paraiso_atlantico,9.911441,-83.9665,193,12.045832
paraiso_atlantico,9.911949,-83.9681,194,12.229967
paraiso_atlantico,9.911892,-83.9691,195,12.339686
paraiso_atlantico,9.911889,-83.9696,196,12.394454
paraiso_atlantico,9.911917,-83.9699,197,12.427462
paraiso_atlantico,9.911931,-83.97,198,12.438525
paraiso_atlantico,9.91201,-83.9704,199,12.483211
paraiso_atlantico,9.912635,-83.9715,200,12.622306
paraiso_atlantico,9.912957,-83.9719,201,12.678889
paraiso_atlantico,9.913295,-83.9723,202,12.736614
paraiso_atlantico,9.913467,-83.9725,203,12.765695
paraiso_atlantico,9.913988,-83.9733,204,12.870742
paraiso_atlantico,9.914174,-83.9738,205,12.929284
paraiso_atlantico,9.914331,-83.9744,206,12.997284
paraiso_atlantico,9.914355,-83.9745,207,13.008558
paraiso_atlantico,9.914513,-83.9753,208,13.097929
paraiso_atlantico,9.914753,-83.9763,209,13.210668
paraiso_atlantico,9.914775,-83.977,210,13.287381
paraiso_atlantico,9.914775,-83.9771,211,13.298334
paraiso_atlantico,9.914626,-83.9776,212,13.355552
paraiso_atlantico,9.914612,-83.9777,213,13.366616
paraiso_atlantico,9.914555,-83.9778,214,13.379271
paraiso_atlantico,9.914462,-83.978,215,13.403496
paraiso_atlantico,9.914272,-83.9785,216,13.462197
paraiso_atlantico,9.913856,-83.9795,217,13.581098
paraiso_atlantico,9.913542,-83.98,218,13.646048
paraiso_atlantico,9.91314,-83.9805,219,13.716742
paraiso_atlantico,9.912992,-83.9807,220,13.744141
paraiso_atlantico,9.912836,-83.9811,221,13.791264
paraiso_atlantico,9.912673,-83.9818,222,13.870052
paraiso_atlantico,9.912661,-83.9819,223,13.881086
paraiso_atlantico,9.912559,-83.9827,224,13.969445
paraiso_atlantico,9.912515,-83.983,225,14.002668
paraiso_atlantico,9.912382,-83.9835,226,14.059397
paraiso_atlantico,9.912158,-83.984,227,14.119562
paraiso_atlantico,9.912111,-83.984,228,14.124789
paraiso_atlantico,9.912063,-83.9841,229,14.136973
paraiso_atlantico,9.911749,-83.9846,230,14.201924
paraiso_atlantico,9.911617,-83.9847,231,14.220238
paraiso_atlantico,9.911424,-83.985,232,14.259486
paraiso_atlantico,9.911213,-83.9853,233,14.299863
paraiso_atlantico,9.911025,-83.9857,234,14.348408
paraiso_atlantico,9.910736,-83.9863,235,14.421565
paraiso_atlantico,9.910593,-83.9867,236,14.468176
paraiso_atlantico,9.910574,-83.9869,238,14.490185
paraiso_atlantico,9.910508,-83.987,239,14.503369
paraiso_atlantico,9.910443,-83.9872,240,14.526438
paraiso_atlantico,9.910356,-83.9875,241,14.560693
paraiso_atlantico,9.910309,-83.9878,242,14.593967
paraiso_atlantico,9.910283,-83.9881,243,14.626954
paraiso_atlantico,9.910282,-83.9881,244,14.627066
paraiso_atlantico,9.910238,-83.9887,245,14.692969
paraiso_atlantico,9.910184,-83.9895,246,14.780803
paraiso_atlantico,9.91031,-83.9901,247,14.848001
paraiso_atlantico,9.910403,-83.9907,248,14.914531
paraiso_atlantico,9.910691,-83.9914,249,14.997625
paraiso_atlantico,9.911266,-83.9924,250,15.124456
paraiso_atlantico,9.911452,-83.9927,251,15.163283
paraiso_atlantico,9.911519,-83.9931,252,15.207726
paraiso_atlantico,9.911435,-83.9949,253,15.405111
paraiso_atlantico,9.911442,-83.996,254,15.525602
paraiso_atlantico,9.911443,-83.9962,255,15.547510
paraiso_atlantico,9.911875,-83.9977,256,15.718691
paraiso_atlantico,9.912061,-83.9983,257,15.787589
paraiso_atlantico,9.912035,-83.999,258,15.864318
paraiso_atlantico,9.911891,-83.9995,259,15.921379
paraiso_atlantico,9.911494,-84.0005,260,16.039475
paraiso_atlantico,9.911367,-84.0017,261,16.171674
paraiso_atlantico,9.911332,-84.0031,262,16.325072
paraiso_atlantico,9.91126,-84.0039,263,16.413066
paraiso_atlantico,9.911219,-84.0041,264,16.435442
paraiso_atlantico,9.911135,-84.0044,265,16.469604
paraiso_atlantico,9.911003,-84.0047,266,16.505594
paraiso_atlantico,9.910571,-84.0056,267,16.615257
paraiso_atlantico,9.910417,-84.006,268,16.662298
paraiso_atlantico,9.910282,-84.0063,269,16.698426
paraiso_atlantico,9.910223,-84.0066,270,16.731935
paraiso_atlantico,9.910212,-84.0069,271,16.764818
paraiso_atlantico,9.910219,-84.0072,272,16.797688
paraiso_atlantico,9.91026,-84.0076,273,16.841739
paraiso_atlantico,9.910331,-84.0079,274,16.875535
paraiso_atlantico,9.910458,-84.0082,275,16.911301
paraiso_atlantico,9.910663,-84.0085,276,16.951294
paraiso_atlantico,9.910877,-84.0088,277,16.991866
paraiso_atlantico,9.911612,-84.0099,278,17.137458
paraiso_atlantico,9.912449,-84.011,279,17.289707
paraiso_atlantico,9.912854,-84.0115,280,17.360612
paraiso_atlantico,9.913241,-84.0119,281,17.422024
paraiso_atlantico,9.913608,-84.0122,282,17.474418
paraiso_atlantico,9.914274,-84.0127,283,17.566525
paraiso_atlantico,9.914467,-84.0129,284,17.597192
paraiso_atlantico,9.914611,-84.0132,285,17.633746
paraiso_atlantico,9.91471,-84.0134,286,17.658263
paraiso_atlantico,9.914788,-84.0136,287,17.681824
paraiso_atlantico,9.91482,-84.0139,288,17.714877
paraiso_atlantico,9.914834,-84.0141,289,17.736839
paraiso_atlantico,9.914794,-84.0147,290,17.802710
paraiso_atlantico,9.914846,-84.0152,291,17.857781
paraiso_atlantico,9.915005,-84.0157,292,17.915331
paraiso_atlantico,9.915109,-84.0158,293,17.931260
paraiso_atlantico,9.915551,-84.0164,294,18.013325
paraiso_atlantico,9.915666,-84.0165,295,18.030162
paraiso_atlantico,9.916072,-84.0169,296,18.093073
paraiso_atlantico,9.916409,-84.0172,297,18.142912
paraiso_atlantico,9.916555,-84.0174,298,18.170179
paraiso_atlantico,9.91668,-84.0176,299,18.196123
paraiso_atlantico,9.916838,-84.0178,300,18.224204
paraiso_atlantico,9.916939,-84.018,301,18.248822
paraiso_atlantico,9.91698,-84.0181,302,18.260686
paraiso_atlantico,9.917005,-84.0183,303,18.282769
paraiso_atlantico,9.917013,-84.0184,304,18.293758
paraiso_atlantico,9.916998,-84.0186,305,18.315728
paraiso_atlantico,9.916854,-84.0191,306,18.372788
paraiso_atlantico,9.916778,-84.0195,307,18.417409
paraiso_atlantico,9.916863,-84.02,308,18.472985
paraiso_atlantico,9.917074,-84.0204,309,18.522685
paraiso_atlantico,9.917494,-84.0208,310,18.586721
paraiso_atlantico,9.917734,-84.0211,311,18.629053
paraiso_atlantico,9.918207,-84.0216,312,18.704985
paraiso_atlantico,9.918427,-84.0221,313,18.764966
paraiso_atlantico,9.918554,-84.0223,314,18.791030
paraiso_atlantico,9.918683,-84.0228,315,18.847644
paraiso_atlantico,9.919064,-84.0235,316,18.935243
paraiso_atlantico,9.919277,-84.0238,317,18.975749
paraiso_atlantico,9.919307,-84.0239,319,18.987199
paraiso_atlantico,9.919635,-84.0245,320,19.062360
paraiso_atlantico,9.919759,-84.0248,321,19.097996
paraiso_atlantico,9.919819,-84.0251,322,19.131526
paraiso_atlantico,9.919819,-84.0256,323,19.186292
paraiso_atlantico,9.919736,-84.026,324,19.231067
paraiso_atlantico,9.91958,-84.0268,325,19.320393
paraiso_atlantico,9.919525,-84.0272,326,19.364631
paraiso_atlantico,9.91952,-84.0276,327,19.408448
paraiso_atlantico,9.919603,-84.0279,328,19.442579
paraiso_atlantico,9.919758,-84.0283,329,19.489660
paraiso_atlantico,9.920045,-84.0288,330,19.553046
paraiso_atlantico,9.920887,-84.0302,331,19.732714
paraiso_atlantico,9.921209,-84.0307,332,19.798146
paraiso_atlantico,9.921389,-84.0312,333,19.856455
paraiso_atlantico,9.921438,-84.0314,334,19.879029
paraiso_atlantico,9.921457,-84.0317,335,19.911956
paraiso_atlantico,9.921456,-84.0323,336,19.977675
paraiso_atlantico,9.921466,-84.0328,337,20.032453
paraiso_atlantico,9.921525,-84.0332,338,20.076754
paraiso_atlantico,9.921769,-84.0336,339,20.128287
paraiso_atlantico,9.92212,-84.034,340,20.186963
paraiso_atlantico,9.922879,-84.0348,341,20.308622
paraiso_atlantico,9.92294,-84.0349,342,20.321506
paraiso_atlantico,9.923143,-84.035,343,20.346595
paraiso_atlantico,9.92346,-84.0353,344,20.394785
paraiso_atlantico,9.925282,-84.0371,345,20.677479
paraiso_atlantico,9.927325,-84.0391,347,20.993065
paraiso_atlantico,9.927635,-84.0394,348,21.040688
paraiso_atlantico,9.930026,-84.0417,349,21.406950
paraiso_atlantico,9.930408,-84.0418,350,21.450816
paraiso_atlantico,9.930917,-84.042,351,21.511505
paraiso_atlantico,9.931297,-84.0422,352,21.559100
paraiso_atlantico,9.93169,-84.0425,353,21.613775
paraiso_atlantico,9.931902,-84.0427,354,21.645955
paraiso_atlantico,9.932141,-84.043,355,21.688215
paraiso_atlantico,9.932337,-84.0433,356,21.727645
paraiso_atlantico,9.932471,-84.0436,357,21.763724
paraiso_atlantico,9.932553,-84.0438,359,21.787451
paraiso_atlantico,9.932603,-84.044,360,21.810051
paraiso_atlantico,9.932631,-84.0444,361,21.853973
paraiso_atlantico,9.932641,-84.0448,362,21.897799
paraiso_atlantico,9.932643,-84.0449,363,21.908754
paraiso_atlantico,9.932647,-84.0451,364,21.930664
paraiso_atlantico,9.932689,-84.0458,365,22.007476
paraiso_atlantico,9.932738,-84.0468,366,22.117139
paraiso_atlantico,9.932756,-84.0469,367,22.128274
paraiso_atlantico,9.932859,-84.0477,368,22.216641
paraiso_atlantico,9.932937,-84.0482,369,22.272088
paraiso_atlantico,9.933214,-84.0493,370,22.396444
paraiso_atlantico,9.933267,-84.0496,371,22.429827
paraiso_atlantico,9.933475,-84.0503,372,22.509909
paraiso_atlantico,9.933684,-84.0511,373,22.600561
paraiso_atlantico,9.933986,-84.0522,374,22.725634
paraiso_atlantico,9.934032,-84.0523,375,22.737722
paraiso_atlantico,9.934035,-84.0524,376,22.748680
paraiso_atlantico,9.93418,-84.0529,377,22.805768
paraiso_atlantico,9.93441,-84.0536,379,22.886590
paraiso_atlantico,9.934457,-84.0538,380,22.909111
paraiso_atlantico,9.934912,-84.0553,381,23.081016
paraiso_atlantico,9.934951,-84.0554,382,23.092796
paraiso_atlantico,9.934972,-84.0555,383,23.103995
paraiso_atlantico,9.935085,-84.0559,384,23.149572
paraiso_atlantico,9.935183,-84.0563,385,23.194718
paraiso_atlantico,9.935278,-84.0566,386,23.229232
paraiso_atlantico,9.935381,-84.0571,387,23.285181
paraiso_atlantico,9.935426,-84.0573,388,23.307650
paraiso_atlantico,9.935445,-84.0576,389,23.340576
paraiso_atlantico,9.935447,-84.0577,390,23.351531
paraiso_atlantico,9.935449,-84.0578,391,23.362486
paraiso_atlantico,9.935449,-84.0579,392,23.373439
paraiso_atlantico,9.935424,-84.0582,393,23.406415
paraiso_atlantico,9.93537,-84.0585,394,23.439817
paraiso_atlantico,9.934974,-84.0599,395,23.599352
paraiso_atlantico,9.934749,-84.0607,396,23.690476
paraiso_atlantico,9.934601,-84.0612,397,23.747659
paraiso_atlantico,9.934554,-84.0614,398,23.770180
paraiso_atlantico,9.934314,-84.0622,399,23.861776
paraiso_atlantico,9.933905,-84.0635,400,24.011248
paraiso_atlantico,9.93386,-84.0637,401,24.033718
paraiso_atlantico,9.933692,-84.0643,402,24.102038
paraiso_atlantico,9.933588,-84.0648,403,24.158010
paraiso_atlantico,9.933568,-84.0649,404,24.169186
paraiso_atlantico,9.933555,-84.0651,405,24.191140
paraiso_atlantico,9.933542,-84.0653,406,24.213093
paraiso_atlantico,9.933572,-84.0657,407,24.257031
paraiso_atlantico,9.933628,-84.0661,408,24.301282
paraiso_atlantico,9.933644,-84.0662,409,24.312379
paraiso_atlantico,9.933654,-84.0663,410,24.323388
paraiso_atlantico,9.933783,-84.0666,411,24.359241
paraiso_atlantico,9.934008,-84.0671,412,24.419449
paraiso_atlantico,9.93408,-84.0672,413,24.433016
paraiso_atlantico,9.934166,-84.0674,414,24.456918
paraiso_atlantico,9.934317,-84.0678,415,24.503836
paraiso_atlantico,9.934397,-84.0679,416,24.517946
paraiso_atlantico,9.934734,-84.0686,417,24.603283
paraiso_atlantico,9.93473,-84.0686,418,24.603728
paraiso_atlantico,9.934785,-84.0687,419,24.616272
paraiso_atlantico,9.934874,-84.0689,420,24.640309
metropoli_atlantico,9.955766,-84.1499,0,0
metropoli_atlantico,9.955667,-84.1497,1,0.024515
metropoli_atlantico,9.955132,-84.1485,2,0.168776
metropoli_atlantico,9.954358,-84.1468,3,0.373891
metropoli_atlantico,9.95418,-84.1465,4,0.412249
metropoli_atlantico,9.953998,-84.1463,5,0.442071
metropoli_atlantico,9.953789,-84.1461,6,0.474006
metropoli_atlantico,9.95357,-84.146,7,0.500708
metropoli_atlantico,9.951287,-84.1449,8,0.781702
metropoli_atlantico,9.949871,-84.1441,9,0.961891
metropoli_atlantico,9.94986,-84.1441,10,0.963114
metropoli_atlantico,9.94935,-84.1438,11,1.028654
metropoli_atlantico,9.948421,-84.1433,12,1.145572
metropoli_atlantico,9.948115,-84.1431,13,1.186038
metropoli_atlantico,9.947825,-84.1428,14,1.232076
metropoli_atlantico,9.94764,-84.1425,15,1.270841
metropoli_atlantico,9.947496,-84.1421,16,1.317485
metropoli_atlantico,9.94694,-84.1401,17,1.545089
metropoli_atlantico,9.946319,-84.138,18,1.785230
metropoli_atlantico,9.946146,-84.1375,19,1.843273
metropoli_atlantico,9.945799,-84.1365,20,1.959394
metropoli_atlantico,9.945609,-84.1362,21,1.998458
metropoli_atlantico,9.945368,-84.136,22,2.033069
metropoli_atlantico,9.945135,-84.1359,23,2.061198
metropoli_atlantico,9.944898,-84.1358,24,2.089736
metropoli_atlantico,9.944495,-84.1358,25,2.134548
metropoli_atlantico,9.944193,-84.1358,26,2.168128
metropoli_atlantico,9.943987,-84.1359,27,2.193518
metropoli_atlantico,9.943492,-84.1359,28,2.248560
metropoli_atlantico,9.942607,-84.136,29,2.347575
metropoli_atlantico,9.94171,-84.1361,30,2.447916
metropoli_atlantico,9.941222,-84.1362,31,2.503274
metropoli_atlantico,9.941018,-84.1362,32,2.525958
metropoli_atlantico,9.940893,-84.1361,33,2.543654
metropoli_atlantico,9.940815,-84.1361,34,2.552327
metropoli_atlantico,9.940778,-84.1361,35,2.556441
metropoli_atlantico,9.940728,-84.1361,36,2.562001
metropoli_atlantico,9.940491,-84.1359,37,2.596269
metropoli_atlantico,9.940325,-84.1357,38,2.624914
metropoli_atlantico,9.940205,-84.1354,39,2.660378
metropoli_atlantico,9.940144,-84.1352,40,2.683309
metropoli_atlantico,9.940133,-84.1352,41,2.684533
metropoli_atlantico,9.940129,-84.1351,42,2.695494
metropoli_atlantico,9.940074,-84.1346,43,2.750597
metropoli_atlantico,9.940039,-84.1342,44,2.794580
metropoli_atlantico,9.939976,-84.1335,45,2.871568
metropoli_atlantico,9.93996,-84.1334,46,2.882664
metropoli_atlantico,9.939954,-84.1325,47,2.981239
metropoli_atlantico,9.939987,-84.1316,48,3.079881
metropoli_atlantico,9.940012,-84.1306,49,3.189442
metropoli_atlantico,9.940157,-84.1274,50,3.540295
metropoli_atlantico,9.940374,-84.1237,51,3.946258
metropoli_atlantico,9.940236,-84.1237,52,3.961603
metropoli_atlantico,9.94024,-84.1235,53,3.983512
metropoli_atlantico,9.940159,-84.1228,54,4.060708
metropoli_atlantico,9.939846,-84.122,55,4.154987
metropoli_atlantico,9.939383,-84.1214,56,4.238468
metropoli_atlantico,9.938636,-84.1207,57,4.351506
metropoli_atlantico,9.938476,-84.1206,58,4.372398
metropoli_atlantico,9.938294,-84.1203,59,4.410988
metropoli_atlantico,9.937999,-84.1196,60,4.494379
metropoli_atlantico,9.937888,-84.1194,61,4.519522
metropoli_atlantico,9.937118,-84.1175,62,4.744548
metropoli_atlantico,9.93702,-84.1171,63,4.789694
metropoli_atlantico,9.936968,-84.1168,64,4.823057
metropoli_atlantico,9.936896,-84.1163,65,4.878402
metropoli_atlantico,9.936797,-84.1158,66,4.934261
metropoli_atlantico,9.936778,-84.1157,67,4.945416
metropoli_atlantico,9.936762,-84.1154,68,4.978322
metropoli_atlantico,9.936775,-84.1151,69,5.011212
metropoli_atlantico,9.936791,-84.1144,70,5.087901
metropoli_atlantico,9.936775,-84.1138,71,5.153641
metropoli_atlantico,9.936759,-84.1136,72,5.175619
metropoli_atlantico,9.936696,-84.1133,73,5.209215
metropoli_atlantico,9.936632,-84.1132,74,5.222277
metropoli_atlantico,9.936553,-84.1131,75,5.236317
metropoli_atlantico,9.936453,-84.113,76,5.251925
metropoli_atlantico,9.936328,-84.1129,77,5.269621
metropoli_atlantico,9.936177,-84.1128,78,5.289668
metropoli_atlantico,9.93608,-84.1128,79,5.300454
metropoli_atlantico,9.935951,-84.1127,80,5.318502
metropoli_atlantico,9.935844,-84.1127,81,5.330399
metropoli_atlantico,9.935707,-84.1127,82,5.345633
metropoli_atlantico,9.935412,-84.1127,83,5.378436
metropoli_atlantico,9.9348,-84.1127,84,5.446487
metropoli_atlantico,9.934485,-84.1126,85,5.483186
metropoli_atlantico,9.934147,-84.1123,86,5.533108
metropoli_atlantico,9.933835,-84.1119,87,5.588992
metropoli_atlantico,9.933642,-84.1114,88,5.647811
metropoli_atlantico,9.933537,-84.1103,89,5.768856
metropoli_atlantico,9.9335,-84.1099,90,5.812860
metropoli_atlantico,9.932656,-84.1014,91,6.748567
metropoli_atlantico,9.932647,-84.1014,92,6.749568
metropoli_atlantico,9.932406,-84.0987,93,7.046506
metropoli_atlantico,9.932379,-84.0984,94,7.079501
metropoli_atlantico,9.932363,-84.0983,95,7.090597
metropoli_atlantico,9.932356,-84.0982,96,7.101578
metropoli_atlantico,9.9323,-84.0977,97,7.156695
metropoli_atlantico,9.932248,-84.0975,98,7.179351
metropoli_atlantico,9.932168,-84.0973,99,7.202994
metropoli_atlantico,9.93201,-84.0969,100,7.250197
metropoli_atlantico,9.931695,-84.0962,101,7.334488
metropoli_atlantico,9.930886,-84.0947,102,7.521797
metropoli_atlantico,9.930831,-84.0946,103,7.534341
metropoli_atlantico,9.930687,-84.0944,104,7.561475
metropoli_atlantico,9.930538,-84.0942,105,7.588941
metropoli_atlantico,9.930361,-84.0941,106,7.611465
metropoli_atlantico,9.930212,-84.0939,107,7.638931
metropoli_atlantico,9.929926,-84.0937,108,7.677547
metropoli_atlantico,9.928905,-84.093,109,7.814541
metropoli_atlantico,9.928478,-84.0928,110,7.866831
metropoli_atlantico,9.928213,-84.0926,111,7.903548
metropoli_atlantico,9.927502,-84.0921,112,7.999723
metropoli_atlantico,9.927306,-84.0919,113,8.030624
metropoli_atlantico,9.927132,-84.0919,114,8.049972
metropoli_atlantico,9.926961,-84.0918,115,8.071916
metropoli_atlantico,9.926488,-84.0915,116,8.133931
metropoli_atlantico,9.926184,-84.0913,117,8.174212
metropoli_atlantico,9.926026,-84.0911,118,8.202293
metropoli_atlantico,9.925969,-84.0911,119,8.208631
metropoli_atlantico,9.925924,-84.0911,120,8.213635
metropoli_atlantico,9.925812,-84.091,121,8.230220
metropoli_atlantico,9.92566,-84.0908,122,8.257889
metropoli_atlantico,9.925582,-84.0906,123,8.281449
metropoli_atlantico,9.925508,-84.0904,124,8.304850
metropoli_atlantico,9.925398,-84.0898,125,8.371697
metropoli_atlantico,9.925276,-84.0892,126,8.438801
metropoli_atlantico,9.924989,-84.0874,127,8.638522
metropoli_atlantico,9.924976,-84.0871,128,8.671413
metropoli_atlantico,9.925037,-84.0869,129,8.694345
metropoli_atlantico,9.925214,-84.0864,130,8.752540
metropoli_atlantico,9.925384,-84.0861,131,8.790448
metropoli_atlantico,9.925577,-84.0856,132,8.849269
metropoli_atlantico,9.925682,-84.0854,133,8.874092
metropoli_atlantico,9.925756,-84.0851,134,8.907966
metropoli_atlantico,9.925803,-84.0847,135,8.952088
metropoli_atlantico,9.9258,-84.0844,136,8.984949
metropoli_atlantico,9.925729,-84.0836,137,9.072929
metropoli_atlantico,9.925395,-84.0811,138,9.349262
metropoli_atlantico,9.924944384013621,-84.07480289092318,139,10.040807
metropoli_atlantico,9.924940990526423,-84.07466214481413,140,10.056228
metropoli_atlantico,9.92500616792583,-84.07434784850575,141,10.091407
metropoli_atlantico,9.925128375512799,-84.07410799079625,142,10.120986
metropoli_atlantico,9.925315760390802,-84.07385159117581,143,10.155955
metropoli_atlantico,9.925543880966728,-84.07363654633305,144,10.190570
metropoli_atlantico,9.925772001384885,-84.0734876691346,145,10.220725
metropoli_atlantico,9.926171211733077,-84.07337187575743,146,10.266891
metropoli_atlantico,9.926708922861806,-84.07335533384651,147,10.326710
metropoli_atlantico,9.930605510294825,-84.0731966902104,148,10.760339
metropoli_atlantico,9.930726881151557,-84.07316351640365,149,10.774315
metropoli_atlantico,9.930862256283518,-84.07309716879024,150,10.791030
metropoli_atlantico,9.930997631359503,-84.07300238648578,151,10.809316
metropoli_atlantico,9.931147010690182,-84.07284125656794,152,10.833552
metropoli_atlantico,9.931926582636763,-84.07140530097948,153,11.013136
metropoli_atlantico,9.932038616823434,-84.07116360610301,154,11.042394
metropoli_atlantico,9.932139351680263,-84.07071865309837,155,11.092399
metropoli_atlantico,9.93217068809497,-84.07042778946453,156,11.124447
metropoli_atlantico,9.932166211465201,-84.07006648229411,157,11.164024
metropoli_atlantico,9.932146063354523,-84.06984833351532,158,11.188022
metropoli_atlantico,9.932132633461478,-84.06972108067512,159,11.202039
metropoli_atlantico,9.93208786714824,-84.06957564885856,160,11.218728
metropoli_atlantico,9.932034147563229,-84.06944385127427,161,11.234351
metropoli_atlantico,9.931908801831455,-84.06916207712864,162,11.268214
metropoli_atlantico,9.931429800039211,-84.06825767138174,163,11.380684
metropoli_atlantico,9.931391748590514,-84.06817132123984,164,11.391045
metropoli_atlantico,9.931326837286917,-84.0679804419802,165,11.413163
metropoli_atlantico,9.931275355899302,-84.06777592848765,166,11.436283
metropoli_atlantico,9.931235066111327,-84.0675509636456,167,11.461327
metropoli_atlantico,9.931232827790026,-84.0672532828953,168,11.493932
metropoli_atlantico,9.93126864358453,-84.06697605515558,169,11.524557
metropoli_atlantico,9.931425326047659,-84.06659656900807,170,11.569625
metropoli_atlantico,9.931937901009945,-84.06575579131594,171,11.677925
metropoli_atlantico,9.932022955697207,-84.06556264300676,172,11.701098
metropoli_atlantico,9.932061007072605,-84.0654149388178,173,11.717820
metropoli_atlantico,9.932052053807396,-84.06523314904639,174,11.737756
metropoli_atlantico,9.932007287483174,-84.06502636318143,175,11.760946
metropoli_atlantico,9.931872986714481,-84.06451507744424,176,11.818903
metropoli_atlantico,9.931808075506382,-84.06420149008922,177,11.854000
metropoli_atlantico,9.9317745007381,-84.06390835408301,178,11.886323
metropoli_atlantico,9.931752117557721,-84.06356749826202,179,11.923740
metropoli_atlantico,9.931770024102917,-84.06329481360527,180,11.953673
metropoli_atlantico,9.931857320017158,-84.0631084797329,181,11.976272
metropoli_atlantico,9.931993857350506,-84.06291987284503,182,12.001909
metropoli_atlantico,9.932096819892877,-84.06280170949373,183,12.019189
metropoli_atlantico,9.932262455217767,-84.06264946056062,184,12.044034
metropoli_atlantico,9.93244599696699,-84.06253584195343,185,12.067938
metropoli_atlantico,9.932712356151981,-84.06244721943979,186,12.099105
metropoli_atlantico,9.932893660539492,-84.06242222540362,187,12.119451
metropoli_atlantico,9.93303467405957,-84.06241768065888,188,12.135139
metropoli_atlantico,9.933133159656634,-84.06242677014775,189,12.146135
metropoli_atlantico,9.933200308910969,-84.06244267675247,190,12.153802
metropoli_atlantico,9.93344652272215,-84.06254266112668,191,12.183289
metropoli_atlantico,9.933515910217778,-84.06257901908083,192,12.191971
metropoli_atlantico,9.933630063807144,-84.06267218633857,193,12.208258
metropoli_atlantico,9.933764362096696,-84.06284488662178,194,12.232358
metropoli_atlantico,9.933824796309608,-84.06299259081074,195,12.249875
metropoli_atlantico,9.933880753799457,-84.06318574261337,196,12.271927
metropoli_atlantico,9.933894183620751,-84.06327436512701,197,12.281748
metropoli_atlantico,9.933900898531164,-84.06343115880483,198,12.298937
metropoli_atlantico,9.933885230407057,-84.06357659062144,199,12.314961
metropoli_atlantico,9.9338606090665,-84.06370611583334,200,12.329410
metropoli_atlantico,9.933688259636028,-84.06434010766051,201,12.401445
metropoli_atlantico,9.933589773816749,-84.06481503379342,202,12.454603
metropoli_atlantico,9.933556199232555,-84.06505363286776,203,12.481002
metropoli_atlantico,9.93354276939742,-84.0653354070134,204,12.511900
metropoli_atlantico,9.933594250064417,-84.06591031717277,205,12.575128
metropoli_atlantico,9.933625586341122,-84.06611710303706,206,12.598044
metropoli_atlantico,9.93367035244394,-84.06633297839089,207,12.622206
metropoli_atlantico,9.933717356846245,-84.06648522732398,208,12.639682
metropoli_atlantico,9.933947901528882,-84.06700332684977,209,12.701950
metropoli_atlantico,9.934012812312417,-84.06713966917816,210,12.718536
metropoli_atlantico,9.934861126347059,-84.06894393176486,211,12.937511
