{
  "type": "FeatureCollection",
  "features": [
    {
      "type": "Feature",
      "geometry": {
        "type": "LineString",
        "coordinates": [
          [-84.2092959, 10.0085318],
          [-84.2083113, 10.0085351],
          [-84.208061, 10.0084962],
          [-84.2075769, 10.0082854],
          [-84.2073945, 10.0081516],
          [-84.2071574, 10.007863],
          [-84.2067506, 10.0074213],
          [-84.2063106, 10.0069106],
          [-84.2055276, 10.0059928],
          [-84.2050204, 10.0053734],
          [-84.2047735, 10.0051139],
          [-84.2044902, 10.0049031],
          [-84.2041708, 10.0047734],
          [-84.203858, 10.0046955],
          [-84.2034825, 10.0046696],
          [-84.2031466, 10.0047053],
          [-84.2029514, 10.0047507],
          [-84.2028098, 10.0048026],
          [-84.2026484, 10.0048934],
          [-84.2024936, 10.0050134],
          [-84.2021894, 10.0052411],
          [-84.2020347, 10.0053708],
          [-84.2019425, 10.0054292],
          [-84.2017778, 10.0055103],
          [-84.2016388, 10.0055589],
          [-84.2009406, 10.0056919],
          [-84.1997319, 10.0059028],
          [-84.1994816, 10.0059352],
          [-84.1992478, 10.0059352],
          [-84.1990206, 10.0058509],
          [-84.1988987, 10.0057666],
          [-84.1987901, 10.0056596],
          [-84.198632, 10.0054001],
          [-84.1986265, 10.0051762],
          [-84.1986791, 10.0049297],
          [-84.198745, 10.0044266],
          [-84.1990644, 10.0034374],
          [-84.1990743, 10.0032785],
          [-84.1990348, 10.0031358],
          [-84.19888, 10.0028375],
          [-84.1985836, 10.0026007],
          [-84.1974693, 10.0020392],
          [-84.1967962, 10.0018276],
          [-84.1965244, 10.0017892],
          [-84.1962763, 10.0017504],
          [-84.1959789, 10.0017017],
          [-84.1952567, 10.0015744],
          [-84.1951109, 10.0015525],
          [-84.1949303, 10.0015234],
          [-84.1948362, 10.0015085],
          [-84.1947811, 10.001501],
          [-84.1947364, 10.0014972],
          [-84.1945074, 10.0014738],
          [-84.1942797, 10.0014529],
          [-84.1939508, 10.001441],
          [-84.1935024, 10.0014686],
          [-84.19323, 10.0015208],
          [-84.1929374, 10.001602],
          [-84.1925342, 10.0017682],
          [-84.1907378, 10.0024206],
          [-84.1897018, 10.0028292],
          [-84.1891407, 10.0030506],
          [-84.1884355, 10.003322],
          [-84.1879732, 10.0034876],
          [-84.1877416, 10.0035754],
          [-84.18731, 10.0036991],
          [-84.1871139, 10.0037221],
          [-84.1869364, 10.0037313],
          [-84.186745, 10.0036899],
          [-84.1864087, 10.0035703],
          [-84.1861214, 10.0034596],
          [-84.1858548, 10.003368],
          [-84.1856133, 10.0032608],
          [-84.1854229, 10.0031693],
          [-84.1851463, 10.0030624],
          [-84.184487, 10.0028264],
          [-84.1838573, 10.0026085],
          [-84.1836869, 10.0025188],
          [-84.1836739, 10.0025422],
          [-84.1834627, 10.0024659],
          [-84.1829903, 10.0023008],
          [-84.1827692, 10.0022543],
          [-84.1824984, 10.0022083],
          [-84.1821971, 10.0021876],
          [-84.1818749, 10.0022083],
          [-84.1814499, 10.0022474],
          [-84.181123, 10.0023003],
          [-84.1805089, 10.0024383],
          [-84.1796356, 10.0026728],
          [-84.1788628, 10.0029028],
          [-84.178237, 10.0030891],
          [-84.1780105, 10.0031465],
          [-84.177791, 10.003181],
          [-84.1773894, 10.0032063],
          [-84.1769924, 10.0031718],
          [-84.1768056, 10.003158],
          [-84.1766168, 10.0031364],
          [-84.1764834, 10.0031028],
          [-84.1763083, 10.0030638],
          [-84.1759737, 10.0029743],
          [-84.1753401, 10.0027296],
          [-84.1750558, 10.0025552],
          [-84.1748491, 10.0023933],
          [-84.1747393, 10.0023175],
          [-84.1744926, 10.0021682],
          [-84.174091, 10.0019428],
          [-84.1738622, 10.0018693],
          [-84.1735399, 10.0018095],
          [-84.1732924, 10.0018141],
          [-84.1725639, 10.0020578],
          [-84.1717747, 10.00232],
          [-84.1708127, 10.0026649],
          [-84.1702651, 10.0028811],
          [-84.1698762, 10.0030526],
          [-84.1696473, 10.0032038],
          [-84.1694736, 10.0033669],
          [-84.1694148, 10.0034546],
          [-84.1693801, 10.0035588],
          [-84.1693637, 10.0036285],
          [-84.1693173, 10.0040523],
          [-84.1692744, 10.0043798],
          [-84.1692484, 10.0045196],
          [-84.1691922, 10.0046793],
          [-84.1691034, 10.0048448],
          [-84.1689996, 10.0049744],
          [-84.168766, 10.0051564],
          [-84.1685293, 10.0052507],
          [-84.1683612, 10.0052705],
          [-84.1681757, 10.0052624],
          [-84.1679224, 10.0052457],
          [-84.167342, 10.0051992],
          [-84.166894, 10.0051569],
          [-84.1661725, 10.0050803],
          [-84.1648502, 10.0049509],
          [-84.1643957, 10.0049281],
          [-84.1638835, 10.004906],
          [-84.1633265, 10.004854],
          [-84.1626638, 10.0047859],
          [-84.1617476, 10.0046815],
          [-84.1608458, 10.0045847],
          [-84.160025, 10.0044999],
          [-84.1588902, 10.0043205],
          [-84.1561303, 10.0038606],
          [-84.1556153, 10.0037476],
          [-84.1549649, 10.0036298],
          [-84.1543675, 10.0035223],
          [-84.1537087, 10.0033999],
          [-84.1528184, 10.0032359],
          [-84.1526009, 10.0032568],
          [-84.1526106, 10.0032136],
          [-84.1524174, 10.0031651],
          [-84.1521938, 10.0031863],
          [-84.1522019, 10.0031446],
          [-84.1519319, 10.0030793],
          [-84.1510496, 10.0029147],
          [-84.1501601, 10.0027659],
          [-84.1483988, 10.0024715],
          [-84.1475891, 10.0023264],
          [-84.1472918, 10.0022706],
          [-84.1469611, 10.0022071],
          [-84.1466689, 10.0021382],
          [-84.1462938, 10.0020606],
          [-84.1458883, 10.0019688],
          [-84.1457065, 10.0018929],
          [-84.1455309, 10.001805],
          [-84.1452814, 10.0016138],
          [-84.1450934, 10.0014348],
          [-84.1449794, 10.0013104],
          [-84.1447514, 10.0010828],
          [-84.1444464, 10.0007763],
          [-84.1440797, 10.0004365],
          [-84.143787, 10.0002363],
          [-84.1433711, 10.0000057],
          [-84.1430568, 9.999863],
          [-84.1426471, 9.9997265],
          [-84.142265, 9.9996476],
          [-84.1418645, 9.9995687],
          [-84.141674, 9.9995462],
          [-84.1411205, 9.9994706],
          [-84.1404858, 9.9993796],
          [-84.1397094, 9.9992704],
          [-84.1392103, 9.9991793],
          [-84.138896, 9.9991247],
          [-84.1383784, 9.9990398],
          [-84.1378557, 9.9989643],
          [-84.1375588, 9.998888],
          [-84.1371953, 9.9987902],
          [-84.136872, 9.998694],
          [-84.1366644, 9.9986136],
          [-84.1362476, 9.9984126],
          [-84.1338166, 9.9970355],
          [-84.1327647, 9.9964184],
          [-84.1324673, 9.9962644],
          [-84.1322605, 9.9961543],
          [-84.1320297, 9.9960183],
          [-84.1315577, 9.9957462],
          [-84.1312224, 9.995556],
          [-84.1309419, 9.9954046],
          [-84.1307262, 9.9952879],
          [-84.1303964, 9.995136],
          [-84.1300878, 9.9950171],
          [-84.1299149, 9.9949669],
          [-84.1295394, 9.9948665],
          [-84.1292685, 9.9947939],
          [-84.1292036, 9.9947844],
          [-84.1290284, 9.9947569],
          [-84.1288291, 9.9947417],
          [-84.1286435, 9.9947182],
          [-84.1284793, 9.9947131],
          [-84.1282765, 9.9947268],
          [-84.1280626, 9.994768],
          [-84.1278713, 9.9948187],
          [-84.1276759, 9.9948657],
          [-84.1273669, 9.9949506],
          [-84.1271401, 9.9949934],
          [-84.1270043, 9.9950029],
          [-84.1267504, 9.9950057],
          [-84.1265129, 9.9950004],
          [-84.1262198, 9.9949873],
          [-84.1255241, 9.9949482],
          [-84.1251508, 9.9949059],
          [-84.1250978, 9.9949037],
          [-84.1247819, 9.9949665],
          [-84.1245912, 9.9950252],
          [-84.1243538, 9.9950929],
          [-84.1241333, 9.9951376],
          [-84.1238297, 9.9952002],
          [-84.1235857, 9.995248],
          [-84.1235146, 9.9952614],
          [-84.1226357, 9.9952092],
          [-84.1217827, 9.9951274],
          [-84.1209372, 9.9950636],
          [-84.1201028, 9.9949856],
          [-84.1195995, 9.994932],
          [-84.1192648, 9.9949],
          [-84.1184294, 9.9948131],
          [-84.1179222, 9.9947672],
          [-84.1176211, 9.9947539],
          [-84.11753, 9.9947416],
          [-84.11753, 9.9947243],
          [-84.1170613, 9.9947002],
          [-84.1170597, 9.9946758],
          [-84.1166939, 9.9946617],
          [-84.1166941, 9.9946381],
          [-84.1161345, 9.9945773],
          [-84.1159633, 9.9945473],
          [-84.1158752, 9.9945191],
          [-84.1158126, 9.9945003],
          [-84.115744, 9.9944768],
          [-84.1150124, 9.9941559],
          [-84.1147968, 9.99407],
          [-84.1145987, 9.9940138],
          [-84.114399, 9.9939789],
          [-84.1142225, 9.9939685],
          [-84.1140367, 9.993987],
          [-84.1137678, 9.9940545],
          [-84.1134865, 9.9941433],
          [-84.1132916, 9.9941796],
          [-84.112975, 9.9941595],
          [-84.1128775, 9.994133],
          [-84.1126614, 9.9940166],
          [-84.1125424, 9.9939337],
          [-84.1124476, 9.9938449],
          [-84.1123789, 9.9937622],
          [-84.1122267, 9.9934746],
          [-84.1116738, 9.9919342],
          [-84.1116007, 9.991744],
          [-84.1115498, 9.9916039],
          [-84.1113456, 9.9910999],
          [-84.1112698, 9.9908846],
          [-84.1111621, 9.9905784],
          [-84.1109143, 9.9900494],
          [-84.1106426, 9.98963],
          [-84.1090156, 9.9874515],
          [-84.108677, 9.9869738],
          [-84.1077508, 9.9857048],
          [-84.1067613, 9.9843436],
          [-84.1057018, 9.9828911],
          [-84.1055626, 9.9827004],
          [-84.1034064, 9.9798045],
          [-84.1021781, 9.9781417],
          [-84.1020166, 9.9779544],
          [-84.1013367, 9.9773002],
          [-84.1009346, 9.9768907],
          [-84.1006516, 9.9764662],
          [-84.1004506, 9.9759971],
          [-84.1002575, 9.9752706],
          [-84.100166, 9.974934],
          [-84.1000102, 9.9743317],
          [-84.0999219, 9.974061],
          [-84.099624, 9.9734728],
          [-84.0991475, 9.9729738],
          [-84.0986159, 9.9724809],
          [-84.0982397, 9.9721402],
          [-84.098023, 9.9719462],
          [-84.0973432, 9.971351],
          [-84.0968391, 9.9709037],
          [-84.095552, 9.9696621],
          [-84.0952306, 9.9693772],
          [-84.0947839, 9.9689718],
          [-84.0928496, 9.967195],
          [-84.092532, 9.9669361],
          [-84.0920585, 9.9667561],
          [-84.0915702, 9.9667371],
          [-84.0911277, 9.9668381],
          [-84.0907639, 9.9668201],
          [-84.0904702, 9.9666795],
          [-84.0902639, 9.9663838],
          [-84.0899586, 9.9655498],
          [-84.0898096, 9.9651328],
          [-84.0897352, 9.9646934],
          [-84.0897501, 9.964202],
          [-84.0899511, 9.9638669],
          [-84.0902862, 9.963636],
          [-84.0907677, 9.9634493],
          [-84.090977, 9.963219],
          [-84.0910748, 9.9628906],
          [-84.0910861, 9.9625563],
          [-84.0910739, 9.9624647],
          [-84.0909123, 9.9621067],
          [-84.0906076, 9.9616526],
          [-84.0895209, 9.9599741],
          [-84.0887993, 9.958879],
          [-84.0881389, 9.9578283],
          [-84.0866788, 9.9555752],
          [-84.0866106, 9.9554726],
          [-84.086401, 9.9551575],
          [-84.0862465, 9.9549392],
          [-84.0861835, 9.9548351],
          [-84.0861228, 9.9547059],
          [-84.0857663, 9.9541497],
          [-84.0834022, 9.9505538],
          [-84.0832502, 9.9503989],
          [-84.0830634, 9.9502724],
          [-84.0827365, 9.9501321],
          [-84.0823582, 9.9500654],
          [-84.0820547, 9.95007],
          [-84.0817511, 9.9501022],
          [-84.0809782, 9.9502149],
          [-84.080682, 9.9502494],
          [-84.0804832, 9.9502586],
          [-84.0803011, 9.9502425],
          [-84.0800979, 9.950185],
          [-84.0799088, 9.9500746],
          [-84.0797337, 9.9499343],
          [-84.0794932, 9.9497871],
          [-84.0792807, 9.9496468],
          [-84.0789725, 9.9494813],
          [-84.0787086, 9.9494077],
          [-84.0784004, 9.9493594],
          [-84.0776168, 9.9492732],
          [-84.0773625, 9.9491962],
          [-84.0772049, 9.9491087],
          [-84.0771185, 9.949042],
          [-84.0770344, 9.9489592],
          [-84.076948, 9.9488465],
          [-84.0768523, 9.9486625],
          [-84.0766702, 9.9482876],
          [-84.0765604, 9.9481266],
          [-84.0764298, 9.948016],
          [-84.0762948, 9.9479147],
          [-84.0759043, 9.9477517],
          [-84.075484, 9.9476091],
          [-84.0751151, 9.9475056],
          [-84.0746527, 9.9473125],
          [-84.0743562, 9.9471308],
          [-84.0740713, 9.9469376],
          [-84.0735536, 9.9465374],
          [-84.0728059, 9.9460112],
          [-84.0728221, 9.9459928],
          [-84.072759, 9.945944],
          [-84.0724065, 9.9456862],
          [-84.0721975, 9.9455116],
          [-84.0719915, 9.9453678],
          [-84.0717715, 9.9451772],
          [-84.0714596, 9.9449365],
          [-84.0711887, 9.9447226],
          [-84.0708875, 9.9444673],
          [-84.0706101, 9.9442499],
          [-84.070299, 9.9439989],
          [-84.0700177, 9.9437767],
          [-84.0699144, 9.9436517],
          [-84.0698001, 9.9434626],
          [-84.0697142, 9.9432935],
          [-84.0696688, 9.9431503],
          [-84.0696418, 9.9430029],
          [-84.0696171, 9.9428555],
          [-84.0695793, 9.9426301],
          [-84.0695582, 9.9425046],
          [-84.0695514, 9.9423986],
          [-84.069535, 9.942091],
          [-84.0695319, 9.9416846],
          [-84.0695257, 9.9413881],
          [-84.0695186, 9.9409149],
          [-84.0695178, 9.9406373],
          [-84.0695387, 9.9403506],
          [-84.069542, 9.9402789],
          [-84.0695643, 9.9401405],
          [-84.0695967, 9.9400022],
          [-84.0697851, 9.9395146],
          [-84.0701113, 9.939014],
          [-84.0704572, 9.9385042],
          [-84.0706703, 9.938185],
          [-84.0709258, 9.9377861],
          [-84.0710849, 9.9375341],
          [-84.0712002, 9.9373571],
          [-84.0712699, 9.9371853],
          [-84.0713109, 9.9370595],
          [-84.0713229, 9.9369634],
          [-84.0713287, 9.9368683],
          [-84.0713281, 9.9368268],
          [-84.0713274, 9.9367661],
          [-84.071319, 9.9366569],
          [-84.0713123, 9.9365909],
          [-84.0713003, 9.9365213],
          [-84.0712741, 9.9364146],
          [-84.0712396, 9.9363145],
          [-84.071214, 9.9362484],
          [-84.0711793, 9.9361588],
          [-84.0711552, 9.9360964],
          [-84.071121, 9.9360274],
          [-84.0710408, 9.9359023],
          [-84.0709578, 9.9357955],
          [-84.0708946, 9.9357232],
          [-84.0708206, 9.935657],
          [-84.0706706, 9.9355726],
          [-84.0706013, 9.9355382],
          [-84.0702807, 9.935412],
          [-84.0697586, 9.9352055],
          [-84.0694177, 9.9350811],
          [-84.0692158, 9.9350004],
          [-84.0692169, 9.934998],
          [-84.0689488, 9.9348794],
          [-84.0689425, 9.9348801],
          [-84.0689369, 9.9348741]
        ]
      },
      "properties": {
        "shape_id": "alajuela_atlantico"
      }
    },
    {
      "type": "Feature",
      "geometry": {
        "type": "LineString",
        "coordinates": [
          [-83.9110459, 9.8642123],
          [-83.9114518, 9.8643349],
          [-83.9121174, 9.8644309],
          [-83.9123632, 9.8644716],
          [-83.9125853, 9.8645267],
          [-83.9126928, 9.8645746],
          [-83.9128804, 9.8646922],
          [-83.9132446, 9.8649913],
          [-83.9135677, 9.8652627],
          [-83.9138491, 9.8654386],
          [-83.9140254, 9.8655346],
          [-83.9140955, 9.8655617],
          [-83.9143687, 9.8655981],
          [-83.9151578, 9.8657058],
          [-83.916303, 9.8658705],
          [-83.9173987, 9.8659773],
          [-83.9182802, 9.8661078],
          [-83.919148, 9.8662163],
          [-83.9196778, 9.8662871],
          [-83.9202609, 9.8663724],
          [-83.9203005, 9.8663834],
          [-83.9208863, 9.8664456],
          [-83.9213171, 9.8665066],
          [-83.9216971, 9.8665664],
          [-83.921764, 9.8665749],
          [-83.9218547, 9.8665885],
          [-83.9220079, 9.8665993],
          [-83.9220933, 9.8666164],
          [-83.9221821, 9.8666338],
          [-83.9226176, 9.8667357],
          [-83.9229151, 9.8667925],
          [-83.9229519, 9.8668046],
          [-83.9229808, 9.866821],
          [-83.9230201, 9.8668423],
          [-83.9230633, 9.8668837],
          [-83.9230906, 9.8669114],
          [-83.9231486, 9.8669703],
          [-83.9234268, 9.8672316],
          [-83.9241643, 9.8680098],
          [-83.9246135, 9.8685145],
          [-83.9248787, 9.8687844],
          [-83.9249491, 9.8688608],
          [-83.9250333, 9.8689621],
          [-83.9251884, 9.8691459],
          [-83.9253652, 9.8694095],
          [-83.925541, 9.869811],
          [-83.925582, 9.8699221],
          [-83.9264436, 9.8714963],
          [-83.9267115, 9.8719095],
          [-83.9271173, 9.8725519],
          [-83.9273636, 9.8729091],
          [-83.9280007, 9.8738334],
          [-83.9282554, 9.8742333],
          [-83.928316, 9.8743219],
          [-83.9286388, 9.8747936],
          [-83.9289284, 9.8752853],
          [-83.9295485, 9.8763641],
          [-83.9297052, 9.8766736],
          [-83.9298447, 9.8770594],
          [-83.9298844, 9.87721],
          [-83.929952, 9.8774663],
          [-83.9300003, 9.8780054],
          [-83.9300243, 9.8784703],
          [-83.9300082, 9.8786728],
          [-83.929986, 9.8789573],
          [-83.9298731, 9.880995],
          [-83.9298233, 9.8819637],
          [-83.9297803, 9.8826772],
          [-83.929716, 9.8834857],
          [-83.929717, 9.8836708],
          [-83.92972, 9.8837919],
          [-83.9296, 9.8855684],
          [-83.9295496, 9.8865816],
          [-83.9295497, 9.8868363],
          [-83.9295621, 9.8870637],
          [-83.9295706, 9.887249],
          [-83.9295734, 9.8873912],
          [-83.9296033, 9.8877453],
          [-83.9296118, 9.8879441],
          [-83.9299037, 9.888501],
          [-83.9300258, 9.8886768],
          [-83.9301827, 9.8888604],
          [-83.9305095, 9.8891048],
          [-83.9309283, 9.889299],
          [-83.9311103, 9.889387],
          [-83.9314053, 9.8894628],
          [-83.9318183, 9.8894839],
          [-83.932226, 9.8894469],
          [-83.9325908, 9.8894205],
          [-83.932682, 9.8893993],
          [-83.9328047, 9.8893945],
          [-83.9329502, 9.8893888],
          [-83.9333365, 9.8895209],
          [-83.9339748, 9.889801],
          [-83.9343128, 9.8899965],
          [-83.9345027, 9.890265],
          [-83.9345381, 9.8904352],
          [-83.9345435, 9.8905461],
          [-83.9345488, 9.8906994],
          [-83.9345649, 9.8908421],
          [-83.934581, 9.8910376],
          [-83.9346186, 9.8911644],
          [-83.9346668, 9.8912913],
          [-83.9347259, 9.8914128],
          [-83.9347902, 9.8915291],
          [-83.9348975, 9.8916612],
          [-83.9349994, 9.8917193],
          [-83.9351604, 9.8918567],
          [-83.935273, 9.8919149],
          [-83.9354501, 9.8919888],
          [-83.9355949, 9.8919941],
          [-83.9357719, 9.8919783],
          [-83.935965, 9.8919466],
          [-83.9360509, 9.8919307],
          [-83.9362064, 9.891899],
          [-83.9363781, 9.891862],
          [-83.9365498, 9.8918409],
          [-83.9367643, 9.8917827],
          [-83.936936, 9.8917193],
          [-83.937113, 9.8916823],
          [-83.9372525, 9.8916242],
          [-83.9374027, 9.8915766],
          [-83.9375529, 9.8915449],
          [-83.9376709, 9.8915185],
          [-83.9377836, 9.8914974],
          [-83.9379767, 9.891434],
          [-83.9381323, 9.8914181],
          [-83.9384219, 9.8913864],
          [-83.938658, 9.8913917],
          [-83.9388618, 9.8914234],
          [-83.9392051, 9.8915079],
          [-83.9395109, 9.8916136],
          [-83.9397899, 9.8917563],
          [-83.9401783, 9.8919984],
          [-83.9405906, 9.8923058],
          [-83.9409861, 9.8927023],
          [-83.9413509, 9.8931673],
          [-83.9415709, 9.893458],
          [-83.9421506, 9.894144],
          [-83.9424238, 9.8944673],
          [-83.9428336, 9.8950159],
          [-83.9429549, 9.895297],
          [-83.9430999, 9.8956771],
          [-83.9432944, 9.8961998],
          [-83.9435396, 9.8966975],
          [-83.9437001, 9.8970969],
          [-83.9437981, 9.8973096],
          [-83.9439441, 9.8975684],
          [-83.9441941, 9.8979552],
          [-83.9446125, 9.8985946],
          [-83.9451382, 9.8994296],
          [-83.9454118, 9.9000109],
          [-83.9455942, 9.9002804],
          [-83.9458624, 9.9005552],
          [-83.9462272, 9.9008723],
          [-83.9466939, 9.9012105],
          [-83.9470426, 9.9013584],
          [-83.9475375, 9.9015032],
          [-83.9477961, 9.9015634],
          [-83.9490483, 9.9016539],
          [-83.9491052, 9.901658],
          [-83.9497632, 9.9017055],
          [-83.9509529, 9.9017796],
          [-83.9518453, 9.9018114],
          [-83.9523534, 9.9018802],
          [-83.9528499, 9.9020322],
          [-83.9535909, 9.9024239],
          [-83.9543088, 9.9029474],
          [-83.9543334, 9.9029618],
          [-83.9547239, 9.9031789],
          [-83.9552775, 9.9033441],
          [-83.955898, 9.9036005],
          [-83.9565592, 9.9039804],
          [-83.9570587, 9.9044655],
          [-83.957465, 9.9051114],
          [-83.9575944, 9.9056104],
          [-83.9576818, 9.9060192],
          [-83.9577942, 9.9064042],
          [-83.9580941, 9.9068461],
          [-83.9585498, 9.9072681],
          [-83.9591067, 9.9075111],
          [-83.9602888, 9.9079742],
          [-83.9614304, 9.9084646],
          [-83.9622286, 9.9089043],
          [-83.9627998, 9.9093618],
          [-83.962974, 9.9095014],
          [-83.9636878, 9.9099355],
          [-83.9643164, 9.9105146],
          [-83.9647914, 9.9109849],
          [-83.9653884, 9.9111746],
          [-83.9664944, 9.9114408],
          [-83.9680997, 9.9119486],
          [-83.9690973, 9.9118917],
          [-83.9695849, 9.9118892],
          [-83.9698783, 9.911917],
          [-83.9700454, 9.9119313],
          [-83.9704276, 9.9120098],
          [-83.9714833, 9.9126354],
          [-83.9718867, 9.9129567],
          [-83.9723158, 9.9132949],
          [-83.972519, 9.9134668],
          [-83.9733372, 9.9139882],
          [-83.9738265, 9.9141742],
          [-83.9743913, 9.9143314],
          [-83.9745486, 9.9143552],
          [-83.9752925, 9.9145129],
          [-83.9763347, 9.9147533],
          [-83.9769586, 9.914775],
          [-83.9771309, 9.9147745],
          [-83.9776051, 9.9146264],
          [-83.97765, 9.9146124],
          [-83.9778348, 9.9145547],
          [-83.9780471, 9.9144615],
          [-83.9784779, 9.9142724],
          [-83.9794913, 9.9138555],
          [-83.9800144, 9.9135416],
          [-83.9804895, 9.9131404],
          [-83.9807244, 9.9129918],
          [-83.9811159, 9.9128358],
          [-83.981799, 9.9126733],
          [-83.9818516, 9.9126608],
          [-83.982667, 9.9125593],
          [-83.9830433, 9.9125147],
          [-83.9834759, 9.9123817],
          [-83.9839577, 9.9121579],
          [-83.984048, 9.9121112],
          [-83.9841412, 9.9120629],
          [-83.9845856, 9.9117494],
          [-83.9847465, 9.9116173],
          [-83.9850303, 9.911424],
          [-83.9853218, 9.9112132],
          [-83.9856559, 9.9110254],
          [-83.986272, 9.9107363],
          [-83.9867094, 9.9105927],
          [-83.9868888, 9.9105739],
          [-83.9869691, 9.9105077],
          [-83.9872009, 9.9104425],
          [-83.9875411, 9.9103557],
          [-83.9878401, 9.9103088],
          [-83.9880941, 9.910283],
          [-83.9881061, 9.9102818],
          [-83.9886537, 9.9102375],
          [-83.9894734, 9.9101835],
          [-83.9901085, 9.9103103],
          [-83.9907008, 9.9104033],
          [-83.9914389, 9.9106908],
          [-83.9923573, 9.9112657],
          [-83.9926921, 9.9114517],
          [-83.9930611, 9.9115194],
          [-83.9949236, 9.9114348],
          [-83.9960366, 9.9114421],
          [-83.9962283, 9.9114433],
          [-83.9977217, 9.9118745],
          [-83.998314, 9.9120605],
          [-83.9990435, 9.9120351],
          [-83.9995413, 9.9118914],
          [-84.0005026, 9.911494],
          [-84.0017472, 9.9113672],
          [-84.0030914, 9.9113324],
          [-84.0038849, 9.9112602],
          [-84.0040823, 9.9112194],
          [-84.004366, 9.911135],
          [-84.0046627, 9.9110028],
          [-84.005587, 9.9105714],
          [-84.0059506, 9.9104173],
          [-84.0063048, 9.9102815],
          [-84.0066221, 9.9102227],
          [-84.0068953, 9.9102115],
          [-84.0071593, 9.9102187],
          [-84.0075614, 9.9102602],
          [-84.007886, 9.9103313],
          [-84.0081755, 9.9104576],
          [-84.0085133, 9.9106631],
          [-84.0088368, 9.9108768],
          [-84.0098582, 9.9116124],
          [-84.0110083, 9.9124494],
          [-84.0115461, 9.9128539],
          [-84.0118843, 9.9132405],
          [-84.0121654, 9.9136077],
          [-84.0127051, 9.9142739],
          [-84.0129186, 9.9144665],
          [-84.0131525, 9.914611],
          [-84.0133958, 9.9147103],
          [-84.0136411, 9.9147876],
          [-84.0138516, 9.9148197],
          [-84.0141068, 9.9148337],
          [-84.0147246, 9.9147936],
          [-84.0151757, 9.9148455],
          [-84.0156556, 9.9150049],
          [-84.0158445, 9.9151089],
          [-84.016374, 9.9155505],
          [-84.0165045, 9.9156664],
          [-84.0168981, 9.9160715],
          [-84.0172445, 9.9164094],
          [-84.017423, 9.9165551],
          [-84.0175785, 9.9166796],
          [-84.0177986, 9.9168377],
          [-84.017991, 9.9169387],
          [-84.0181155, 9.9169802],
          [-84.0182617, 9.9170051],
          [-84.0184234, 9.917013],
          [-84.0185958, 9.9169981],
          [-84.0190678, 9.9168544],
          [-84.019497, 9.9167783],
          [-84.0200463, 9.9168629],
          [-84.0204325, 9.9170742],
          [-84.0208473, 9.9174936],
          [-84.0210848, 9.9177337],
          [-84.0216427, 9.9182072],
          [-84.0220547, 9.918427],
          [-84.0223466, 9.9185538],
          [-84.0228107, 9.9186834],
          [-84.023492, 9.9190639],
          [-84.0238499, 9.9192772],
          [-84.0238997, 9.9193069],
          [-84.0244604, 9.9196352],
          [-84.0247733, 9.9197594],
          [-84.0251423, 9.9198192],
          [-84.0255766, 9.9198192],
          [-84.0259735, 9.9197364],
          [-84.0268235, 9.91958],
          [-84.0272484, 9.9195248],
          [-84.0275707, 9.9195202],
          [-84.0279349, 9.919603],
          [-84.0282919, 9.9197579],
          [-84.0287662, 9.9200446],
          [-84.0301829, 9.9208873],
          [-84.030715, 9.9212086],
          [-84.0311536, 9.9213888],
          [-84.0314327, 9.9214384],
          [-84.0316943, 9.9214568],
          [-84.0323249, 9.9214558],
          [-84.0328431, 9.921466],
          [-84.0331908, 9.9215253],
          [-84.0336197, 9.921769],
          [-84.0340096, 9.9221199],
          [-84.0348031, 9.9228788],
          [-84.034867, 9.9229399],
          [-84.0350499, 9.9231428],
          [-84.0353344, 9.9234597],
          [-84.0371297, 9.9252818],
          [-84.0391439, 9.9273253],
          [-84.0394379, 9.9276345],
          [-84.0417014, 9.9300262],
          [-84.0418368, 9.9304082],
          [-84.0419831, 9.9309168],
          [-84.0421986, 9.9312972],
          [-84.0424946, 9.93169],
          [-84.0426701, 9.9319024],
          [-84.0429751, 9.9321414],
          [-84.043285, 9.9323369],
          [-84.0435545, 9.9324705],
          [-84.0438187, 9.9325526],
          [-84.0439976, 9.9326027],
          [-84.0444387, 9.9326307],
          [-84.0448184, 9.932641],
          [-84.0448899, 9.9326429],
          [-84.0450655, 9.9326469],
          [-84.045777, 9.9326892],
          [-84.0467622, 9.9327383],
          [-84.0469136, 9.9327561],
          [-84.0477108, 9.9328589],
          [-84.0481679, 9.9329369],
          [-84.0493276, 9.9332136],
          [-84.0495966, 9.9332674],
          [-84.0503073, 9.9334745],
          [-84.051054, 9.9336837],
          [-84.0521666, 9.9339859],
          [-84.0523175, 9.9340324],
          [-84.05241899, 9.9340346],
          [-84.0528887, 9.9341796],
          [-84.0536339, 9.9344104],
          [-84.0537972, 9.9344573],
          [-84.0553234, 9.9349123],
          [-84.0554471, 9.9349514],
          [-84.0555179, 9.9349716],
          [-84.0559143, 9.935085],
          [-84.056271, 9.9351827],
          [-84.0566251, 9.9352778],
          [-84.0570515, 9.9353809],
          [-84.0573417, 9.9354263],
          [-84.0576149, 9.9354447],
          [-84.0577088, 9.9354472],
          [-84.0578346, 9.935449],
          [-84.0578951, 9.9354493],
          [-84.0582103, 9.935424],
          [-84.0585294, 9.9353703],
          [-84.0599349, 9.934974],
          [-84.0607128, 9.9347494],
          [-84.0612067, 9.9346013],
          [-84.0613648, 9.9345539],
          [-84.0621665, 9.9343135],
          [-84.0635476, 9.9339051],
          [-84.0637196, 9.93386],
          [-84.0643327, 9.9336919],
          [-84.0648111, 9.9335883],
          [-84.0649459, 9.9335683],
          [-84.0650526, 9.9335552],
          [-84.0653349, 9.9335423],
          [-84.0656888, 9.9335718],
          [-84.0661287, 9.9336275],
          [-84.066215, 9.9336442],
          [-84.0662543, 9.9336536],
          [-84.0666193, 9.9337832],
          [-84.0670711, 9.9340078],
          [-84.0672424, 9.9340801],
          [-84.0674254, 9.9341662],
          [-84.0677596, 9.9343165],
          [-84.067946, 9.9343972],
          [-84.0686116, 9.9347342],
          [-84.068614, 9.9347298],
          [-84.0687269, 9.9347849],
          [-84.0689369, 9.9348741]
        ]
      },
      "properties": {
        "shape_id": "angeles_atlantico"
      }
    },
    {
      "type": "Feature",
      "geometry": {
        "type": "LineString",
        "coordinates": [
          [-84.0689369, 9.9348741],
          [-84.0689425, 9.9348801],
          [-84.0689488, 9.9348794],
          [-84.0692169, 9.934998],
          [-84.0692158, 9.9350004],
          [-84.0694177, 9.9350811],
          [-84.0697586, 9.9352055],
          [-84.0702807, 9.935412],
          [-84.0706013, 9.9355382],
          [-84.0706706, 9.9355726],
          [-84.0708206, 9.935657],
          [-84.0708946, 9.9357232],
          [-84.0709578, 9.9357955],
          [-84.0710408, 9.9359023],
          [-84.071121, 9.9360274],
          [-84.0711552, 9.9360964],
          [-84.0711793, 9.9361588],
          [-84.071214, 9.9362484],
          [-84.0712396, 9.9363145],
          [-84.0712741, 9.9364146],
          [-84.0713003, 9.9365213],
          [-84.0713123, 9.9365909],
          [-84.071319, 9.9366569],
          [-84.0713274, 9.9367661],
          [-84.0713281, 9.9368268],
          [-84.0713287, 9.9368683],
          [-84.0713229, 9.9369634],
          [-84.0713109, 9.9370595],
          [-84.0712699, 9.9371853],
          [-84.0712002, 9.9373571],
          [-84.0710849, 9.9375341],
          [-84.0709258, 9.9377861],
          [-84.0706703, 9.938185],
          [-84.0704572, 9.9385042],
          [-84.0701113, 9.939014],
          [-84.0697851, 9.9395146],
          [-84.0695967, 9.9400022],
          [-84.0695643, 9.9401405],
          [-84.069542, 9.9402789],
          [-84.0695387, 9.9403506],
          [-84.0695178, 9.9406373],
          [-84.0695186, 9.9409149],
          [-84.0695257, 9.9413881],
          [-84.0695319, 9.9416846],
          [-84.069535, 9.942091],
          [-84.0695514, 9.9423986],
          [-84.0695582, 9.9425046],
          [-84.0695793, 9.9426301],
          [-84.0696171, 9.9428555],
          [-84.0696418, 9.9430029],
          [-84.0696688, 9.9431503],
          [-84.0697142, 9.9432935],
          [-84.0698001, 9.9434626],
          [-84.0699144, 9.9436517],
          [-84.0700177, 9.9437767],
          [-84.070299, 9.9439989],
          [-84.0706101, 9.9442499],
          [-84.0708875, 9.9444673],
          [-84.0711887, 9.9447226],
          [-84.0714596, 9.9449365],
          [-84.0717715, 9.9451772],
          [-84.0719915, 9.9453678],
          [-84.0721975, 9.9455116],
          [-84.0724065, 9.9456862],
          [-84.072759, 9.945944],
          [-84.0728221, 9.9459928],
          [-84.0728059, 9.9460112],
          [-84.0735536, 9.9465374],
          [-84.0740713, 9.9469376],
          [-84.0743562, 9.9471308],
          [-84.0746527, 9.9473125],
          [-84.0751151, 9.9475056],
          [-84.075484, 9.9476091],
          [-84.0759043, 9.9477517],
          [-84.0762948, 9.9479147],
          [-84.0764298, 9.948016],
          [-84.0765604, 9.9481266],
          [-84.0766702, 9.9482876],
          [-84.0768523, 9.9486625],
          [-84.076948, 9.9488465],
          [-84.0770344, 9.9489592],
          [-84.0771185, 9.949042],
          [-84.0772049, 9.9491087],
          [-84.0773625, 9.9491962],
          [-84.0776168, 9.9492732],
          [-84.0784004, 9.9493594],
          [-84.0787086, 9.9494077],
          [-84.0789725, 9.9494813],
          [-84.0792807, 9.9496468],
          [-84.0794932, 9.9497871],
          [-84.0797337, 9.9499343],
          [-84.0799088, 9.9500746],
          [-84.0800979, 9.950185],
          [-84.0803011, 9.9502425],
          [-84.0804832, 9.9502586],
          [-84.080682, 9.9502494],
          [-84.0809782, 9.9502149],
          [-84.0817511, 9.9501022],
          [-84.0820547, 9.95007],
          [-84.0823582, 9.9500654],
          [-84.0827365, 9.9501321],
          [-84.0830634, 9.9502724],
          [-84.0832502, 9.9503989],
          [-84.0834022, 9.9505538],
          [-84.0857663, 9.9541497],
          [-84.0861228, 9.9547059],
          [-84.0861835, 9.9548351],
          [-84.0862465, 9.9549392],
          [-84.086401, 9.9551575],
          [-84.0866106, 9.9554726],
          [-84.0866788, 9.9555752],
          [-84.0881389, 9.9578283],
          [-84.0887993, 9.958879],
          [-84.0895209, 9.9599741],
          [-84.0906076, 9.9616526],
          [-84.0909123, 9.9621067],
          [-84.0910739, 9.9624647],
          [-84.0910861, 9.9625563],
          [-84.0910748, 9.9628906],
          [-84.090977, 9.963219],
          [-84.0907677, 9.9634493],
          [-84.0902862, 9.963636],
          [-84.0899511, 9.9638669],
          [-84.0897501, 9.964202],
          [-84.0897352, 9.9646934],
          [-84.0898096, 9.9651328],
          [-84.0899586, 9.9655498],
          [-84.0902639, 9.9663838],
          [-84.0904702, 9.9666795],
          [-84.0907639, 9.9668201],
          [-84.0911277, 9.9668381],
          [-84.0915702, 9.9667371],
          [-84.0920585, 9.9667561],
          [-84.092532, 9.9669361],
          [-84.0928496, 9.967195],
          [-84.0947839, 9.9689718],
          [-84.0952306, 9.9693772],
          [-84.095552, 9.9696621],
          [-84.0968391, 9.9709037],
          [-84.0973432, 9.971351],
          [-84.098023, 9.9719462],
          [-84.0982397, 9.9721402],
          [-84.0986159, 9.9724809],
          [-84.0991475, 9.9729738],
          [-84.099624, 9.9734728],
          [-84.0999219, 9.974061],
          [-84.1000102, 9.9743317],
          [-84.100166, 9.974934],
          [-84.1002575, 9.9752706],
          [-84.1004506, 9.9759971],
          [-84.1006516, 9.9764662],
          [-84.1009346, 9.9768907],
          [-84.1013367, 9.9773002],
          [-84.1020166, 9.9779544],
          [-84.1021781, 9.9781417],
          [-84.1034064, 9.9798045],
          [-84.1055626, 9.9827004],
          [-84.1057018, 9.9828911],
          [-84.1067613, 9.9843436],
          [-84.1077508, 9.9857048],
          [-84.108677, 9.9869738],
          [-84.1090156, 9.9874515],
          [-84.1106426, 9.98963],
          [-84.1109143, 9.9900494],
          [-84.1111621, 9.9905784],
          [-84.1112698, 9.9908846],
          [-84.1113456, 9.9910999],
          [-84.1115498, 9.9916039],
          [-84.1116007, 9.991744],
          [-84.1116738, 9.9919342],
          [-84.1122267, 9.9934746],
          [-84.1123789, 9.9937622],
          [-84.1124476, 9.9938449],
          [-84.1125424, 9.9939337],
          [-84.1126614, 9.9940166],
          [-84.1128775, 9.994133],
          [-84.112975, 9.9941595],
          [-84.1132916, 9.9941796],
          [-84.1134865, 9.9941433],
          [-84.1137678, 9.9940545],
          [-84.1140367, 9.993987],
          [-84.1142225, 9.9939685],
          [-84.114399, 9.9939789],
          [-84.1145987, 9.9940138],
          [-84.1147968, 9.99407],
          [-84.1150124, 9.9941559],
          [-84.115744, 9.9944768],
          [-84.1158126, 9.9945003],
          [-84.1158752, 9.9945191],
          [-84.1159633, 9.9945473],
          [-84.1161345, 9.9945773],
          [-84.1166941, 9.9946381],
          [-84.1166939, 9.9946617],
          [-84.1170597, 9.9946758],
          [-84.1170613, 9.9947002],
          [-84.11753, 9.9947243],
          [-84.11753, 9.9947416],
          [-84.1176211, 9.9947539],
          [-84.1179222, 9.9947672],
          [-84.1184294, 9.9948131],
          [-84.1192648, 9.9949],
          [-84.1195995, 9.994932],
          [-84.1201028, 9.9949856],
          [-84.1209372, 9.9950636],
          [-84.1217827, 9.9951274],
          [-84.1226357, 9.9952092],
          [-84.1235146, 9.9952614],
          [-84.1235857, 9.995248],
          [-84.1238297, 9.9952002],
          [-84.1241333, 9.9951376],
          [-84.1243538, 9.9950929],
          [-84.1245912, 9.9950252],
          [-84.1247819, 9.9949665],
          [-84.1250978, 9.9949037],
          [-84.1251508, 9.9949059],
          [-84.1255241, 9.9949482],
          [-84.1262198, 9.9949873],
          [-84.1265129, 9.9950004],
          [-84.1267504, 9.9950057],
          [-84.1270043, 9.9950029],
          [-84.1271401, 9.9949934],
          [-84.1273669, 9.9949506],
          [-84.1276759, 9.9948657],
          [-84.1278713, 9.9948187],
          [-84.1280626, 9.994768],
          [-84.1282765, 9.9947268],
          [-84.1284793, 9.9947131],
          [-84.1286435, 9.9947182],
          [-84.1288291, 9.9947417],
          [-84.1290284, 9.9947569],
          [-84.1292036, 9.9947844],
          [-84.1292685, 9.9947939],
          [-84.1295394, 9.9948665],
          [-84.1299149, 9.9949669],
          [-84.1300878, 9.9950171],
          [-84.1303964, 9.995136],
          [-84.1307262, 9.9952879],
          [-84.1309419, 9.9954046],
          [-84.1312224, 9.995556],
          [-84.1315577, 9.9957462],
          [-84.1320297, 9.9960183],
          [-84.1322605, 9.9961543],
          [-84.1324673, 9.9962644],
          [-84.1327647, 9.9964184],
          [-84.1338166, 9.9970355],
          [-84.1362476, 9.9984126],
          [-84.1366644, 9.9986136],
          [-84.136872, 9.998694],
          [-84.1371953, 9.9987902],
          [-84.1375588, 9.998888],
          [-84.1378557, 9.9989643],
          [-84.1383784, 9.9990398],
          [-84.138896, 9.9991247],
          [-84.1392103, 9.9991793],
          [-84.1397094, 9.9992704],
          [-84.1404858, 9.9993796],
          [-84.1411205, 9.9994706],
          [-84.141674, 9.9995462],
          [-84.1418645, 9.9995687],
          [-84.142265, 9.9996476],
          [-84.1426471, 9.9997265],
          [-84.1430568, 9.999863],
          [-84.1433711, 10.0000057],
          [-84.143787, 10.0002363],
          [-84.1440797, 10.0004365],
          [-84.1444464, 10.0007763],
          [-84.1447514, 10.0010828],
          [-84.1449794, 10.0013104],
          [-84.1450934, 10.0014348],
          [-84.1452814, 10.0016138],
          [-84.1455309, 10.001805],
          [-84.1457065, 10.0018929],
          [-84.1458883, 10.0019688],
          [-84.1462938, 10.0020606],
          [-84.1466689, 10.0021382],
          [-84.1469611, 10.0022071],
          [-84.1472918, 10.0022706],
          [-84.1475891, 10.0023264],
          [-84.1483988, 10.0024715],
          [-84.1501601, 10.0027659],
          [-84.1510496, 10.0029147],
          [-84.1519319, 10.0030793],
          [-84.1522019, 10.0031446],
          [-84.1521938, 10.0031863],
          [-84.1524174, 10.0031651],
          [-84.1526106, 10.0032136],
          [-84.1526009, 10.0032568],
          [-84.1528184, 10.0032359],
          [-84.1537087, 10.0033999],
          [-84.1543675, 10.0035223],
          [-84.1549649, 10.0036298],
          [-84.1556153, 10.0037476],
          [-84.1561303, 10.0038606],
          [-84.1588902, 10.0043205],
          [-84.160025, 10.0044999],
          [-84.1608458, 10.0045847],
          [-84.1617476, 10.0046815],
          [-84.1626638, 10.0047859],
          [-84.1633265, 10.004854],
          [-84.1638835, 10.004906],
          [-84.1643957, 10.0049281],
          [-84.1648502, 10.0049509],
          [-84.1661725, 10.0050803],
          [-84.166894, 10.0051569],
          [-84.167342, 10.0051992],
          [-84.1679224, 10.0052457],
          [-84.1681757, 10.0052624],
          [-84.1683612, 10.0052705],
          [-84.1685293, 10.0052507],
          [-84.168766, 10.0051564],
          [-84.1689996, 10.0049744],
          [-84.1691034, 10.0048448],
          [-84.1691922, 10.0046793],
          [-84.1692484, 10.0045196],
          [-84.1692744, 10.0043798],
          [-84.1693173, 10.0040523],
          [-84.1693637, 10.0036285],
          [-84.1693801, 10.0035588],
          [-84.1694148, 10.0034546],
          [-84.1694736, 10.0033669],
          [-84.1696473, 10.0032038],
          [-84.1698762, 10.0030526],
          [-84.1702651, 10.0028811],
          [-84.1708127, 10.0026649],
          [-84.1717747, 10.00232],
          [-84.1725639, 10.0020578],
          [-84.1732924, 10.0018141],
          [-84.1735399, 10.0018095],
          [-84.1738622, 10.0018693],
          [-84.174091, 10.0019428],
          [-84.1744926, 10.0021682],
          [-84.1747393, 10.0023175],
          [-84.1748491, 10.0023933],
          [-84.1750558, 10.0025552],
          [-84.1753401, 10.0027296],
          [-84.1759737, 10.0029743],
          [-84.1763083, 10.0030638],
          [-84.1764834, 10.0031028],
          [-84.1766168, 10.0031364],
          [-84.1768056, 10.003158],
          [-84.1769924, 10.0031718],
          [-84.1773894, 10.0032063],
          [-84.177791, 10.003181],
          [-84.1780105, 10.0031465],
          [-84.178237, 10.0030891],
          [-84.1788628, 10.0029028],
          [-84.1796356, 10.0026728],
          [-84.1805089, 10.0024383],
          [-84.181123, 10.0023003],
          [-84.1814499, 10.0022474],
          [-84.1818749, 10.0022083],
          [-84.1821971, 10.0021876],
          [-84.1824984, 10.0022083],
          [-84.1827692, 10.0022543],
          [-84.1829903, 10.0023008],
          [-84.1834627, 10.0024659],
          [-84.1836739, 10.0025422],
          [-84.1836869, 10.0025188],
          [-84.1838573, 10.0026085],
          [-84.184487, 10.0028264],
          [-84.1851463, 10.0030624],
          [-84.1854229, 10.0031693],
          [-84.1856133, 10.0032608],
          [-84.1858548, 10.003368],
          [-84.1861214, 10.0034596],
          [-84.1864087, 10.0035703],
          [-84.186745, 10.0036899],
          [-84.1869364, 10.0037313],
          [-84.1871139, 10.0037221],
          [-84.18731, 10.0036991],
          [-84.1877416, 10.0035754],
          [-84.1879732, 10.0034876],
          [-84.1884355, 10.003322],
          [-84.1891407, 10.0030506],
          [-84.1897018, 10.0028292],
          [-84.1907378, 10.0024206],
          [-84.1925342, 10.0017682],
          [-84.1929374, 10.001602],
          [-84.19323, 10.0015208],
          [-84.1935024, 10.0014686],
          [-84.1939508, 10.001441],
          [-84.1942797, 10.0014529],
          [-84.1945074, 10.0014738],
          [-84.1947364, 10.0014972],
          [-84.1947811, 10.001501],
          [-84.1948362, 10.0015085],
          [-84.1949303, 10.0015234],
          [-84.1951109, 10.0015525],
          [-84.1952567, 10.0015744],
          [-84.1959789, 10.0017017],
          [-84.1962763, 10.0017504],
          [-84.1965244, 10.0017892],
          [-84.1967962, 10.0018276],
          [-84.1974693, 10.0020392],
          [-84.1985836, 10.0026007],
          [-84.19888, 10.0028375],
          [-84.1990348, 10.0031358],
          [-84.1990743, 10.0032785],
          [-84.1990644, 10.0034374],
          [-84.198745, 10.0044266],
          [-84.1986791, 10.0049297],
          [-84.1986265, 10.0051762],
          [-84.198632, 10.0054001],
          [-84.1987901, 10.0056596],
          [-84.1988987, 10.0057666],
          [-84.1990206, 10.0058509],
          [-84.1992478, 10.0059352],
          [-84.1994816, 10.0059352],
          [-84.1997319, 10.0059028],
          [-84.2009406, 10.0056919],
          [-84.2016388, 10.0055589],
          [-84.2017778, 10.0055103],
          [-84.2019425, 10.0054292],
          [-84.2020347, 10.0053708],
          [-84.2021894, 10.0052411],
          [-84.2024936, 10.0050134],
          [-84.2026484, 10.0048934],
          [-84.2028098, 10.0048026],
          [-84.2029514, 10.0047507],
          [-84.2031466, 10.0047053],
          [-84.2034825, 10.0046696],
          [-84.203858, 10.0046955],
          [-84.2041708, 10.0047734],
          [-84.2044902, 10.0049031],
          [-84.2047735, 10.0051139],
          [-84.2050204, 10.0053734],
          [-84.2055276, 10.0059928],
          [-84.2063106, 10.0069106],
          [-84.2067506, 10.0074213],
          [-84.2071574, 10.007863],
          [-84.2073945, 10.0081516],
          [-84.2075769, 10.0082854],
          [-84.208061, 10.0084962],
          [-84.2083113, 10.0085351],
          [-84.2092959, 10.0085318]
        ]
      },
      "properties": {
        "shape_id": "atlantico_alajuela"
      }
    },
    {
      "type": "Feature",
      "geometry": {
        "type": "LineString",
        "coordinates": [
          [-84.0689369, 9.9348741],
          [-84.0687269, 9.9347849],
          [-84.068614, 9.9347298],
          [-84.0686116, 9.9347342],
          [-84.067946, 9.9343972],
          [-84.0677596, 9.9343165],
          [-84.0674254, 9.9341662],
          [-84.0672424, 9.9340801],
          [-84.0670711, 9.9340078],
          [-84.0666193, 9.9337832],
          [-84.0662543, 9.9336536],
          [-84.066215, 9.9336442],
          [-84.0661287, 9.9336275],
          [-84.0656888, 9.9335718],
          [-84.0653349, 9.9335423],
          [-84.0650526, 9.9335552],
          [-84.0649459, 9.9335683],
          [-84.0648111, 9.9335883],
          [-84.0643327, 9.9336919],
          [-84.0637196, 9.93386],
          [-84.0635476, 9.9339051],
          [-84.0621665, 9.9343135],
          [-84.0613648, 9.9345539],
          [-84.0612067, 9.9346013],
          [-84.0607128, 9.9347494],
          [-84.0599349, 9.934974],
          [-84.0585294, 9.9353703],
          [-84.0582103, 9.935424],
          [-84.0578951, 9.9354493],
          [-84.0578346, 9.935449],
          [-84.0577088, 9.9354472],
          [-84.0576149, 9.9354447],
          [-84.0573417, 9.9354263],
          [-84.0570515, 9.9353809],
          [-84.0566251, 9.9352778],
          [-84.056271, 9.9351827],
          [-84.0559143, 9.935085],
          [-84.0555179, 9.9349716],
          [-84.0554471, 9.9349514],
          [-84.0553234, 9.9349123],
          [-84.0537972, 9.9344573],
          [-84.0536339, 9.9344104],
          [-84.0528887, 9.9341796],
          [-84.05241899, 9.9340346],
          [-84.0523175, 9.9340324],
          [-84.0521666, 9.9339859],
          [-84.051054, 9.9336837],
          [-84.0503073, 9.9334745],
          [-84.0495966, 9.9332674],
          [-84.0493276, 9.9332136],
          [-84.0481679, 9.9329369],
          [-84.0477108, 9.9328589],
          [-84.0469136, 9.9327561],
          [-84.0467622, 9.9327383],
          [-84.045777, 9.9326892],
          [-84.0450655, 9.9326469],
          [-84.0448899, 9.9326429],
          [-84.0448184, 9.932641],
          [-84.0444387, 9.9326307],
          [-84.0439976, 9.9326027],
          [-84.0438187, 9.9325526],
          [-84.0435545, 9.9324705],
          [-84.043285, 9.9323369],
          [-84.0429751, 9.9321414],
          [-84.0426701, 9.9319024],
          [-84.0424946, 9.93169],
          [-84.0421986, 9.9312972],
          [-84.0419831, 9.9309168],
          [-84.0418368, 9.9304082],
          [-84.0417014, 9.9300262],
          [-84.0394379, 9.9276345],
          [-84.0391439, 9.9273253],
          [-84.0371297, 9.9252818],
          [-84.0353344, 9.9234597],
          [-84.0350499, 9.9231428],
          [-84.034867, 9.9229399],
          [-84.0348031, 9.9228788],
          [-84.0340096, 9.9221199],
          [-84.0336197, 9.921769],
          [-84.0331908, 9.9215253],
          [-84.0328431, 9.921466],
          [-84.0323249, 9.9214558],
          [-84.0316943, 9.9214568],
          [-84.0314327, 9.9214384],
          [-84.0311536, 9.9213888],
          [-84.030715, 9.9212086],
          [-84.0301829, 9.9208873],
          [-84.0287662, 9.9200446],
          [-84.0282919, 9.9197579],
          [-84.0279349, 9.919603],
          [-84.0275707, 9.9195202],
          [-84.0272484, 9.9195248],
          [-84.0268235, 9.91958],
          [-84.0259735, 9.9197364],
          [-84.0255766, 9.9198192],
          [-84.0251423, 9.9198192],
          [-84.0247733, 9.9197594],
          [-84.0244604, 9.9196352],
          [-84.0238997, 9.9193069],
          [-84.0238499, 9.9192772],
          [-84.023492, 9.9190639],
          [-84.0228107, 9.9186834],
          [-84.0223466, 9.9185538],
          [-84.0220547, 9.918427],
          [-84.0216427, 9.9182072],
          [-84.0210848, 9.9177337],
          [-84.0208473, 9.9174936],
          [-84.0204325, 9.9170742],
          [-84.0200463, 9.9168629],
          [-84.019497, 9.9167783],
          [-84.0190678, 9.9168544],
          [-84.0185958, 9.9169981],
          [-84.0184234, 9.917013],
          [-84.0182617, 9.9170051],
          [-84.0181155, 9.9169802],
          [-84.017991, 9.9169387],
          [-84.0177986, 9.9168377],
          [-84.0175785, 9.9166796],
          [-84.017423, 9.9165551],
          [-84.0172445, 9.9164094],
          [-84.0168981, 9.9160715],
          [-84.0165045, 9.9156664],
          [-84.016374, 9.9155505],
          [-84.0158445, 9.9151089],
          [-84.0156556, 9.9150049],
          [-84.0151757, 9.9148455],
          [-84.0147246, 9.9147936],
          [-84.0141068, 9.9148337],
          [-84.0138516, 9.9148197],
          [-84.0136411, 9.9147876],
          [-84.0133958, 9.9147103],
          [-84.0131525, 9.914611],
          [-84.0129186, 9.9144665],
          [-84.0127051, 9.9142739],
          [-84.0121654, 9.9136077],
          [-84.0118843, 9.9132405],
          [-84.0115461, 9.9128539],
          [-84.0110083, 9.9124494],
          [-84.0098582, 9.9116124],
          [-84.0088368, 9.9108768],
          [-84.0085133, 9.9106631],
          [-84.0081755, 9.9104576],
          [-84.007886, 9.9103313],
          [-84.0075614, 9.9102602],
          [-84.0071593, 9.9102187],
          [-84.0068953, 9.9102115],
          [-84.0066221, 9.9102227],
          [-84.0063048, 9.9102815],
          [-84.0059506, 9.9104173],
          [-84.005587, 9.9105714],
          [-84.0046627, 9.9110028],
          [-84.004366, 9.911135],
          [-84.0040823, 9.9112194],
          [-84.0038849, 9.9112602],
          [-84.0030914, 9.9113324],
          [-84.0017472, 9.9113672],
          [-84.0005026, 9.911494],
          [-83.9995413, 9.9118914],
          [-83.9990435, 9.9120351],
          [-83.998314, 9.9120605],
          [-83.9977217, 9.9118745],
          [-83.9962283, 9.9114433],
          [-83.9960366, 9.9114421],
          [-83.9949236, 9.9114348],
          [-83.9930611, 9.9115194],
          [-83.9926921, 9.9114517],
          [-83.9923573, 9.9112657],
          [-83.9914389, 9.9106908],
          [-83.9907008, 9.9104033],
          [-83.9901085, 9.9103103],
          [-83.9894734, 9.9101835],
          [-83.9886537, 9.9102375],
          [-83.9881061, 9.9102818],
          [-83.9880941, 9.910283],
          [-83.9878401, 9.9103088],
          [-83.9875411, 9.9103557],
          [-83.9872009, 9.9104425],
          [-83.9869691, 9.9105077],
          [-83.9868888, 9.9105739],
          [-83.9867094, 9.9105927],
          [-83.986272, 9.9107363],
          [-83.9856559, 9.9110254],
          [-83.9853218, 9.9112132],
          [-83.9850303, 9.911424],
          [-83.9847465, 9.9116173],
          [-83.9845856, 9.9117494],
          [-83.9841412, 9.9120629],
          [-83.984048, 9.9121112],
          [-83.9839577, 9.9121579],
          [-83.9834759, 9.9123817],
          [-83.9830433, 9.9125147],
          [-83.982667, 9.9125593],
          [-83.9818516, 9.9126608],
          [-83.981799, 9.9126733],
          [-83.9811159, 9.9128358],
          [-83.9807244, 9.9129918],
          [-83.9804895, 9.9131404],
          [-83.9800144, 9.9135416],
          [-83.9794913, 9.9138555],
          [-83.9784779, 9.9142724],
          [-83.9780471, 9.9144615],
          [-83.9778348, 9.9145547],
          [-83.97765, 9.9146124],
          [-83.9776051, 9.9146264],
          [-83.9771309, 9.9147745],
          [-83.9769586, 9.914775],
          [-83.9763347, 9.9147533],
          [-83.9752925, 9.9145129],
          [-83.9745486, 9.9143552],
          [-83.9743913, 9.9143314],
          [-83.9738265, 9.9141742],
          [-83.9733372, 9.9139882],
          [-83.972519, 9.9134668],
          [-83.9723158, 9.9132949],
          [-83.9718867, 9.9129567],
          [-83.9714833, 9.9126354],
          [-83.9704276, 9.9120098],
          [-83.9700454, 9.9119313],
          [-83.9698783, 9.911917],
          [-83.9695849, 9.9118892],
          [-83.9690973, 9.9118917],
          [-83.9680997, 9.9119486],
          [-83.9664944, 9.9114408],
          [-83.9653884, 9.9111746],
          [-83.9647914, 9.9109849],
          [-83.9643164, 9.9105146],
          [-83.9636878, 9.9099355],
          [-83.962974, 9.9095014],
          [-83.9627998, 9.9093618],
          [-83.9622286, 9.9089043],
          [-83.9614304, 9.9084646],
          [-83.9602888, 9.9079742],
          [-83.9591067, 9.9075111],
          [-83.9585498, 9.9072681],
          [-83.9580941, 9.9068461],
          [-83.9577942, 9.9064042],
          [-83.9576818, 9.9060192],
          [-83.9575944, 9.9056104],
          [-83.957465, 9.9051114],
          [-83.9570587, 9.9044655],
          [-83.9565592, 9.9039804],
          [-83.955898, 9.9036005],
          [-83.9552775, 9.9033441],
          [-83.9547239, 9.9031789],
          [-83.9543334, 9.9029618],
          [-83.9543088, 9.9029474],
          [-83.9535909, 9.9024239],
          [-83.9528499, 9.9020322],
          [-83.9523534, 9.9018802],
          [-83.9518453, 9.9018114],
          [-83.9509529, 9.9017796],
          [-83.9497632, 9.9017055],
          [-83.9491052, 9.901658],
          [-83.9490483, 9.9016539],
          [-83.9477961, 9.9015634],
          [-83.9475375, 9.9015032],
          [-83.9470426, 9.9013584],
          [-83.9466939, 9.9012105],
          [-83.9462272, 9.9008723],
          [-83.9458624, 9.9005552],
          [-83.9455942, 9.9002804],
          [-83.9454118, 9.9000109],
          [-83.9451382, 9.8994296],
          [-83.9446125, 9.8985946],
          [-83.9441941, 9.8979552],
          [-83.9439441, 9.8975684],
          [-83.9437981, 9.8973096],
          [-83.9437001, 9.8970969],
          [-83.9435396, 9.8966975],
          [-83.9432944, 9.8961998],
          [-83.9430999, 9.8956771],
          [-83.9429549, 9.895297],
          [-83.9428336, 9.8950159],
          [-83.9424238, 9.8944673],
          [-83.9421506, 9.894144],
          [-83.9415709, 9.893458],
          [-83.9413509, 9.8931673],
          [-83.9409861, 9.8927023],
          [-83.9405906, 9.8923058],
          [-83.9401783, 9.8919984],
          [-83.9397899, 9.8917563],
          [-83.9395109, 9.8916136],
          [-83.9392051, 9.8915079],
          [-83.9388618, 9.8914234],
          [-83.938658, 9.8913917],
          [-83.9384219, 9.8913864],
          [-83.9381323, 9.8914181],
          [-83.9379767, 9.891434],
          [-83.9377836, 9.8914974],
          [-83.9376709, 9.8915185],
          [-83.9375529, 9.8915449],
          [-83.9374027, 9.8915766],
          [-83.9372525, 9.8916242],
          [-83.937113, 9.8916823],
          [-83.936936, 9.8917193],
          [-83.9367643, 9.8917827],
          [-83.9365498, 9.8918409],
          [-83.9363781, 9.891862],
          [-83.9362064, 9.891899],
          [-83.9360509, 9.8919307],
          [-83.935965, 9.8919466],
          [-83.9357719, 9.8919783],
          [-83.9355949, 9.8919941],
          [-83.9354501, 9.8919888],
          [-83.935273, 9.8919149],
          [-83.9351604, 9.8918567],
          [-83.9349994, 9.8917193],
          [-83.9348975, 9.8916612],
          [-83.9347902, 9.8915291],
          [-83.9347259, 9.8914128],
          [-83.9346668, 9.8912913],
          [-83.9346186, 9.8911644],
          [-83.934581, 9.8910376],
          [-83.9345649, 9.8908421],
          [-83.9345488, 9.8906994],
          [-83.9345435, 9.8905461],
          [-83.9345381, 9.8904352],
          [-83.9345027, 9.890265],
          [-83.9343128, 9.8899965],
          [-83.9339748, 9.889801],
          [-83.9333365, 9.8895209],
          [-83.9329502, 9.8893888],
          [-83.9328047, 9.8893945],
          [-83.932682, 9.8893993],
          [-83.9325908, 9.8894205],
          [-83.932226, 9.8894469],
          [-83.9318183, 9.8894839],
          [-83.9314053, 9.8894628],
          [-83.9311103, 9.889387],
          [-83.9309283, 9.889299],
          [-83.9305095, 9.8891048],
          [-83.9301827, 9.8888604],
          [-83.9300258, 9.8886768],
          [-83.9299037, 9.888501],
          [-83.9296118, 9.8879441],
          [-83.9296033, 9.8877453],
          [-83.9295734, 9.8873912],
          [-83.9295706, 9.887249],
          [-83.9295621, 9.8870637],
          [-83.9295497, 9.8868363],
          [-83.9295496, 9.8865816],
          [-83.9296, 9.8855684],
          [-83.92972, 9.8837919],
          [-83.929717, 9.8836708],
          [-83.929716, 9.8834857],
          [-83.9297803, 9.8826772],
          [-83.9298233, 9.8819637],
          [-83.9298731, 9.880995],
          [-83.929986, 9.8789573],
          [-83.9300082, 9.8786728],
          [-83.9300243, 9.8784703],
          [-83.9300003, 9.8780054],
          [-83.929952, 9.8774663],
          [-83.9298844, 9.87721],
          [-83.9298447, 9.8770594],
          [-83.9297052, 9.8766736],
          [-83.9295485, 9.8763641],
          [-83.9289284, 9.8752853],
          [-83.9286388, 9.8747936],
          [-83.928316, 9.8743219],
          [-83.9282554, 9.8742333],
          [-83.9280007, 9.8738334],
          [-83.9273636, 9.8729091],
          [-83.9271173, 9.8725519],
          [-83.9267115, 9.8719095],
          [-83.9264436, 9.8714963],
          [-83.925582, 9.8699221],
          [-83.925541, 9.869811],
          [-83.9253652, 9.8694095],
          [-83.9251884, 9.8691459],
          [-83.9250333, 9.8689621],
          [-83.9249491, 9.8688608],
          [-83.9248787, 9.8687844],
          [-83.9246135, 9.8685145],
          [-83.9241643, 9.8680098],
          [-83.9234268, 9.8672316],
          [-83.9231486, 9.8669703],
          [-83.9230906, 9.8669114],
          [-83.9230633, 9.8668837],
          [-83.9230201, 9.8668423],
          [-83.9229808, 9.866821],
          [-83.9229519, 9.8668046],
          [-83.9229151, 9.8667925],
          [-83.9226176, 9.8667357],
          [-83.9221821, 9.8666338],
          [-83.9221168, 9.8666188],
          [-83.9220116, 9.8665981],
          [-83.9218547, 9.8665885],
          [-83.9218024, 9.8665786],
          [-83.9216934, 9.8665639],
          [-83.9213109, 9.8665029],
          [-83.9208826, 9.8664444],
          [-83.9203005, 9.8663871],
          [-83.9202535, 9.8663688],
          [-83.9196766, 9.8662858],
          [-83.9191505, 9.8662175],
          [-83.9182678, 9.8661066],
          [-83.9174024, 9.8659724],
          [-83.916303, 9.8658705],
          [-83.9151578, 9.8657058],
          [-83.9143687, 9.8655981],
          [-83.9140955, 9.8655617],
          [-83.9140254, 9.8655346],
          [-83.9138491, 9.8654386],
          [-83.9135677, 9.8652627],
          [-83.9132446, 9.8649913],
          [-83.9128804, 9.8646922],
          [-83.9126928, 9.8645746],
          [-83.9125853, 9.8645267],
          [-83.9123632, 9.8644716],
          [-83.9121174, 9.8644309],
          [-83.9114518, 9.8643349],
          [-83.9110459, 9.8642123]
        ]
      },
      "properties": {
        "shape_id": "atlantico_angeles"
      }
    },
    {
      "type": "Feature",
      "geometry": {
        "type": "LineString",
        "coordinates": [
          [-84.0689369, 9.9348741],
          [-84.0687269, 9.9347849],
          [-84.0686116, 9.9347342],
          [-84.067946, 9.9343972],
          [-84.0677596, 9.9343165],
          [-84.0674254, 9.9341662],
          [-84.0672424, 9.9340801],
          [-84.0670711, 9.9340078],
          [-84.0666193, 9.9337832],
          [-84.0662543, 9.9336536],
          [-84.066215, 9.9336442],
          [-84.0661287, 9.9336275],
          [-84.0656888, 9.9335718],
          [-84.0653349, 9.9335423],
          [-84.0650526, 9.9335552],
          [-84.0649459, 9.9335683],
          [-84.0648111, 9.9335883],
          [-84.0643327, 9.9336919],
          [-84.0637196, 9.93386],
          [-84.0635476, 9.9339051],
          [-84.0632555, 9.9338934],
          [-84.0630543, 9.9338538],
          [-84.0628666, 9.9337772],
          [-84.0626734, 9.9336266],
          [-84.0625742, 9.933513],
          [-84.0624991, 9.9333914],
          [-84.0624012, 9.9331517],
          [-84.0623865, 9.9328815],
          [-84.0624294, 9.9326226],
          [-84.0625098, 9.9324482],
          [-84.0626895, 9.9322025],
          [-84.062939, 9.9319727],
          [-84.0630999, 9.9318829],
          [-84.0632935, 9.9317909],
          [-84.0638305, 9.9317982],
          [-84.0643195, 9.9318601],
          [-84.0646937, 9.9319546],
          [-84.0650798, 9.9320424],
          [-84.0652956, 9.9320656],
          [-84.0653951, 9.932069],
          [-84.0654868, 9.9320708],
          [-84.0656278, 9.932034],
          [-84.065646, 9.9320171],
          [-84.0657133, 9.9319766],
          [-84.0658726, 9.9318825],
          [-84.0663747, 9.9315591],
          [-84.0665335, 9.9314579],
          [-84.0667109, 9.9313728],
          [-84.0669606, 9.9313013],
          [-84.0672643, 9.9312486],
          [-84.0675936, 9.9312532],
          [-84.0678878, 9.9313153],
          [-84.0681863, 9.9314307],
          [-84.0692549, 9.9319769],
          [-84.0693697, 9.932044],
          [-84.0695759, 9.9321114],
          [-84.0700585, 9.932163],
          [-84.0701113, 9.9321644],
          [-84.0705146, 9.9321482],
          [-84.0707967, 9.9321183],
          [-84.071038, 9.932063],
          [-84.0712178, 9.9320045],
          [-84.0715658, 9.9318228],
          [-84.0718639, 9.931663],
          [-84.0725767, 9.9312756],
          [-84.0727059, 9.9312068],
          [-84.0727575, 9.9311851],
          [-84.0728796, 9.9311337],
          [-84.0729907, 9.9309536],
          [-84.0730492, 9.9308689],
          [-84.0731224, 9.9307374],
          [-84.0731681, 9.9306293],
          [-84.0731828, 9.9301951],
          [-84.0732285, 9.9294115],
          [-84.0732596, 9.928865],
          [-84.0732729, 9.9283552],
          [-84.073298, 9.9278973],
          [-84.0733182, 9.9273891],
          [-84.073331, 9.9268467],
          [-84.0733682, 9.9261057],
          [-84.073426, 9.9259232],
          [-84.0734821, 9.9257754],
          [-84.0735136, 9.9257026],
          [-84.0735292, 9.9256595],
          [-84.0736507, 9.9254993],
          [-84.0738048, 9.9253187],
          [-84.073948, 9.9252034],
          [-84.0741406, 9.925085],
          [-84.0743336, 9.9250258],
          [-84.0746097, 9.9249434],
          [-84.0747599, 9.9249291],
          [-84.0748187, 9.9249314],
          [-84.0756998, 9.9250057],
          [-84.076611, 9.9250817],
          [-84.0771475, 9.9251296],
          [-84.0777445, 9.9251862],
          [-84.0791117, 9.9253116],
          [-84.0791463, 9.9253156],
          [-84.0797588, 9.9253651],
          [-84.0799658, 9.9253866],
          [-84.0802126, 9.92540567],
          [-84.0803734, 9.925431],
          [-84.0803725, 9.92541693],
          [-84.0803989, 9.9253576],
          [-84.0806108, 9.9253523],
          [-84.0808722, 9.92537369],
          [-84.0811014, 9.9253945],
          [-84.0836314, 9.9257294],
          [-84.0844052, 9.9258004],
          [-84.084703, 9.9258029],
          [-84.0850864, 9.9257564],
          [-84.0853768, 9.9256818],
          [-84.0856152, 9.9255773],
          [-84.0861128, 9.9253837],
          [-84.0864369, 9.9252137],
          [-84.0868748, 9.9250369],
          [-84.0870523, 9.9249764],
          [-84.0874217, 9.924989],
          [-84.0892389, 9.9252757],
          [-84.0898437, 9.9253976],
          [-84.0904344, 9.9255076],
          [-84.0906049, 9.9255816],
          [-84.0907566, 9.9256598],
          [-84.0909738, 9.9258116],
          [-84.0910545, 9.9259238],
          [-84.0910992, 9.9259689],
          [-84.09114, 9.9260257],
          [-84.091254, 9.9261842],
          [-84.0914501, 9.9264878],
          [-84.0917519, 9.9269607],
          [-84.0918611, 9.9271319],
          [-84.0919248, 9.9273064],
          [-84.09210541, 9.92750186],
          [-84.0925688, 9.9282132],
          [-84.0927599, 9.928478],
          [-84.0930263, 9.9289052],
          [-84.0937125, 9.9299259],
          [-84.0939136, 9.9302116],
          [-84.0940513, 9.9303611],
          [-84.0942428, 9.9305382],
          [-84.0944314, 9.9306868],
          [-84.0946484, 9.9308313],
          [-84.0947073, 9.9308862],
          [-84.0962424, 9.9316947],
          [-84.096875, 9.9320095],
          [-84.0972603, 9.9321681],
          [-84.097488, 9.9322482],
          [-84.0977075, 9.9323003],
          [-84.0982177, 9.9323561],
          [-84.0982979, 9.9323627],
          [-84.0984424, 9.9323793],
          [-84.0987077, 9.9324057],
          [-84.1014158, 9.9326467],
          [-84.1014151, 9.9326563],
          [-84.1099142, 9.9334995],
          [-84.1103089, 9.9335372],
          [-84.1114284, 9.9336421],
          [-84.1119459, 9.9338354],
          [-84.1123171, 9.9341474],
          [-84.1125672, 9.9344853],
          [-84.1126877, 9.9347997],
          [-84.1126823, 9.9354121],
          [-84.1126616, 9.935707],
          [-84.1126773, 9.9358435],
          [-84.1127081, 9.9359513],
          [-84.1127559, 9.9360803],
          [-84.1128082, 9.9361774],
          [-84.1129085, 9.9363284],
          [-84.1130095, 9.9364527],
          [-84.1131141, 9.9365531],
          [-84.1132214, 9.9366324],
          [-84.1133448, 9.9366958],
          [-84.1135567, 9.9367592],
          [-84.1138061, 9.936775],
          [-84.1144471, 9.9367909],
          [-84.1150989, 9.936775],
          [-84.1154394, 9.9367621],
          [-84.1156674, 9.9367783],
          [-84.1157881, 9.9367966],
          [-84.1163195, 9.9368955],
          [-84.1167884, 9.9369684],
          [-84.1171187, 9.9370198],
          [-84.1174587, 9.9371184],
          [-84.1193668, 9.9378877],
          [-84.1196425, 9.9379988],
          [-84.1202932, 9.9382944],
          [-84.1205828, 9.9384759],
          [-84.1207226, 9.9386357],
          [-84.1213764, 9.9393833],
          [-84.1220143, 9.9398456],
          [-84.1227607, 9.9401587],
          [-84.1235259, 9.9402396],
          [-84.1237152, 9.9402355],
          [-84.1237316, 9.9403739],
          [-84.1273819, 9.9401569],
          [-84.130606, 9.9400121],
          [-84.1315596, 9.9399871],
          [-84.1324677, 9.9399541],
          [-84.1333511, 9.93996],
          [-84.1335334, 9.9399761],
          [-84.1342488, 9.9400393],
          [-84.1346063, 9.9400741],
          [-84.1351172, 9.940129],
          [-84.1351584, 9.9401334],
          [-84.1352011, 9.9401443],
          [-84.13544, 9.9402052],
          [-84.1357196, 9.9403245],
          [-84.1359072, 9.9404913],
          [-84.1360783, 9.9407277],
          [-84.1361102, 9.9407782],
          [-84.1361264, 9.9408153],
          [-84.1361434, 9.940893],
          [-84.1361691, 9.9410177],
          [-84.1361764, 9.941222],
          [-84.1361333, 9.9417103],
          [-84.1360214, 9.9426069],
          [-84.1359248, 9.9434921],
          [-84.1358682, 9.9439874],
          [-84.1358491, 9.9441934],
          [-84.1358265, 9.9444947],
          [-84.1358105, 9.9448979],
          [-84.1358763, 9.9451345],
          [-84.1359982, 9.945368],
          [-84.1362038, 9.9456094],
          [-84.136453, 9.9457991],
          [-84.1374652, 9.9461457],
          [-84.1380366, 9.9463192],
          [-84.1400628, 9.9469399],
          [-84.1421, 9.947496],
          [-84.1424505, 9.9476398],
          [-84.1427591, 9.9478248],
          [-84.1430724, 9.9481148],
          [-84.1433056, 9.9484209],
          [-84.1437941, 9.9493497],
          [-84.1440878, 9.9498597],
          [-84.1440943, 9.9498709],
          [-84.1448767, 9.9512865],
          [-84.1460022, 9.9535703],
          [-84.1461154, 9.9537889],
          [-84.1462897, 9.9539983],
          [-84.1465164, 9.9541803],
          [-84.1468083, 9.9543582],
          [-84.1485207, 9.955132],
          [-84.1497053, 9.9556673],
          [-84.1498934, 9.955766],
          [-84.1500782, 9.9559195],
          [-84.1502948, 9.956142],
          [-84.150403, 9.9562952],
          [-84.1504816, 9.9564417],
          [-84.1506836, 9.9569459],
          [-84.1507712, 9.957101],
          [-84.1508221, 9.9572144],
          [-84.1509105, 9.9573359],
          [-84.151059, 9.9575594],
          [-84.1511888, 9.9576935],
          [-84.15138, 9.9578623],
          [-84.1530463, 9.9588981],
          [-84.1544204, 9.9597493],
          [-84.1574295, 9.9616592],
          [-84.1577814, 9.9618536],
          [-84.1580303, 9.9619297],
          [-84.1586569, 9.9619551],
          [-84.1592577, 9.962048],
          [-84.1596532, 9.9622124],
          [-84.1598843, 9.9623777],
          [-84.161048, 9.9632479],
          [-84.1615065, 9.9641615],
          [-84.1617811, 9.9644151],
          [-84.1621588, 9.9646264],
          [-84.1629656, 9.9649645],
          [-84.1633237, 9.9650848],
          [-84.1639956, 9.9653196],
          [-84.1642531, 9.965514],
          [-84.164605, 9.965793],
          [-84.165695, 9.9661227],
          [-84.1660298, 9.9661565],
          [-84.1665791, 9.9660804],
          [-84.1669825, 9.9661819],
          [-84.1672538, 9.9664186],
          [-84.1676427, 9.9668652],
          [-84.1690682, 9.9678895],
          [-84.16936, 9.9681769],
          [-84.1694887, 9.9685488],
          [-84.1703642, 9.9704931],
          [-84.1706904, 9.9717358],
          [-84.1709307, 9.972243],
          [-84.1713255, 9.972784],
          [-84.1717632, 9.9731306],
          [-84.1722439, 9.9734011],
          [-84.172716, 9.973604],
          [-84.1731795, 9.9737139],
          [-84.1738318, 9.9737562],
          [-84.1753681, 9.9737731],
          [-84.1766642, 9.9739252],
          [-84.1776169, 9.9741112],
          [-84.1781875, 9.974361],
          [-84.1783121, 9.9744155],
          [-84.1783816, 9.9744622],
          [-84.1788529, 9.974779],
          [-84.1792219, 9.9750918],
          [-84.179488, 9.975413],
          [-84.1798155, 9.9757417],
          [-84.1799429, 9.9758695],
          [-84.1804407, 9.9763851],
          [-84.1806896, 9.9767571],
          [-84.1808184, 9.9770529],
          [-84.1808634, 9.9775433],
          [-84.1808959, 9.9778276],
          [-84.1809304, 9.9781399],
          [-84.1810097, 9.9784983],
          [-84.1810788, 9.9786304],
          [-84.1811784, 9.9787445],
          [-84.1813492, 9.9788886],
          [-84.1815179, 9.9789867],
          [-84.1816825, 9.9790388],
          [-84.1819793, 9.9790888],
          [-84.1822009, 9.9790969],
          [-84.1823513, 9.9790989],
          [-84.1824753, 9.9790928],
          [-84.1827172, 9.9790408],
          [-84.1833087, 9.9788586],
          [-84.1847012, 9.9785043],
          [-84.1848199, 9.9784986],
          [-84.1849399, 9.9784607]
        ]
      },
      "properties": {
        "shape_id": "atlantico_belen"
      }
    },
    {
      "type": "Feature",
      "geometry": {
        "type": "LineString",
        "coordinates": [
          [-84.0689369, 9.9348741],
          [-84.0687269, 9.9347849],
          [-84.068614, 9.9347298],
          [-84.0686116, 9.9347342],
          [-84.067946, 9.9343972],
          [-84.0677596, 9.9343165],
          [-84.0674254, 9.9341662],
          [-84.0672424, 9.9340801],
          [-84.0670711, 9.9340078],
          [-84.0666193, 9.9337832],
          [-84.0662543, 9.9336536],
          [-84.066215, 9.9336442],
          [-84.0661287, 9.9336275],
          [-84.0656888, 9.9335718],
          [-84.0653349, 9.9335423],
          [-84.0650526, 9.9335552],
          [-84.0649459, 9.9335683],
          [-84.0648111, 9.9335883],
          [-84.0643327, 9.9336919],
          [-84.0637196, 9.93386],
          [-84.0635476, 9.9339051],
          [-84.0621665, 9.9343135],
          [-84.0613648, 9.9345539],
          [-84.0612067, 9.9346013],
          [-84.0607128, 9.9347494],
          [-84.0599349, 9.934974],
          [-84.0585294, 9.9353703],
          [-84.0582103, 9.935424],
          [-84.0578951, 9.9354493],
          [-84.0578346, 9.935449],
          [-84.0577088, 9.9354472],
          [-84.0576149, 9.9354447],
          [-84.0573417, 9.9354263],
          [-84.0570515, 9.9353809],
          [-84.0566251, 9.9352778],
          [-84.056271, 9.9351827],
          [-84.0559143, 9.935085],
          [-84.0555179, 9.9349716],
          [-84.0554471, 9.9349514],
          [-84.0553234, 9.9349123],
          [-84.0537972, 9.9344573],
          [-84.0536339, 9.9344104],
          [-84.0528887, 9.9341796],
          [-84.05241899, 9.9340346],
          [-84.0523175, 9.9340324],
          [-84.0521666, 9.9339859],
          [-84.051054, 9.9336837],
          [-84.0503073, 9.9334745],
          [-84.0495966, 9.9332674],
          [-84.0493276, 9.9332136],
          [-84.0481679, 9.9329369],
          [-84.0477108, 9.9328589],
          [-84.0469136, 9.9327561],
          [-84.0467622, 9.9327383],
          [-84.045777, 9.9326892],
          [-84.0450655, 9.9326469],
          [-84.0448899, 9.9326429],
          [-84.0448184, 9.932641],
          [-84.0444387, 9.9326307],
          [-84.0439976, 9.9326027],
          [-84.0438187, 9.9325526],
          [-84.0435545, 9.9324705],
          [-84.043285, 9.9323369],
          [-84.0429751, 9.9321414],
          [-84.0426701, 9.9319024],
          [-84.0424946, 9.93169],
          [-84.0421986, 9.9312972],
          [-84.0419831, 9.9309168],
          [-84.0418368, 9.9304082],
          [-84.0417014, 9.9300262],
          [-84.0394379, 9.9276345],
          [-84.0391439, 9.9273253],
          [-84.0371297, 9.9252818],
          [-84.0353344, 9.9234597],
          [-84.0350499, 9.9231428],
          [-84.034867, 9.9229399],
          [-84.0348031, 9.9228788],
          [-84.0340096, 9.9221199],
          [-84.0336197, 9.921769],
          [-84.0331908, 9.9215253],
          [-84.0328431, 9.921466],
          [-84.0323249, 9.9214558],
          [-84.0316943, 9.9214568],
          [-84.0314327, 9.9214384],
          [-84.0311536, 9.9213888],
          [-84.030715, 9.9212086],
          [-84.0301829, 9.9208873],
          [-84.0287662, 9.9200446],
          [-84.0282919, 9.9197579],
          [-84.0279349, 9.919603],
          [-84.0275707, 9.9195202],
          [-84.0272484, 9.9195248],
          [-84.0268235, 9.91958],
          [-84.0259735, 9.9197364],
          [-84.0255766, 9.9198192],
          [-84.0251423, 9.9198192],
          [-84.0247733, 9.9197594],
          [-84.0244604, 9.9196352],
          [-84.0238997, 9.9193069],
          [-84.0238499, 9.9192772],
          [-84.023492, 9.9190639],
          [-84.0228107, 9.9186834],
          [-84.0223466, 9.9185538],
          [-84.0220547, 9.918427],
          [-84.0216427, 9.9182072],
          [-84.0210848, 9.9177337],
          [-84.0208473, 9.9174936],
          [-84.0204325, 9.9170742],
          [-84.0200463, 9.9168629],
          [-84.019497, 9.9167783],
          [-84.0190678, 9.9168544],
          [-84.0185958, 9.9169981],
          [-84.0184234, 9.917013],
          [-84.0182617, 9.9170051],
          [-84.0181155, 9.9169802],
          [-84.017991, 9.9169387],
          [-84.0177986, 9.9168377],
          [-84.0175785, 9.9166796],
          [-84.017423, 9.9165551],
          [-84.0172445, 9.9164094],
          [-84.0168981, 9.9160715],
          [-84.0165045, 9.9156664],
          [-84.016374, 9.9155505],
          [-84.0158445, 9.9151089],
          [-84.0156556, 9.9150049],
          [-84.0151757, 9.9148455],
          [-84.0147246, 9.9147936],
          [-84.0141068, 9.9148337],
          [-84.0138516, 9.9148197],
          [-84.0136411, 9.9147876],
          [-84.0133958, 9.9147103],
          [-84.0131525, 9.914611],
          [-84.0129186, 9.9144665],
          [-84.0127051, 9.9142739],
          [-84.0121654, 9.9136077],
          [-84.0118843, 9.9132405],
          [-84.0115461, 9.9128539],
          [-84.0110083, 9.9124494],
          [-84.0098582, 9.9116124],
          [-84.0088368, 9.9108768],
          [-84.0085133, 9.9106631],
          [-84.0081755, 9.9104576],
          [-84.007886, 9.9103313],
          [-84.0075614, 9.9102602],
          [-84.0071593, 9.9102187],
          [-84.0068953, 9.9102115],
          [-84.0066221, 9.9102227],
          [-84.0063048, 9.9102815],
          [-84.0059506, 9.9104173],
          [-84.005587, 9.9105714],
          [-84.0046627, 9.9110028],
          [-84.004366, 9.911135],
          [-84.0040823, 9.9112194],
          [-84.0038849, 9.9112602],
          [-84.0030914, 9.9113324],
          [-84.0017472, 9.9113672],
          [-84.0005026, 9.911494],
          [-83.9995413, 9.9118914],
          [-83.9990435, 9.9120351],
          [-83.998314, 9.9120605],
          [-83.9977217, 9.9118745],
          [-83.9962283, 9.9114433],
          [-83.9960366, 9.9114421],
          [-83.9949236, 9.9114348],
          [-83.9930611, 9.9115194],
          [-83.9926921, 9.9114517],
          [-83.9923573, 9.9112657],
          [-83.9914389, 9.9106908],
          [-83.9907008, 9.9104033],
          [-83.9901085, 9.9103103],
          [-83.9894734, 9.9101835],
          [-83.9886537, 9.9102375],
          [-83.9881061, 9.9102818],
          [-83.9880941, 9.910283],
          [-83.9878401, 9.9103088],
          [-83.9875411, 9.9103557],
          [-83.9872009, 9.9104425],
          [-83.9869691, 9.9105077],
          [-83.9868888, 9.9105739],
          [-83.9867094, 9.9105927],
          [-83.986272, 9.9107363],
          [-83.9856559, 9.9110254],
          [-83.9853218, 9.9112132],
          [-83.9850303, 9.911424],
          [-83.9847465, 9.9116173],
          [-83.9845856, 9.9117494],
          [-83.9841412, 9.9120629],
          [-83.984048, 9.9121112],
          [-83.9839577, 9.9121579],
          [-83.9834759, 9.9123817],
          [-83.9830433, 9.9125147],
          [-83.982667, 9.9125593],
          [-83.9818516, 9.9126608],
          [-83.981799, 9.9126733],
          [-83.9811159, 9.9128358],
          [-83.9807244, 9.9129918],
          [-83.9804895, 9.9131404],
          [-83.9800144, 9.9135416],
          [-83.9794913, 9.9138555],
          [-83.9784779, 9.9142724],
          [-83.9780471, 9.9144615],
          [-83.9778348, 9.9145547],
          [-83.97765, 9.9146124],
          [-83.9776051, 9.9146264],
          [-83.9771309, 9.9147745],
          [-83.9769586, 9.914775],
          [-83.9763347, 9.9147533],
          [-83.9752925, 9.9145129],
          [-83.9745486, 9.9143552],
          [-83.9743913, 9.9143314],
          [-83.9738265, 9.9141742],
          [-83.9733372, 9.9139882],
          [-83.972519, 9.9134668],
          [-83.9723158, 9.9132949],
          [-83.9718867, 9.9129567],
          [-83.9714833, 9.9126354],
          [-83.9704276, 9.9120098],
          [-83.9700454, 9.9119313],
          [-83.9698783, 9.911917],
          [-83.9695849, 9.9118892],
          [-83.9690973, 9.9118917],
          [-83.9680997, 9.9119486],
          [-83.9664944, 9.9114408],
          [-83.9653884, 9.9111746],
          [-83.9647914, 9.9109849],
          [-83.9643164, 9.9105146],
          [-83.9636878, 9.9099355],
          [-83.962974, 9.9095014],
          [-83.9627998, 9.9093618],
          [-83.9622286, 9.9089043],
          [-83.9614304, 9.9084646],
          [-83.9602888, 9.9079742],
          [-83.9591067, 9.9075111],
          [-83.9585498, 9.9072681],
          [-83.9580941, 9.9068461],
          [-83.9577942, 9.9064042],
          [-83.9576818, 9.9060192],
          [-83.9575944, 9.9056104],
          [-83.957465, 9.9051114],
          [-83.9570587, 9.9044655],
          [-83.9565592, 9.9039804],
          [-83.955898, 9.9036005],
          [-83.9552775, 9.9033441],
          [-83.9547239, 9.9031789],
          [-83.9543334, 9.9029618],
          [-83.9543088, 9.9029474],
          [-83.9535909, 9.9024239],
          [-83.9528499, 9.9020322],
          [-83.9523534, 9.9018802],
          [-83.9518453, 9.9018114],
          [-83.9509529, 9.9017796],
          [-83.9497632, 9.9017055],
          [-83.9491052, 9.901658],
          [-83.9490483, 9.9016539],
          [-83.9477961, 9.9015634],
          [-83.9475375, 9.9015032],
          [-83.9470426, 9.9013584],
          [-83.9466939, 9.9012105],
          [-83.9462272, 9.9008723],
          [-83.9458624, 9.9005552],
          [-83.9455942, 9.9002804],
          [-83.9454118, 9.9000109],
          [-83.9451382, 9.8994296],
          [-83.9446125, 9.8985946],
          [-83.9441941, 9.8979552],
          [-83.9439441, 9.8975684],
          [-83.9437981, 9.8973096],
          [-83.9437001, 9.8970969],
          [-83.9435396, 9.8966975],
          [-83.9432944, 9.8961998],
          [-83.9430999, 9.8956771],
          [-83.9429549, 9.895297],
          [-83.9428336, 9.8950159],
          [-83.9424238, 9.8944673],
          [-83.9421506, 9.894144],
          [-83.9415709, 9.893458],
          [-83.9413509, 9.8931673],
          [-83.9409861, 9.8927023],
          [-83.9405906, 9.8923058],
          [-83.9401783, 9.8919984],
          [-83.9397899, 9.8917563],
          [-83.9395109, 9.8916136],
          [-83.9392051, 9.8915079],
          [-83.9388618, 9.8914234],
          [-83.938658, 9.8913917],
          [-83.9384219, 9.8913864],
          [-83.9381323, 9.8914181],
          [-83.9379767, 9.891434],
          [-83.9377836, 9.8914974],
          [-83.9376709, 9.8915185],
          [-83.9375529, 9.8915449],
          [-83.9374027, 9.8915766],
          [-83.9372525, 9.8916242],
          [-83.937113, 9.8916823],
          [-83.936936, 9.8917193],
          [-83.9367643, 9.8917827],
          [-83.9365498, 9.8918409],
          [-83.9363781, 9.891862],
          [-83.9362064, 9.891899],
          [-83.9360509, 9.8919307],
          [-83.935965, 9.8919466],
          [-83.9357719, 9.8919783],
          [-83.9355949, 9.8919941],
          [-83.9354501, 9.8919888],
          [-83.935273, 9.8919149],
          [-83.9351604, 9.8918567],
          [-83.9349994, 9.8917193],
          [-83.9348975, 9.8916612],
          [-83.9347902, 9.8915291],
          [-83.9347259, 9.8914128],
          [-83.9346668, 9.8912913],
          [-83.9346186, 9.8911644],
          [-83.934581, 9.8910376],
          [-83.9345649, 9.8908421],
          [-83.9345488, 9.8906994],
          [-83.9345435, 9.8905461],
          [-83.9345381, 9.8904352],
          [-83.9345027, 9.890265],
          [-83.9343128, 9.8899965],
          [-83.9339748, 9.889801],
          [-83.9333365, 9.8895209],
          [-83.9329502, 9.8893888],
          [-83.9328047, 9.8893945],
          [-83.932682, 9.8893993],
          [-83.9325908, 9.8894205],
          [-83.932226, 9.8894469],
          [-83.9318183, 9.8894839],
          [-83.9314053, 9.8894628],
          [-83.9311103, 9.889387],
          [-83.9309283, 9.889299],
          [-83.9305095, 9.8891048],
          [-83.9301827, 9.8888604],
          [-83.9300258, 9.8886768],
          [-83.9299037, 9.888501],
          [-83.9296118, 9.8879441],
          [-83.9296033, 9.8877453],
          [-83.9295734, 9.8873912],
          [-83.9295706, 9.887249],
          [-83.9295621, 9.8870637],
          [-83.9295497, 9.8868363],
          [-83.9295496, 9.8865816],
          [-83.9296, 9.8855684],
          [-83.92972, 9.8837919],
          [-83.929717, 9.8836708],
          [-83.929716, 9.8834857],
          [-83.9297803, 9.8826772],
          [-83.9298233, 9.8819637],
          [-83.9298731, 9.880995],
          [-83.929986, 9.8789573],
          [-83.9300082, 9.8786728],
          [-83.9300243, 9.8784703],
          [-83.9300003, 9.8780054],
          [-83.929952, 9.8774663],
          [-83.9298844, 9.87721],
          [-83.9298447, 9.8770594],
          [-83.9297052, 9.8766736],
          [-83.9295485, 9.8763641],
          [-83.9289284, 9.8752853],
          [-83.9286388, 9.8747936],
          [-83.928316, 9.8743219],
          [-83.9282554, 9.8742333],
          [-83.9280007, 9.8738334],
          [-83.9273636, 9.8729091],
          [-83.9271173, 9.8725519],
          [-83.9267115, 9.8719095],
          [-83.9264436, 9.8714963],
          [-83.925582, 9.8699221],
          [-83.925541, 9.869811],
          [-83.9253652, 9.8694095],
          [-83.9251884, 9.8691459],
          [-83.9250333, 9.8689621],
          [-83.9249491, 9.8688608],
          [-83.9248787, 9.8687844],
          [-83.9246135, 9.8685145],
          [-83.9241643, 9.8680098],
          [-83.9234268, 9.8672316],
          [-83.9231486, 9.8669703],
          [-83.9230906, 9.8669114],
          [-83.9230633, 9.8668837],
          [-83.9230201, 9.8668423],
          [-83.9229808, 9.866821],
          [-83.9229519, 9.8668046],
          [-83.9229151, 9.8667925],
          [-83.9226176, 9.8667357],
          [-83.9221821, 9.8666338],
          [-83.9221156, 9.8666188],
          [-83.9220091, 9.8665981]
        ]
      },
      "properties": {
        "shape_id": "atlantico_cartago"
      }
    },
    {
      "type": "Feature",
      "geometry": {
        "type": "LineString",
        "coordinates": [
          [-84.0689369, 9.9348741],
          [-84.0689425, 9.9348801],
          [-84.0689488, 9.9348794],
          [-84.0692169, 9.934998],
          [-84.0692158, 9.9350004],
          [-84.0694177, 9.9350811],
          [-84.0697586, 9.9352055],
          [-84.0702807, 9.935412],
          [-84.0706013, 9.9355382],
          [-84.0706706, 9.9355726],
          [-84.0708206, 9.935657],
          [-84.0708946, 9.9357232],
          [-84.0709578, 9.9357955],
          [-84.0710408, 9.9359023],
          [-84.071121, 9.9360274],
          [-84.0711552, 9.9360964],
          [-84.0711793, 9.9361588],
          [-84.071214, 9.9362484],
          [-84.0712396, 9.9363145],
          [-84.0712741, 9.9364146],
          [-84.0713003, 9.9365213],
          [-84.0713123, 9.9365909],
          [-84.071319, 9.9366569],
          [-84.0713274, 9.9367661],
          [-84.0713281, 9.9368268],
          [-84.0713287, 9.9368683],
          [-84.0713229, 9.9369634],
          [-84.0713109, 9.9370595],
          [-84.0712699, 9.9371853],
          [-84.0712002, 9.9373571],
          [-84.0710849, 9.9375341],
          [-84.0709258, 9.9377861],
          [-84.0706703, 9.938185],
          [-84.0704572, 9.9385042],
          [-84.0701113, 9.939014],
          [-84.0697851, 9.9395146],
          [-84.0695967, 9.9400022],
          [-84.0695643, 9.9401405],
          [-84.069542, 9.9402789],
          [-84.0695387, 9.9403506],
          [-84.0695178, 9.9406373],
          [-84.0695186, 9.9409149],
          [-84.0695257, 9.9413881],
          [-84.0695319, 9.9416846],
          [-84.069535, 9.942091],
          [-84.0695514, 9.9423986],
          [-84.0695582, 9.9425046],
          [-84.0695793, 9.9426301],
          [-84.0696171, 9.9428555],
          [-84.0696418, 9.9430029],
          [-84.0696688, 9.9431503],
          [-84.0697142, 9.9432935],
          [-84.0698001, 9.9434626],
          [-84.0699144, 9.9436517],
          [-84.0700177, 9.9437767],
          [-84.070299, 9.9439989],
          [-84.0706101, 9.9442499],
          [-84.0708875, 9.9444673],
          [-84.0711887, 9.9447226],
          [-84.0714596, 9.9449365],
          [-84.0717715, 9.9451772],
          [-84.0719915, 9.9453678],
          [-84.0721975, 9.9455116],
          [-84.0724065, 9.9456862],
          [-84.072759, 9.945944],
          [-84.0728221, 9.9459928],
          [-84.0728059, 9.9460112],
          [-84.0735536, 9.9465374],
          [-84.0740713, 9.9469376],
          [-84.0743562, 9.9471308],
          [-84.0746527, 9.9473125],
          [-84.0751151, 9.9475056],
          [-84.075484, 9.9476091],
          [-84.0759043, 9.9477517],
          [-84.0762948, 9.9479147],
          [-84.0764298, 9.948016],
          [-84.0765604, 9.9481266],
          [-84.0766702, 9.9482876],
          [-84.0768523, 9.9486625],
          [-84.076948, 9.9488465],
          [-84.0770344, 9.9489592],
          [-84.0771185, 9.949042],
          [-84.0772049, 9.9491087],
          [-84.0773625, 9.9491962],
          [-84.0776168, 9.9492732],
          [-84.0784004, 9.9493594],
          [-84.0787086, 9.9494077],
          [-84.0789725, 9.9494813],
          [-84.0792807, 9.9496468],
          [-84.0794932, 9.9497871],
          [-84.0797337, 9.9499343],
          [-84.0799088, 9.9500746],
          [-84.0800979, 9.950185],
          [-84.0803011, 9.9502425],
          [-84.0804832, 9.9502586],
          [-84.080682, 9.9502494],
          [-84.0809782, 9.9502149],
          [-84.0817511, 9.9501022],
          [-84.0820547, 9.95007],
          [-84.0823582, 9.9500654],
          [-84.0827365, 9.9501321],
          [-84.0830634, 9.9502724],
          [-84.0832502, 9.9503989],
          [-84.0834022, 9.9505538],
          [-84.0857663, 9.9541497],
          [-84.0861228, 9.9547059],
          [-84.0861835, 9.9548351],
          [-84.0862465, 9.9549392],
          [-84.086401, 9.9551575],
          [-84.0866106, 9.9554726],
          [-84.0866788, 9.9555752],
          [-84.0881389, 9.9578283],
          [-84.0887993, 9.958879],
          [-84.0895209, 9.9599741],
          [-84.0906076, 9.9616526],
          [-84.0909123, 9.9621067],
          [-84.0910739, 9.9624647],
          [-84.0910861, 9.9625563],
          [-84.0910748, 9.9628906],
          [-84.090977, 9.963219],
          [-84.0907677, 9.9634493],
          [-84.0902862, 9.963636],
          [-84.0899511, 9.9638669],
          [-84.0897501, 9.964202],
          [-84.0897352, 9.9646934],
          [-84.0898096, 9.9651328],
          [-84.0899586, 9.9655498],
          [-84.0902639, 9.9663838],
          [-84.0904702, 9.9666795],
          [-84.0907639, 9.9668201],
          [-84.0911277, 9.9668381],
          [-84.0915702, 9.9667371],
          [-84.0920585, 9.9667561],
          [-84.092532, 9.9669361],
          [-84.0928496, 9.967195],
          [-84.0947839, 9.9689718],
          [-84.0952306, 9.9693772],
          [-84.095552, 9.9696621],
          [-84.0968391, 9.9709037],
          [-84.0973432, 9.971351],
          [-84.098023, 9.9719462],
          [-84.0982397, 9.9721402],
          [-84.0986159, 9.9724809],
          [-84.0991475, 9.9729738],
          [-84.099624, 9.9734728],
          [-84.0999219, 9.974061],
          [-84.1000102, 9.9743317],
          [-84.100166, 9.974934],
          [-84.1002575, 9.9752706],
          [-84.1004506, 9.9759971],
          [-84.1006516, 9.9764662],
          [-84.1009346, 9.9768907],
          [-84.1013367, 9.9773002],
          [-84.1020166, 9.9779544],
          [-84.1021781, 9.9781417],
          [-84.1034064, 9.9798045],
          [-84.1055626, 9.9827004],
          [-84.1057018, 9.9828911],
          [-84.1067613, 9.9843436],
          [-84.1077508, 9.9857048],
          [-84.108677, 9.9869738],
          [-84.1090156, 9.9874515],
          [-84.1106426, 9.98963],
          [-84.1109143, 9.9900494],
          [-84.1111621, 9.9905784],
          [-84.1112698, 9.9908846],
          [-84.1113456, 9.9910999],
          [-84.1115498, 9.9916039],
          [-84.1116007, 9.991744],
          [-84.1116738, 9.9919342],
          [-84.1122267, 9.9934746],
          [-84.1123789, 9.9937622],
          [-84.1124476, 9.9938449],
          [-84.1125424, 9.9939337],
          [-84.1126614, 9.9940166],
          [-84.1128775, 9.994133],
          [-84.112975, 9.9941595],
          [-84.1132916, 9.9941796],
          [-84.1134865, 9.9941433],
          [-84.1137678, 9.9940545],
          [-84.1140367, 9.993987],
          [-84.1142225, 9.9939685],
          [-84.114399, 9.9939789],
          [-84.1145987, 9.9940138],
          [-84.1147968, 9.99407],
          [-84.1150124, 9.9941559],
          [-84.115744, 9.9944768],
          [-84.1158126, 9.9945003],
          [-84.1158752, 9.9945191],
          [-84.1159633, 9.9945473],
          [-84.1161345, 9.9945773],
          [-84.1166941, 9.9946381],
          [-84.1166939, 9.9946617],
          [-84.1170597, 9.9946758],
          [-84.1170613, 9.9947002]
        ]
      },
      "properties": {
        "shape_id": "atlantico_heredia"
      }
    },
    {
      "type": "Feature",
      "geometry": {
        "type": "LineString",
        "coordinates": [
          [-84.0689, 9.934874],
          [-84.0687, 9.934785],
          [-84.0686, 9.93473],
          [-84.0686, 9.934734],
          [-84.0679, 9.934397],
          [-84.0678, 9.934317],
          [-84.0674, 9.934166],
          [-84.0672, 9.93408],
          [-84.0671, 9.934008],
          [-84.0666, 9.933783],
          [-84.0663, 9.933654],
          [-84.0662, 9.933644],
          [-84.0661, 9.933628],
          [-84.0657, 9.933572],
          [-84.0653, 9.933542],
          [-84.0651, 9.933555],
          [-84.0649, 9.933568],
          [-84.0648, 9.933588],
          [-84.0643, 9.933692],
          [-84.0637, 9.93386],
          [-84.0635, 9.933905],
          [-84.0622, 9.934314],
          [-84.0614, 9.934554],
          [-84.0612, 9.934601],
          [-84.0607, 9.934749],
          [-84.0599, 9.934974],
          [-84.0585, 9.93537],
          [-84.0582, 9.935424],
          [-84.0579, 9.935449],
          [-84.0578, 9.935449],
          [-84.0577, 9.935447],
          [-84.0576, 9.935445],
          [-84.0573, 9.935426],
          [-84.0571, 9.935381],
          [-84.0566, 9.935278],
          [-84.0563, 9.935183],
          [-84.0559, 9.935085],
          [-84.0555, 9.934972],
          [-84.0554, 9.934951],
          [-84.0553, 9.934912],
          [-84.0538, 9.934457],
          [-84.0536, 9.93441],
          [-84.0529, 9.93418],
          [-84.0524, 9.934035],
          [-84.0523, 9.934032],
          [-84.0522, 9.933986],
          [-84.0511, 9.933684],
          [-84.0503, 9.933475],
          [-84.0496, 9.933267],
          [-84.0493, 9.933214],
          [-84.0482, 9.932937],
          [-84.0477, 9.932859],
          [-84.0469, 9.932756],
          [-84.0468, 9.932738],
          [-84.0458, 9.932689],
          [-84.0451, 9.932647],
          [-84.0449, 9.932643],
          [-84.0448, 9.932641],
          [-84.0444, 9.932631],
          [-84.044, 9.932603],
          [-84.0438, 9.932553],
          [-84.0436, 9.932471],
          [-84.0433, 9.932337],
          [-84.043, 9.932141],
          [-84.0427, 9.931902],
          [-84.0425, 9.93169],
          [-84.0422, 9.931297],
          [-84.042, 9.930917],
          [-84.0418, 9.930408],
          [-84.0417, 9.930026],
          [-84.0394, 9.927635],
          [-84.0391, 9.927325],
          [-84.0371, 9.925282],
          [-84.0353, 9.92346],
          [-84.035, 9.923143],
          [-84.0349, 9.92294],
          [-84.0348, 9.922879],
          [-84.034, 9.92212],
          [-84.0336, 9.921769],
          [-84.0332, 9.921525],
          [-84.0328, 9.921466],
          [-84.0323, 9.921456],
          [-84.0317, 9.921457],
          [-84.0314, 9.921438],
          [-84.0312, 9.921389],
          [-84.0307, 9.921209],
          [-84.0302, 9.920887],
          [-84.0288, 9.920045],
          [-84.0283, 9.919758],
          [-84.0279, 9.919603],
          [-84.0276, 9.91952],
          [-84.0272, 9.919525],
          [-84.0268, 9.91958],
          [-84.026, 9.919736],
          [-84.0256, 9.919819],
          [-84.0251, 9.919819],
          [-84.0248, 9.919759],
          [-84.0245, 9.919635],
          [-84.0239, 9.919307],
          [-84.0238, 9.919277],
          [-84.0235, 9.919064],
          [-84.0228, 9.918683],
          [-84.0223, 9.918554],
          [-84.0221, 9.918427],
          [-84.0216, 9.918207],
          [-84.0211, 9.917734],
          [-84.0208, 9.917494],
          [-84.0204, 9.917074],
          [-84.02, 9.916863],
          [-84.0195, 9.916778],
          [-84.0191, 9.916854],
          [-84.0186, 9.916998],
          [-84.0184, 9.917013],
          [-84.0183, 9.917005],
          [-84.0181, 9.91698],
          [-84.018, 9.916939],
          [-84.0178, 9.916838],
          [-84.0176, 9.91668],
          [-84.0174, 9.916555],
          [-84.0172, 9.916409],
          [-84.0169, 9.916072],
          [-84.0165, 9.915666],
          [-84.0164, 9.915551],
          [-84.0158, 9.915109],
          [-84.0157, 9.915005],
          [-84.0152, 9.914846],
          [-84.0147, 9.914794],
          [-84.0141, 9.914834],
          [-84.0139, 9.91482],
          [-84.0136, 9.914788],
          [-84.0134, 9.91471],
          [-84.0132, 9.914611],
          [-84.0129, 9.914467],
          [-84.0127, 9.914274],
          [-84.0122, 9.913608],
          [-84.0119, 9.913241],
          [-84.0115, 9.912854],
          [-84.011, 9.912449],
          [-84.0099, 9.911612],
          [-84.0088, 9.910877],
          [-84.0085, 9.910663],
          [-84.0082, 9.910458],
          [-84.0079, 9.910331],
          [-84.0076, 9.91026],
          [-84.0072, 9.910219],
          [-84.0069, 9.910212],
          [-84.0066, 9.910223],
          [-84.0063, 9.910282],
          [-84.006, 9.910417],
          [-84.0056, 9.910571],
          [-84.0047, 9.911003],
          [-84.0044, 9.911135],
          [-84.0041, 9.911219],
          [-84.0039, 9.91126],
          [-84.0031, 9.911332],
          [-84.0017, 9.911367],
          [-84.0005, 9.911494],
          [-83.9995, 9.911891],
          [-83.999, 9.912035],
          [-83.9983, 9.912061],
          [-83.9977, 9.911875],
          [-83.9962, 9.911443],
          [-83.996, 9.911442],
          [-83.9949, 9.911435],
          [-83.9931, 9.911519],
          [-83.9927, 9.911452],
          [-83.9924, 9.911266],
          [-83.9914, 9.910691],
          [-83.9907, 9.910403],
          [-83.9901, 9.91031],
          [-83.9895, 9.910184],
          [-83.9887, 9.910238],
          [-83.9881, 9.910282],
          [-83.9881, 9.910283],
          [-83.9878, 9.910309],
          [-83.9875, 9.910356],
          [-83.9872, 9.910443],
          [-83.987, 9.910508],
          [-83.9869, 9.910574],
          [-83.9867, 9.910593],
          [-83.9863, 9.910736],
          [-83.9857, 9.911025],
          [-83.9853, 9.911213],
          [-83.985, 9.911424],
          [-83.9847, 9.911617],
          [-83.9846, 9.911749],
          [-83.9841, 9.912063],
          [-83.984, 9.912111],
          [-83.984, 9.912158],
          [-83.9835, 9.912382],
          [-83.983, 9.912515],
          [-83.9827, 9.912559],
          [-83.9819, 9.912661],
          [-83.9818, 9.912673],
          [-83.9811, 9.912836],
          [-83.9807, 9.912992],
          [-83.9805, 9.91314],
          [-83.98, 9.913542],
          [-83.9795, 9.913856],
          [-83.9785, 9.914272],
          [-83.978, 9.914462],
          [-83.9778, 9.914555],
          [-83.9777, 9.914612],
          [-83.9776, 9.914626],
          [-83.9771, 9.914775],
          [-83.977, 9.914775],
          [-83.9763, 9.914753],
          [-83.9753, 9.914513],
          [-83.9745, 9.914355],
          [-83.9744, 9.914331],
          [-83.9738, 9.914174],
          [-83.9733, 9.913988],
          [-83.9725, 9.913467],
          [-83.9723, 9.913295],
          [-83.9719, 9.912957],
          [-83.9715, 9.912635],
          [-83.9704, 9.91201],
          [-83.97, 9.911931],
          [-83.9699, 9.911917],
          [-83.9696, 9.911889],
          [-83.9691, 9.911892],
          [-83.9681, 9.911949],
          [-83.9665, 9.911441],
          [-83.9654, 9.911175],
          [-83.9648, 9.910985],
          [-83.9643, 9.910515],
          [-83.9637, 9.909936],
          [-83.963, 9.909501],
          [-83.9628, 9.909362],
          [-83.9622, 9.908904],
          [-83.9614, 9.908465],
          [-83.9603, 9.907974],
          [-83.9591, 9.907511],
          [-83.9585, 9.907268],
          [-83.9581, 9.906846],
          [-83.9578, 9.906404],
          [-83.9577, 9.906019],
          [-83.9576, 9.90561],
          [-83.9575, 9.905111],
          [-83.9571, 9.904466],
          [-83.9566, 9.90398],
          [-83.9559, 9.903601],
          [-83.9553, 9.903344],
          [-83.9547, 9.903179],
          [-83.9543, 9.902962],
          [-83.9543, 9.902947],
          [-83.9536, 9.902424],
          [-83.9528, 9.902032],
          [-83.9524, 9.90188],
          [-83.9518, 9.901811],
          [-83.951, 9.90178],
          [-83.9498, 9.901706],
          [-83.9491, 9.901658],
          [-83.949, 9.901654],
          [-83.9478, 9.901563],
          [-83.9475, 9.901503],
          [-83.947, 9.901358],
          [-83.9467, 9.901211],
          [-83.9462, 9.900872],
          [-83.9459, 9.900555],
          [-83.9456, 9.90028],
          [-83.9454, 9.900011],
          [-83.9451, 9.89943],
          [-83.9446, 9.898595],
          [-83.9442, 9.897955],
          [-83.9439, 9.897568],
          [-83.9438, 9.89731],
          [-83.9437, 9.897097],
          [-83.9435, 9.896698],
          [-83.9433, 9.8962],
          [-83.9431, 9.895677],
          [-83.943, 9.895297],
          [-83.9428, 9.895016],
          [-83.9424, 9.894467],
          [-83.9422, 9.894144],
          [-83.9416, 9.893458],
          [-83.9414, 9.893167],
          [-83.941, 9.892702],
          [-83.9406, 9.892306],
          [-83.9402, 9.891998],
          [-83.9398, 9.891756],
          [-83.9395, 9.891614],
          [-83.9392, 9.891508],
          [-83.9389, 9.891423],
          [-83.9387, 9.891392],
          [-83.9384, 9.891386],
          [-83.9381, 9.891418],
          [-83.938, 9.891434],
          [-83.9378, 9.891497],
          [-83.9377, 9.891519],
          [-83.9376, 9.891545],
          [-83.9374, 9.891577],
          [-83.9373, 9.891624],
          [-83.9371, 9.891682],
          [-83.9369, 9.891719],
          [-83.9368, 9.891783],
          [-83.9365, 9.891841],
          [-83.9364, 9.891862],
          [-83.9362, 9.891899],
          [-83.9361, 9.891931],
          [-83.936, 9.891947],
          [-83.9358, 9.891978],
          [-83.9356, 9.891994],
          [-83.9355, 9.891989],
          [-83.9353, 9.891915],
          [-83.9352, 9.891857],
          [-83.935, 9.891719],
          [-83.9349, 9.891661],
          [-83.9348, 9.891529],
          [-83.9347, 9.891413],
          [-83.9347, 9.891291],
          [-83.9346, 9.891164],
          [-83.9346, 9.891038],
          [-83.9346, 9.890842],
          [-83.9345, 9.890699],
          [-83.9345, 9.890546],
          [-83.9345, 9.890435],
          [-83.9345, 9.890265],
          [-83.9343, 9.889997],
          [-83.934, 9.889801],
          [-83.9333, 9.889521],
          [-83.933, 9.889389],
          [-83.9328, 9.889395],
          [-83.9327, 9.889399],
          [-83.9326, 9.889421],
          [-83.9322, 9.889447],
          [-83.9318, 9.889484],
          [-83.9314, 9.889463],
          [-83.9311, 9.889387],
          [-83.9309, 9.889299],
          [-83.9305, 9.889105],
          [-83.9302, 9.88886],
          [-83.93, 9.888677],
          [-83.9299, 9.888501],
          [-83.9296, 9.887944],
          [-83.9296, 9.887745],
          [-83.9296, 9.887391],
          [-83.9296, 9.887249],
          [-83.9296, 9.887064],
          [-83.9295, 9.886836],
          [-83.9295, 9.886582],
          [-83.9296, 9.885568],
          [-83.9297, 9.883792],
          [-83.9297, 9.883671],
          [-83.9297, 9.883486],
          [-83.9298, 9.882677],
          [-83.9298, 9.881964],
          [-83.9299, 9.880995],
          [-83.93, 9.878957],
          [-83.93, 9.878673],
          [-83.93, 9.87847],
          [-83.93, 9.878005],
          [-83.93, 9.877466],
          [-83.9299, 9.87721],
          [-83.9298, 9.877059],
          [-83.9297, 9.876674],
          [-83.9295, 9.876364],
          [-83.9289, 9.875285],
          [-83.9286, 9.874794],
          [-83.9283, 9.874322],
          [-83.9283, 9.874233],
          [-83.928, 9.873833],
          [-83.9274, 9.872909],
          [-83.9271, 9.872552],
          [-83.9267, 9.87191],
          [-83.9264, 9.871496],
          [-83.9256, 9.869922],
          [-83.9255, 9.869811],
          [-83.9254, 9.86941],
          [-83.9252, 9.869146],
          [-83.925, 9.868962],
          [-83.9249, 9.868861],
          [-83.9249, 9.868784],
          [-83.9246, 9.868515],
          [-83.9242, 9.86801],
          [-83.9234, 9.867232],
          [-83.9231369, 9.8669614],
          [-83.9230944, 9.8669119],
          [-83.9230712, 9.8668929],
          [-83.923, 9.866842],
          [-83.9229833, 9.866832],
          [-83.922965, 9.8668187],
          [-83.9229, 9.866793],
          [-83.9226, 9.866736],
          [-83.9222, 9.866634],
          [-83.9221589, 9.8666286],
          [-83.922014, 9.8665981],
          [-83.9219, 9.866589],
          [-83.9218296, 9.8665822],
          [-83.9217008, 9.8665651],
          [-83.9213072, 9.8665054],
          [-83.9208999, 9.8664468],
          [-83.9203141, 9.8663883],
          [-83.9202894, 9.8663798],
          [-83.9196865, 9.8662858],
          [-83.9192025, 9.8662273],
          [-83.918222, 9.8661017],
          [-83.9174036, 9.8659724],
          [-83.9163, 9.865871],
          [-83.9152, 9.865706],
          [-83.9144, 9.865598],
          [-83.9141, 9.865562],
          [-83.914, 9.865535],
          [-83.9138, 9.865439],
          [-83.9136, 9.865263],
          [-83.9132, 9.864991],
          [-83.9129, 9.864692],
          [-83.9127, 9.864575],
          [-83.9126, 9.864527],
          [-83.9124, 9.864472],
          [-83.9121, 9.864431],
          [-83.9115, 9.864335],
          [-83.911, 9.864212],
          [-83.9052421, 9.8613011]
        ]
      },
      "properties": {
        "shape_id": "atlantico_oreamuno"
      }
    },
    {
      "type": "Feature",
      "geometry": {
        "type": "LineString",
        "coordinates": [
          [-84.0689, 9.934874],
          [-84.0687, 9.934785],
          [-84.0686, 9.93473],
          [-84.0686, 9.934734],
          [-84.0679, 9.934397],
          [-84.0678, 9.934317],
          [-84.0674, 9.934166],
          [-84.0672, 9.93408],
          [-84.0671, 9.934008],
          [-84.0666, 9.933783],
          [-84.0663, 9.933654],
          [-84.0662, 9.933644],
          [-84.0661, 9.933628],
          [-84.0657, 9.933572],
          [-84.0653, 9.933542],
          [-84.0651, 9.933555],
          [-84.0649, 9.933568],
          [-84.0648, 9.933588],
          [-84.0643, 9.933692],
          [-84.0637, 9.93386],
          [-84.0635, 9.933905],
          [-84.0622, 9.934314],
          [-84.0614, 9.934554],
          [-84.0612, 9.934601],
          [-84.0607, 9.934749],
          [-84.0599, 9.934974],
          [-84.0585, 9.93537],
          [-84.0582, 9.935424],
          [-84.0579, 9.935449],
          [-84.0578, 9.935449],
          [-84.0577, 9.935447],
          [-84.0576, 9.935445],
          [-84.0573, 9.935426],
          [-84.0571, 9.935381],
          [-84.0566, 9.935278],
          [-84.0563, 9.935183],
          [-84.0559, 9.935085],
          [-84.0555, 9.934972],
          [-84.0554, 9.934951],
          [-84.0553, 9.934912],
          [-84.0538, 9.934457],
          [-84.0536, 9.93441],
          [-84.0529, 9.93418],
          [-84.0524, 9.934035],
          [-84.0523, 9.934032],
          [-84.0522, 9.933986],
          [-84.0511, 9.933684],
          [-84.0503, 9.933475],
          [-84.0496, 9.933267],
          [-84.0493, 9.933214],
          [-84.0482, 9.932937],
          [-84.0477, 9.932859],
          [-84.0469, 9.932756],
          [-84.0468, 9.932738],
          [-84.0458, 9.932689],
          [-84.0451, 9.932647],
          [-84.0449, 9.932643],
          [-84.0448, 9.932641],
          [-84.0444, 9.932631],
          [-84.044, 9.932603],
          [-84.0438, 9.932553],
          [-84.0436, 9.932471],
          [-84.0433, 9.932337],
          [-84.043, 9.932141],
          [-84.0427, 9.931902],
          [-84.0425, 9.93169],
          [-84.0422, 9.931297],
          [-84.042, 9.930917],
          [-84.0418, 9.930408],
          [-84.0417, 9.930026],
          [-84.0394, 9.927635],
          [-84.0391, 9.927325],
          [-84.0371, 9.925282],
          [-84.0353, 9.92346],
          [-84.035, 9.923143],
          [-84.0349, 9.92294],
          [-84.0348, 9.922879],
          [-84.034, 9.92212],
          [-84.0336, 9.921769],
          [-84.0332, 9.921525],
          [-84.0328, 9.921466],
          [-84.0323, 9.921456],
          [-84.0317, 9.921457],
          [-84.0314, 9.921438],
          [-84.0312, 9.921389],
          [-84.0307, 9.921209],
          [-84.0302, 9.920887],
          [-84.0288, 9.920045],
          [-84.0283, 9.919758],
          [-84.0279, 9.919603],
          [-84.0276, 9.91952],
          [-84.0272, 9.919525],
          [-84.0268, 9.91958],
          [-84.026, 9.919736],
          [-84.0256, 9.919819],
          [-84.0251, 9.919819],
          [-84.0248, 9.919759],
          [-84.0245, 9.919635],
          [-84.0239, 9.919307],
          [-84.0238, 9.919277],
          [-84.0235, 9.919064],
          [-84.0228, 9.918683],
          [-84.0223, 9.918554],
          [-84.0221, 9.918427],
          [-84.0216, 9.918207],
          [-84.0211, 9.917734],
          [-84.0208, 9.917494],
          [-84.0204, 9.917074],
          [-84.02, 9.916863],
          [-84.0195, 9.916778],
          [-84.0191, 9.916854],
          [-84.0186, 9.916998],
          [-84.0184, 9.917013],
          [-84.0183, 9.917005],
          [-84.0181, 9.91698],
          [-84.018, 9.916939],
          [-84.0178, 9.916838],
          [-84.0176, 9.91668],
          [-84.0174, 9.916555],
          [-84.0172, 9.916409],
          [-84.0169, 9.916072],
          [-84.0165, 9.915666],
          [-84.0164, 9.915551],
          [-84.0158, 9.915109],
          [-84.0157, 9.915005],
          [-84.0152, 9.914846],
          [-84.0147, 9.914794],
          [-84.0141, 9.914834],
          [-84.0139, 9.91482],
          [-84.0136, 9.914788],
          [-84.0134, 9.91471],
          [-84.0132, 9.914611],
          [-84.0129, 9.914467],
          [-84.0127, 9.914274],
          [-84.0122, 9.913608],
          [-84.0119, 9.913241],
          [-84.0115, 9.912854],
          [-84.011, 9.912449],
          [-84.0099, 9.911612],
          [-84.0088, 9.910877],
          [-84.0085, 9.910663],
          [-84.0082, 9.910458],
          [-84.0079, 9.910331],
          [-84.0076, 9.91026],
          [-84.0072, 9.910219],
          [-84.0069, 9.910212],
          [-84.0066, 9.910223],
          [-84.0063, 9.910282],
          [-84.006, 9.910417],
          [-84.0056, 9.910571],
          [-84.0047, 9.911003],
          [-84.0044, 9.911135],
          [-84.0041, 9.911219],
          [-84.0039, 9.91126],
          [-84.0031, 9.911332],
          [-84.0017, 9.911367],
          [-84.0005, 9.911494],
          [-83.9995, 9.911891],
          [-83.999, 9.912035],
          [-83.9983, 9.912061],
          [-83.9977, 9.911875],
          [-83.9962, 9.911443],
          [-83.996, 9.911442],
          [-83.9949, 9.911435],
          [-83.9931, 9.911519],
          [-83.9927, 9.911452],
          [-83.9924, 9.911266],
          [-83.9914, 9.910691],
          [-83.9907, 9.910403],
          [-83.9901, 9.91031],
          [-83.9895, 9.910184],
          [-83.9887, 9.910238],
          [-83.9881, 9.910282],
          [-83.9881, 9.910283],
          [-83.9878, 9.910309],
          [-83.9875, 9.910356],
          [-83.9872, 9.910443],
          [-83.987, 9.910508],
          [-83.9869, 9.910574],
          [-83.9867, 9.910593],
          [-83.9863, 9.910736],
          [-83.9857, 9.911025],
          [-83.9853, 9.911213],
          [-83.985, 9.911424],
          [-83.9847, 9.911617],
          [-83.9846, 9.911749],
          [-83.9841, 9.912063],
          [-83.984, 9.912111],
          [-83.984, 9.912158],
          [-83.9835, 9.912382],
          [-83.983, 9.912515],
          [-83.9827, 9.912559],
          [-83.9819, 9.912661],
          [-83.9818, 9.912673],
          [-83.9811, 9.912836],
          [-83.9807, 9.912992],
          [-83.9805, 9.91314],
          [-83.98, 9.913542],
          [-83.9795, 9.913856],
          [-83.9785, 9.914272],
          [-83.978, 9.914462],
          [-83.9778, 9.914555],
          [-83.9777, 9.914612],
          [-83.9776, 9.914626],
          [-83.9771, 9.914775],
          [-83.977, 9.914775],
          [-83.9763, 9.914753],
          [-83.9753, 9.914513],
          [-83.9745, 9.914355],
          [-83.9744, 9.914331],
          [-83.9738, 9.914174],
          [-83.9733, 9.913988],
          [-83.9725, 9.913467],
          [-83.9723, 9.913295],
          [-83.9719, 9.912957],
          [-83.9715, 9.912635],
          [-83.9704, 9.91201],
          [-83.97, 9.911931],
          [-83.9699, 9.911917],
          [-83.9696, 9.911889],
          [-83.9691, 9.911892],
          [-83.9681, 9.911949],
          [-83.9665, 9.911441],
          [-83.9654, 9.911175],
          [-83.9648, 9.910985],
          [-83.9643, 9.910515],
          [-83.9637, 9.909936],
          [-83.963, 9.909501],
          [-83.9628, 9.909362],
          [-83.9622, 9.908904],
          [-83.9614, 9.908465],
          [-83.9603, 9.907974],
          [-83.9591, 9.907511],
          [-83.9585, 9.907268],
          [-83.9581, 9.906846],
          [-83.9578, 9.906404],
          [-83.9577, 9.906019],
          [-83.9576, 9.90561],
          [-83.9575, 9.905111],
          [-83.9571, 9.904466],
          [-83.9566, 9.90398],
          [-83.9559, 9.903601],
          [-83.9553, 9.903344],
          [-83.9547, 9.903179],
          [-83.9543, 9.902962],
          [-83.9543, 9.902947],
          [-83.9536, 9.902424],
          [-83.9528, 9.902032],
          [-83.9524, 9.90188],
          [-83.9518, 9.901811],
          [-83.951, 9.90178],
          [-83.9498, 9.901706],
          [-83.9491, 9.901658],
          [-83.949, 9.901654],
          [-83.9478, 9.901563],
          [-83.9475, 9.901503],
          [-83.947, 9.901358],
          [-83.9467, 9.901211],
          [-83.9462, 9.900872],
          [-83.9459, 9.900555],
          [-83.9456, 9.90028],
          [-83.9454, 9.900011],
          [-83.9451, 9.89943],
          [-83.9446, 9.898595],
          [-83.9442, 9.897955],
          [-83.9439, 9.897568],
          [-83.9438, 9.89731],
          [-83.9437, 9.897097],
          [-83.9435, 9.896698],
          [-83.9433, 9.8962],
          [-83.9431, 9.895677],
          [-83.943, 9.895297],
          [-83.9428, 9.895016],
          [-83.9424, 9.894467],
          [-83.9422, 9.894144],
          [-83.9416, 9.893458],
          [-83.9414, 9.893167],
          [-83.941, 9.892702],
          [-83.9406, 9.892306],
          [-83.9402, 9.891998],
          [-83.9398, 9.891756],
          [-83.9395, 9.891614],
          [-83.9392, 9.891508],
          [-83.9389, 9.891423],
          [-83.9387, 9.891392],
          [-83.9384, 9.891386],
          [-83.9381, 9.891418],
          [-83.938, 9.891434],
          [-83.9378, 9.891497],
          [-83.9377, 9.891519],
          [-83.9376, 9.891545],
          [-83.9374, 9.891577],
          [-83.9373, 9.891624],
          [-83.9371, 9.891682],
          [-83.9369, 9.891719],
          [-83.9368, 9.891783],
          [-83.9365, 9.891841],
          [-83.9364, 9.891862],
          [-83.9362, 9.891899],
          [-83.9361, 9.891931],
          [-83.936, 9.891947],
          [-83.9358, 9.891978],
          [-83.9356, 9.891994],
          [-83.9355, 9.891989],
          [-83.9353, 9.891915],
          [-83.9352, 9.891857],
          [-83.935, 9.891719],
          [-83.9349, 9.891661],
          [-83.9348, 9.891529],
          [-83.9347, 9.891413],
          [-83.9347, 9.891291],
          [-83.9346, 9.891164],
          [-83.9346, 9.891038],
          [-83.9346, 9.890842],
          [-83.9345, 9.890699],
          [-83.9345, 9.890546],
          [-83.9345, 9.890435],
          [-83.9345, 9.890265],
          [-83.9343, 9.889997],
          [-83.934, 9.889801],
          [-83.9333, 9.889521],
          [-83.933, 9.889389],
          [-83.9328, 9.889395],
          [-83.9327, 9.889399],
          [-83.9326, 9.889421],
          [-83.9322, 9.889447],
          [-83.9318, 9.889484],
          [-83.9314, 9.889463],
          [-83.9311, 9.889387],
          [-83.9309, 9.889299],
          [-83.9305, 9.889105],
          [-83.9302, 9.88886],
          [-83.93, 9.888677],
          [-83.9299, 9.888501],
          [-83.9296, 9.887944],
          [-83.9296, 9.887745],
          [-83.9296, 9.887391],
          [-83.9296, 9.887249],
          [-83.9296, 9.887064],
          [-83.9295, 9.886836],
          [-83.9295, 9.886582],
          [-83.9296, 9.885568],
          [-83.9297, 9.883792],
          [-83.9297, 9.883671],
          [-83.9297, 9.883486],
          [-83.9298, 9.882677],
          [-83.9298, 9.881964],
          [-83.9299, 9.880995],
          [-83.93, 9.878957],
          [-83.93, 9.878673],
          [-83.93, 9.87847],
          [-83.93, 9.878005],
          [-83.93, 9.877466],
          [-83.9299, 9.87721],
          [-83.9298, 9.877059],
          [-83.9297, 9.876674],
          [-83.9295, 9.876364],
          [-83.9289, 9.875285],
          [-83.9286, 9.874794],
          [-83.9283, 9.874322],
          [-83.9283, 9.874233],
          [-83.928, 9.873833],
          [-83.9274, 9.872909],
          [-83.9271, 9.872552],
          [-83.9267, 9.87191],
          [-83.9264, 9.871496],
          [-83.9256, 9.869922],
          [-83.9255, 9.869811],
          [-83.9254, 9.86941],
          [-83.9252, 9.869146],
          [-83.925, 9.868962],
          [-83.9249, 9.868861],
          [-83.9249, 9.868784],
          [-83.9246, 9.868515],
          [-83.9242, 9.86801],
          [-83.9234, 9.867232],
          [-83.9231176, 9.8669433],
          [-83.9231, 9.866911],
          [-83.9230654, 9.8668862],
          [-83.923, 9.866842],
          [-83.9229805, 9.866833],
          [-83.9229553, 9.8668159],
          [-83.9229, 9.866793],
          [-83.9226, 9.866736],
          [-83.9222, 9.866634],
          [-83.9221267, 9.8666212],
          [-83.9220041, 9.8665993],
          [-83.9219, 9.866589],
          [-83.9218531, 9.8665834],
          [-83.9216996, 9.8665651],
          [-83.9213084, 9.8665103],
          [-83.9208937, 9.8664481],
          [-83.9203215, 9.8663834],
          [-83.9202807, 9.8663737],
          [-83.9196877, 9.8662895],
          [-83.9192037, 9.8662249],
          [-83.9182356, 9.8661041],
          [-83.9173999, 9.8659761],
          [-83.9163, 9.865871],
          [-83.9152, 9.865706],
          [-83.9144, 9.865598],
          [-83.9141, 9.865562],
          [-83.914, 9.865535],
          [-83.9138, 9.865439],
          [-83.9136, 9.865263],
          [-83.9132, 9.864991],
          [-83.9129, 9.864692],
          [-83.9127, 9.864575],
          [-83.9126, 9.864527],
          [-83.9124, 9.864472],
          [-83.9121, 9.864431],
          [-83.9115, 9.864335],
          [-83.911, 9.864212],
          [-83.9051948, 9.8612774],
          [-83.9020123, 9.8596807],
          [-83.8987375, 9.8580442],
          [-83.8982719, 9.8577892],
          [-83.8981143, 9.8576812],
          [-83.8975798, 9.8571807],
          [-83.8956963, 9.8549535],
          [-83.8947777, 9.8538747],
          [-83.8937716, 9.8527338],
          [-83.8934378, 9.8524427],
          [-83.8930891, 9.8522128],
          [-83.8925966, 9.8519444],
          [-83.8915676, 9.8514268],
          [-83.8907285, 9.8509669],
          [-83.8902571, 9.85071],
          [-83.8900487, 9.850602]
        ]
      },
      "properties": {
        "shape_id": "atlantico_paraiso"
      }
    },
    {
      "type": "Feature",
      "geometry": {
        "type": "LineString",
        "coordinates": [
          [-84.1849399, 9.9784607],
          [-84.1848199, 9.9784986],
          [-84.1847012, 9.9785043],
          [-84.1833087, 9.9788586],
          [-84.1827172, 9.9790408],
          [-84.1824753, 9.9790928],
          [-84.1823513, 9.9790989],
          [-84.1822009, 9.9790969],
          [-84.1819793, 9.9790888],
          [-84.1816825, 9.9790388],
          [-84.1815179, 9.9789867],
          [-84.1813492, 9.9788886],
          [-84.1811784, 9.9787445],
          [-84.1810788, 9.9786304],
          [-84.1810097, 9.9784983],
          [-84.1809304, 9.9781399],
          [-84.1808959, 9.9778276],
          [-84.1808634, 9.9775433],
          [-84.1808184, 9.9770529],
          [-84.1806896, 9.9767571],
          [-84.1804407, 9.9763851],
          [-84.1799429, 9.9758695],
          [-84.1798155, 9.9757417],
          [-84.179488, 9.975413],
          [-84.1792219, 9.9750918],
          [-84.1788529, 9.974779],
          [-84.1783816, 9.9744622],
          [-84.1783121, 9.9744155],
          [-84.1781875, 9.974361],
          [-84.1776169, 9.9741112],
          [-84.1766642, 9.9739252],
          [-84.1753681, 9.9737731],
          [-84.1738318, 9.9737562],
          [-84.1731795, 9.9737139],
          [-84.172716, 9.973604],
          [-84.1722439, 9.9734011],
          [-84.1717632, 9.9731306],
          [-84.1713255, 9.972784],
          [-84.1709307, 9.972243],
          [-84.1706904, 9.9717358],
          [-84.1703642, 9.9704931],
          [-84.1694887, 9.9685488],
          [-84.16936, 9.9681769],
          [-84.1690682, 9.9678895],
          [-84.1676427, 9.9668652],
          [-84.1672538, 9.9664186],
          [-84.1669825, 9.9661819],
          [-84.1665791, 9.9660804],
          [-84.1660298, 9.9661565],
          [-84.165695, 9.9661227],
          [-84.164605, 9.965793],
          [-84.1642531, 9.965514],
          [-84.1639956, 9.9653196],
          [-84.1633237, 9.9650848],
          [-84.1629656, 9.9649645],
          [-84.1621588, 9.9646264],
          [-84.1617811, 9.9644151],
          [-84.1615065, 9.9641615],
          [-84.161048, 9.9632479],
          [-84.1598843, 9.9623777],
          [-84.1596532, 9.9622124],
          [-84.1592577, 9.962048],
          [-84.1586569, 9.9619551],
          [-84.1580303, 9.9619297],
          [-84.1577814, 9.9618536],
          [-84.1574295, 9.9616592],
          [-84.1544204, 9.9597493],
          [-84.1530463, 9.9588981],
          [-84.15138, 9.9578623],
          [-84.1511888, 9.9576935],
          [-84.151059, 9.9575594],
          [-84.1509105, 9.9573359],
          [-84.1508221, 9.9572144],
          [-84.1507712, 9.957101],
          [-84.1506836, 9.9569459],
          [-84.1504816, 9.9564417],
          [-84.150403, 9.9562952],
          [-84.1502948, 9.956142],
          [-84.1500782, 9.9559195],
          [-84.1498934, 9.955766],
          [-84.1497053, 9.9556673],
          [-84.1485207, 9.955132],
          [-84.1468083, 9.9543582],
          [-84.1465164, 9.9541803],
          [-84.1462897, 9.9539983],
          [-84.1461154, 9.9537889],
          [-84.1460022, 9.9535703],
          [-84.1448767, 9.9512865],
          [-84.1440943, 9.9498709],
          [-84.1440878, 9.9498597],
          [-84.1437941, 9.9493497],
          [-84.1433056, 9.9484209],
          [-84.1430724, 9.9481148],
          [-84.1427591, 9.9478248],
          [-84.1424505, 9.9476398],
          [-84.1421, 9.947496],
          [-84.1400628, 9.9469399],
          [-84.1380366, 9.9463192],
          [-84.1374652, 9.9461457],
          [-84.136453, 9.9457991],
          [-84.1362038, 9.9456094],
          [-84.1359982, 9.945368],
          [-84.1358763, 9.9451345],
          [-84.1358105, 9.9448979],
          [-84.1358265, 9.9444947],
          [-84.1358491, 9.9441934],
          [-84.1358682, 9.9439874],
          [-84.1359248, 9.9434921],
          [-84.1360214, 9.9426069],
          [-84.1361333, 9.9417103],
          [-84.1361764, 9.941222],
          [-84.1361691, 9.9410177],
          [-84.1361434, 9.940893],
          [-84.1361264, 9.9408153],
          [-84.1361102, 9.9407782],
          [-84.1360783, 9.9407277],
          [-84.1359072, 9.9404913],
          [-84.1357196, 9.9403245],
          [-84.13544, 9.9402052],
          [-84.1352011, 9.9401443],
          [-84.1351584, 9.9401334],
          [-84.1351172, 9.940129],
          [-84.1346063, 9.9400741],
          [-84.1342488, 9.9400393],
          [-84.1335334, 9.9399761],
          [-84.1333511, 9.93996],
          [-84.1324677, 9.9399541],
          [-84.1315596, 9.9399871],
          [-84.130606, 9.9400121],
          [-84.1273819, 9.9401569],
          [-84.1237316, 9.9403739],
          [-84.1237152, 9.9402355],
          [-84.1235259, 9.9402396],
          [-84.1227607, 9.9401587],
          [-84.1220143, 9.9398456],
          [-84.1213764, 9.9393833],
          [-84.1207226, 9.9386357],
          [-84.1205828, 9.9384759],
          [-84.1202932, 9.9382944],
          [-84.1196425, 9.9379988],
          [-84.1193668, 9.9378877],
          [-84.1174587, 9.9371184],
          [-84.1171187, 9.9370198],
          [-84.1167884, 9.9369684],
          [-84.1163195, 9.9368955],
          [-84.1157881, 9.9367966],
          [-84.1156674, 9.9367783],
          [-84.1154394, 9.9367621],
          [-84.1150989, 9.936775],
          [-84.1144471, 9.9367909],
          [-84.1138061, 9.936775],
          [-84.1135567, 9.9367592],
          [-84.1133448, 9.9366958],
          [-84.1132214, 9.9366324],
          [-84.1131141, 9.9365531],
          [-84.1130095, 9.9364527],
          [-84.1129085, 9.9363284],
          [-84.1128082, 9.9361774],
          [-84.1127559, 9.9360803],
          [-84.1127081, 9.9359513],
          [-84.1126773, 9.9358435],
          [-84.1126616, 9.935707],
          [-84.1126823, 9.9354121],
          [-84.1126877, 9.9347997],
          [-84.1125672, 9.9344853],
          [-84.1123171, 9.9341474],
          [-84.1119459, 9.9338354],
          [-84.1114284, 9.9336421],
          [-84.1103089, 9.9335372],
          [-84.1099142, 9.9334995],
          [-84.1014151, 9.9326563],
          [-84.1014158, 9.9326467],
          [-84.0987077, 9.9324057],
          [-84.0984424, 9.9323793],
          [-84.0982979, 9.9323627],
          [-84.0982177, 9.9323561],
          [-84.0977075, 9.9323003],
          [-84.097488, 9.9322482],
          [-84.0972603, 9.9321681],
          [-84.096875, 9.9320095],
          [-84.0962424, 9.9316947],
          [-84.0947073, 9.9308862],
          [-84.0946484, 9.9308313],
          [-84.0944314, 9.9306868],
          [-84.0942428, 9.9305382],
          [-84.0940513, 9.9303611],
          [-84.0939136, 9.9302116],
          [-84.0937125, 9.9299259],
          [-84.0930263, 9.9289052],
          [-84.0927599, 9.928478],
          [-84.0925688, 9.9282132],
          [-84.09210541, 9.92750186],
          [-84.0919248, 9.9273064],
          [-84.0918611, 9.9271319],
          [-84.0917519, 9.9269607],
          [-84.0914501, 9.9264878],
          [-84.091254, 9.9261842],
          [-84.09114, 9.9260257],
          [-84.0910992, 9.9259689],
          [-84.0910545, 9.9259238],
          [-84.0909738, 9.9258116],
          [-84.0907566, 9.9256598],
          [-84.0906049, 9.9255816],
          [-84.0904344, 9.9255076],
          [-84.0898437, 9.9253976],
          [-84.0892389, 9.9252757],
          [-84.0874217, 9.924989],
          [-84.0870523, 9.9249764],
          [-84.0868748, 9.9250369],
          [-84.0864369, 9.9252137],
          [-84.0861128, 9.9253837],
          [-84.0856152, 9.9255773],
          [-84.0853768, 9.9256818],
          [-84.0850864, 9.9257564],
          [-84.084703, 9.9258029],
          [-84.0844052, 9.9258004],
          [-84.0836314, 9.9257294],
          [-84.0811014, 9.9253945]
        ]
      },
      "properties": {
        "shape_id": "belen_pacifico"
      }
    },
    {
      "type": "Feature",
      "geometry": {
        "type": "LineString",
        "coordinates": [
          [-83.9220103, 9.8665993],
          [-83.9221019, 9.8666164],
          [-83.9221821, 9.8666338],
          [-83.9226176, 9.8667357],
          [-83.9229151, 9.8667925],
          [-83.9229519, 9.8668046],
          [-83.9229808, 9.866821],
          [-83.9230201, 9.8668423],
          [-83.9230633, 9.8668837],
          [-83.9230906, 9.8669114],
          [-83.9231486, 9.8669703],
          [-83.9234268, 9.8672316],
          [-83.9241643, 9.8680098],
          [-83.9246135, 9.8685145],
          [-83.9248787, 9.8687844],
          [-83.9249491, 9.8688608],
          [-83.9250333, 9.8689621],
          [-83.9251884, 9.8691459],
          [-83.9253652, 9.8694095],
          [-83.925541, 9.869811],
          [-83.925582, 9.8699221],
          [-83.9264436, 9.8714963],
          [-83.9267115, 9.8719095],
          [-83.9271173, 9.8725519],
          [-83.9273636, 9.8729091],
          [-83.9280007, 9.8738334],
          [-83.9282554, 9.8742333],
          [-83.928316, 9.8743219],
          [-83.9286388, 9.8747936],
          [-83.9289284, 9.8752853],
          [-83.9295485, 9.8763641],
          [-83.9297052, 9.8766736],
          [-83.9298447, 9.8770594],
          [-83.9298844, 9.87721],
          [-83.929952, 9.8774663],
          [-83.9300003, 9.8780054],
          [-83.9300243, 9.8784703],
          [-83.9300082, 9.8786728],
          [-83.929986, 9.8789573],
          [-83.9298731, 9.880995],
          [-83.9298233, 9.8819637],
          [-83.9297803, 9.8826772],
          [-83.929716, 9.8834857],
          [-83.929717, 9.8836708],
          [-83.92972, 9.8837919],
          [-83.9296, 9.8855684],
          [-83.9295496, 9.8865816],
          [-83.9295497, 9.8868363],
          [-83.9295621, 9.8870637],
          [-83.9295706, 9.887249],
          [-83.9295734, 9.8873912],
          [-83.9296033, 9.8877453],
          [-83.9296118, 9.8879441],
          [-83.9299037, 9.888501],
          [-83.9300258, 9.8886768],
          [-83.9301827, 9.8888604],
          [-83.9305095, 9.8891048],
          [-83.9309283, 9.889299],
          [-83.9311103, 9.889387],
          [-83.9314053, 9.8894628],
          [-83.9318183, 9.8894839],
          [-83.932226, 9.8894469],
          [-83.9325908, 9.8894205],
          [-83.932682, 9.8893993],
          [-83.9328047, 9.8893945],
          [-83.9329502, 9.8893888],
          [-83.9333365, 9.8895209],
          [-83.9339748, 9.889801],
          [-83.9343128, 9.8899965],
          [-83.9345027, 9.890265],
          [-83.9345381, 9.8904352],
          [-83.9345435, 9.8905461],
          [-83.9345488, 9.8906994],
          [-83.9345649, 9.8908421],
          [-83.934581, 9.8910376],
          [-83.9346186, 9.8911644],
          [-83.9346668, 9.8912913],
          [-83.9347259, 9.8914128],
          [-83.9347902, 9.8915291],
          [-83.9348975, 9.8916612],
          [-83.9349994, 9.8917193],
          [-83.9351604, 9.8918567],
          [-83.935273, 9.8919149],
          [-83.9354501, 9.8919888],
          [-83.9355949, 9.8919941],
          [-83.9357719, 9.8919783],
          [-83.935965, 9.8919466],
          [-83.9360509, 9.8919307],
          [-83.9362064, 9.891899],
          [-83.9363781, 9.891862],
          [-83.9365498, 9.8918409],
          [-83.9367643, 9.8917827],
          [-83.936936, 9.8917193],
          [-83.937113, 9.8916823],
          [-83.9372525, 9.8916242],
          [-83.9374027, 9.8915766],
          [-83.9375529, 9.8915449],
          [-83.9376709, 9.8915185],
          [-83.9377836, 9.8914974],
          [-83.9379767, 9.891434],
          [-83.9381323, 9.8914181],
          [-83.9384219, 9.8913864],
          [-83.938658, 9.8913917],
          [-83.9388618, 9.8914234],
          [-83.9392051, 9.8915079],
          [-83.9395109, 9.8916136],
          [-83.9397899, 9.8917563],
          [-83.9401783, 9.8919984],
          [-83.9405906, 9.8923058],
          [-83.9409861, 9.8927023],
          [-83.9413509, 9.8931673],
          [-83.9415709, 9.893458],
          [-83.9421506, 9.894144],
          [-83.9424238, 9.8944673],
          [-83.9428336, 9.8950159],
          [-83.9429549, 9.895297],
          [-83.9430999, 9.8956771],
          [-83.9432944, 9.8961998],
          [-83.9435396, 9.8966975],
          [-83.9437001, 9.8970969],
          [-83.9437981, 9.8973096],
          [-83.9439441, 9.8975684],
          [-83.9441941, 9.8979552],
          [-83.9446125, 9.8985946],
          [-83.9451382, 9.8994296],
          [-83.9454118, 9.9000109],
          [-83.9455942, 9.9002804],
          [-83.9458624, 9.9005552],
          [-83.9462272, 9.9008723],
          [-83.9466939, 9.9012105],
          [-83.9470426, 9.9013584],
          [-83.9475375, 9.9015032],
          [-83.9477961, 9.9015634],
          [-83.9490483, 9.9016539],
          [-83.9491052, 9.901658],
          [-83.9497632, 9.9017055],
          [-83.9509529, 9.9017796],
          [-83.9518453, 9.9018114],
          [-83.9523534, 9.9018802],
          [-83.9528499, 9.9020322],
          [-83.9535909, 9.9024239],
          [-83.9543088, 9.9029474],
          [-83.9543334, 9.9029618],
          [-83.9547239, 9.9031789],
          [-83.9552775, 9.9033441],
          [-83.955898, 9.9036005],
          [-83.9565592, 9.9039804],
          [-83.9570587, 9.9044655],
          [-83.957465, 9.9051114],
          [-83.9575944, 9.9056104],
          [-83.9576818, 9.9060192],
          [-83.9577942, 9.9064042],
          [-83.9580941, 9.9068461],
          [-83.9585498, 9.9072681],
          [-83.9591067, 9.9075111],
          [-83.9602888, 9.9079742],
          [-83.9614304, 9.9084646],
          [-83.9622286, 9.9089043],
          [-83.9627998, 9.9093618],
          [-83.962974, 9.9095014],
          [-83.9636878, 9.9099355],
          [-83.9643164, 9.9105146],
          [-83.9647914, 9.9109849],
          [-83.9653884, 9.9111746],
          [-83.9664944, 9.9114408],
          [-83.9680997, 9.9119486],
          [-83.9690973, 9.9118917],
          [-83.9695849, 9.9118892],
          [-83.9698783, 9.911917],
          [-83.9700454, 9.9119313],
          [-83.9704276, 9.9120098],
          [-83.9714833, 9.9126354],
          [-83.9718867, 9.9129567],
          [-83.9723158, 9.9132949],
          [-83.972519, 9.9134668],
          [-83.9733372, 9.9139882],
          [-83.9738265, 9.9141742],
          [-83.9743913, 9.9143314],
          [-83.9745486, 9.9143552],
          [-83.9752925, 9.9145129],
          [-83.9763347, 9.9147533],
          [-83.9769586, 9.914775],
          [-83.9771309, 9.9147745],
          [-83.9776051, 9.9146264],
          [-83.97765, 9.9146124],
          [-83.9778348, 9.9145547],
          [-83.9780471, 9.9144615],
          [-83.9784779, 9.9142724],
          [-83.9794913, 9.9138555],
          [-83.9800144, 9.9135416],
          [-83.9804895, 9.9131404],
          [-83.9807244, 9.9129918],
          [-83.9811159, 9.9128358],
          [-83.981799, 9.9126733],
          [-83.9818516, 9.9126608],
          [-83.982667, 9.9125593],
          [-83.9830433, 9.9125147],
          [-83.9834759, 9.9123817],
          [-83.9839577, 9.9121579],
          [-83.984048, 9.9121112],
          [-83.9841412, 9.9120629],
          [-83.9845856, 9.9117494],
          [-83.9847465, 9.9116173],
          [-83.9850303, 9.911424],
          [-83.9853218, 9.9112132],
          [-83.9856559, 9.9110254],
          [-83.986272, 9.9107363],
          [-83.9867094, 9.9105927],
          [-83.9868888, 9.9105739],
          [-83.9869691, 9.9105077],
          [-83.9872009, 9.9104425],
          [-83.9875411, 9.9103557],
          [-83.9878401, 9.9103088],
          [-83.9880941, 9.910283],
          [-83.9881061, 9.9102818],
          [-83.9886537, 9.9102375],
          [-83.9894734, 9.9101835],
          [-83.9901085, 9.9103103],
          [-83.9907008, 9.9104033],
          [-83.9914389, 9.9106908],
          [-83.9923573, 9.9112657],
          [-83.9926921, 9.9114517],
          [-83.9930611, 9.9115194],
          [-83.9949236, 9.9114348],
          [-83.9960366, 9.9114421],
          [-83.9962283, 9.9114433],
          [-83.9977217, 9.9118745],
          [-83.998314, 9.9120605],
          [-83.9990435, 9.9120351],
          [-83.9995413, 9.9118914],
          [-84.0005026, 9.911494],
          [-84.0017472, 9.9113672],
          [-84.0030914, 9.9113324],
          [-84.0038849, 9.9112602],
          [-84.0040823, 9.9112194],
          [-84.004366, 9.911135],
          [-84.0046627, 9.9110028],
          [-84.005587, 9.9105714],
          [-84.0059506, 9.9104173],
          [-84.0063048, 9.9102815],
          [-84.0066221, 9.9102227],
          [-84.0068953, 9.9102115],
          [-84.0071593, 9.9102187],
          [-84.0075614, 9.9102602],
          [-84.007886, 9.9103313],
          [-84.0081755, 9.9104576],
          [-84.0085133, 9.9106631],
          [-84.0088368, 9.9108768],
          [-84.0098582, 9.9116124],
          [-84.0110083, 9.9124494],
          [-84.0115461, 9.9128539],
          [-84.0118843, 9.9132405],
          [-84.0121654, 9.9136077],
          [-84.0127051, 9.9142739],
          [-84.0129186, 9.9144665],
          [-84.0131525, 9.914611],
          [-84.0133958, 9.9147103],
          [-84.0136411, 9.9147876],
          [-84.0138516, 9.9148197],
          [-84.0141068, 9.9148337],
          [-84.0147246, 9.9147936],
          [-84.0151757, 9.9148455],
          [-84.0156556, 9.9150049],
          [-84.0158445, 9.9151089],
          [-84.016374, 9.9155505],
          [-84.0165045, 9.9156664],
          [-84.0168981, 9.9160715],
          [-84.0172445, 9.9164094],
          [-84.017423, 9.9165551],
          [-84.0175785, 9.9166796],
          [-84.0177986, 9.9168377],
          [-84.017991, 9.9169387],
          [-84.0181155, 9.9169802],
          [-84.0182617, 9.9170051],
          [-84.0184234, 9.917013],
          [-84.0185958, 9.9169981],
          [-84.0190678, 9.9168544],
          [-84.019497, 9.9167783],
          [-84.0200463, 9.9168629],
          [-84.0204325, 9.9170742],
          [-84.0208473, 9.9174936],
          [-84.0210848, 9.9177337],
          [-84.0216427, 9.9182072],
          [-84.0220547, 9.918427],
          [-84.0223466, 9.9185538],
          [-84.0228107, 9.9186834],
          [-84.023492, 9.9190639],
          [-84.0238499, 9.9192772],
          [-84.0238997, 9.9193069],
          [-84.0244604, 9.9196352],
          [-84.0247733, 9.9197594],
          [-84.0251423, 9.9198192],
          [-84.0255766, 9.9198192],
          [-84.0259735, 9.9197364],
          [-84.0268235, 9.91958],
          [-84.0272484, 9.9195248],
          [-84.0275707, 9.9195202],
          [-84.0279349, 9.919603],
          [-84.0282919, 9.9197579],
          [-84.0287662, 9.9200446],
          [-84.0301829, 9.9208873],
          [-84.030715, 9.9212086],
          [-84.0311536, 9.9213888],
          [-84.0314327, 9.9214384],
          [-84.0316943, 9.9214568],
          [-84.0323249, 9.9214558],
          [-84.0328431, 9.921466],
          [-84.0331908, 9.9215253],
          [-84.0336197, 9.921769],
          [-84.0340096, 9.9221199],
          [-84.0348031, 9.9228788],
          [-84.034867, 9.9229399],
          [-84.0350499, 9.9231428],
          [-84.0353344, 9.9234597],
          [-84.0371297, 9.9252818],
          [-84.0391439, 9.9273253],
          [-84.0394379, 9.9276345],
          [-84.0417014, 9.9300262],
          [-84.0418368, 9.9304082],
          [-84.0419831, 9.9309168],
          [-84.0421986, 9.9312972],
          [-84.0424946, 9.93169],
          [-84.0426701, 9.9319024],
          [-84.0429751, 9.9321414],
          [-84.043285, 9.9323369],
          [-84.0435545, 9.9324705],
          [-84.0438187, 9.9325526],
          [-84.0439976, 9.9326027],
          [-84.0444387, 9.9326307],
          [-84.0448184, 9.932641],
          [-84.0448899, 9.9326429],
          [-84.0450655, 9.9326469],
          [-84.045777, 9.9326892],
          [-84.0467622, 9.9327383],
          [-84.0469136, 9.9327561],
          [-84.0477108, 9.9328589],
          [-84.0481679, 9.9329369],
          [-84.0493276, 9.9332136],
          [-84.0495966, 9.9332674],
          [-84.0503073, 9.9334745],
          [-84.051054, 9.9336837],
          [-84.0521666, 9.9339859],
          [-84.0523175, 9.9340324],
          [-84.05241899, 9.9340346],
          [-84.0528887, 9.9341796],
          [-84.0536339, 9.9344104],
          [-84.0537972, 9.9344573],
          [-84.0553234, 9.9349123],
          [-84.0554471, 9.9349514],
          [-84.0555179, 9.9349716],
          [-84.0559143, 9.935085],
          [-84.056271, 9.9351827],
          [-84.0566251, 9.9352778],
          [-84.0570515, 9.9353809],
          [-84.0573417, 9.9354263],
          [-84.0576149, 9.9354447],
          [-84.0577088, 9.9354472],
          [-84.0578346, 9.935449],
          [-84.0578951, 9.9354493],
          [-84.0582103, 9.935424],
          [-84.0585294, 9.9353703],
          [-84.0599349, 9.934974],
          [-84.0607128, 9.9347494],
          [-84.0612067, 9.9346013],
          [-84.0613648, 9.9345539],
          [-84.0621665, 9.9343135],
          [-84.0635476, 9.9339051],
          [-84.0637196, 9.93386],
          [-84.0643327, 9.9336919],
          [-84.0648111, 9.9335883],
          [-84.0649459, 9.9335683],
          [-84.0650526, 9.9335552],
          [-84.0653349, 9.9335423],
          [-84.0656888, 9.9335718],
          [-84.0661287, 9.9336275],
          [-84.066215, 9.9336442],
          [-84.0662543, 9.9336536],
          [-84.0666193, 9.9337832],
          [-84.0670711, 9.9340078],
          [-84.0672424, 9.9340801],
          [-84.0674254, 9.9341662],
          [-84.0677596, 9.9343165],
          [-84.067946, 9.9343972],
          [-84.0686116, 9.9347342],
          [-84.068614, 9.9347298],
          [-84.0687269, 9.9347849],
          [-84.0689369, 9.9348741]
        ]
      },
      "properties": {
        "shape_id": "cartago_atlantico"
      }
    },
    {
      "type": "Feature",
      "geometry": {
        "type": "LineString",
        "coordinates": [
          [-84.0371297, 9.9252818],
          [-84.0391439, 9.9273253],
          [-84.0394379, 9.9276345],
          [-84.0417014, 9.9300262],
          [-84.0418368, 9.9304082],
          [-84.0419831, 9.9309168],
          [-84.0421986, 9.9312972],
          [-84.0424946, 9.93169],
          [-84.0426701, 9.9319024],
          [-84.0429751, 9.9321414],
          [-84.043285, 9.9323369],
          [-84.0435545, 9.9324705],
          [-84.0438187, 9.9325526],
          [-84.0439976, 9.9326027],
          [-84.0444387, 9.9326307],
          [-84.0448184, 9.932641],
          [-84.0448899, 9.9326429],
          [-84.0450655, 9.9326469],
          [-84.045777, 9.9326892],
          [-84.0467622, 9.9327383],
          [-84.0469136, 9.9327561],
          [-84.0477108, 9.9328589],
          [-84.0481679, 9.9329369],
          [-84.0493276, 9.9332136],
          [-84.0495966, 9.9332674],
          [-84.0503073, 9.9334745],
          [-84.051054, 9.9336837],
          [-84.0521666, 9.9339859],
          [-84.0523175, 9.9340324],
          [-84.05241899, 9.9340346],
          [-84.0528887, 9.9341796],
          [-84.0536339, 9.9344104],
          [-84.0537972, 9.9344573],
          [-84.0553234, 9.9349123],
          [-84.0554471, 9.9349514],
          [-84.0555179, 9.9349716],
          [-84.0559143, 9.935085],
          [-84.056271, 9.9351827],
          [-84.0566251, 9.9352778],
          [-84.0570515, 9.9353809],
          [-84.0573417, 9.9354263],
          [-84.0576149, 9.9354447],
          [-84.0577088, 9.9354472],
          [-84.0578346, 9.935449],
          [-84.0578951, 9.9354493],
          [-84.0582103, 9.935424],
          [-84.0585294, 9.9353703],
          [-84.0599349, 9.934974],
          [-84.0607128, 9.9347494],
          [-84.0612067, 9.9346013],
          [-84.0613648, 9.9345539],
          [-84.0621665, 9.9343135],
          [-84.0635476, 9.9339051],
          [-84.0637196, 9.93386],
          [-84.0643327, 9.9336919],
          [-84.0648111, 9.9335883],
          [-84.0649459, 9.9335683],
          [-84.0650526, 9.9335552],
          [-84.0653349, 9.9335423],
          [-84.0656888, 9.9335718],
          [-84.0661287, 9.9336275],
          [-84.066215, 9.9336442],
          [-84.0662543, 9.9336536],
          [-84.0666193, 9.9337832],
          [-84.0670711, 9.9340078],
          [-84.0672424, 9.9340801],
          [-84.0674254, 9.9341662],
          [-84.0677596, 9.9343165],
          [-84.067946, 9.9343972],
          [-84.0686116, 9.9347342],
          [-84.068614, 9.9347298],
          [-84.0687269, 9.9347849],
          [-84.0689369, 9.9348741],
          [-84.0687269, 9.9347849],
          [-84.0686116, 9.9347342],
          [-84.067946, 9.9343972],
          [-84.0677596, 9.9343165],
          [-84.0674254, 9.9341662],
          [-84.0672424, 9.9340801],
          [-84.0670711, 9.9340078],
          [-84.0666193, 9.9337832],
          [-84.0662543, 9.9336536],
          [-84.066215, 9.9336442],
          [-84.0661287, 9.9336275],
          [-84.0656888, 9.9335718],
          [-84.0653349, 9.9335423],
          [-84.0650526, 9.9335552],
          [-84.0649459, 9.9335683],
          [-84.0648111, 9.9335883],
          [-84.0643327, 9.9336919],
          [-84.0637196, 9.93386],
          [-84.0635476, 9.9339051],
          [-84.0632555, 9.9338934],
          [-84.0630543, 9.9338538],
          [-84.0628666, 9.9337772],
          [-84.0626734, 9.9336266],
          [-84.0625742, 9.933513],
          [-84.0624991, 9.9333914],
          [-84.0624012, 9.9331517],
          [-84.0623865, 9.9328815],
          [-84.0624294, 9.9326226],
          [-84.0625098, 9.9324482],
          [-84.0626895, 9.9322025],
          [-84.062939, 9.9319727],
          [-84.0630999, 9.9318829],
          [-84.0632935, 9.9317909],
          [-84.0638305, 9.9317982],
          [-84.0643195, 9.9318601],
          [-84.0646937, 9.9319546],
          [-84.0650798, 9.9320424],
          [-84.0652956, 9.9320656],
          [-84.0653951, 9.932069],
          [-84.0654868, 9.9320708],
          [-84.0656278, 9.932034],
          [-84.065646, 9.9320171],
          [-84.0657133, 9.9319766],
          [-84.0658726, 9.9318825],
          [-84.0663747, 9.9315591],
          [-84.0665335, 9.9314579],
          [-84.0667109, 9.9313728],
          [-84.0669606, 9.9313013],
          [-84.0672643, 9.9312486],
          [-84.0675936, 9.9312532],
          [-84.0678878, 9.9313153],
          [-84.0681863, 9.9314307],
          [-84.0692549, 9.9319769],
          [-84.0693697, 9.932044],
          [-84.0695759, 9.9321114],
          [-84.0700585, 9.932163],
          [-84.0701113, 9.9321644],
          [-84.0705146, 9.9321482],
          [-84.0707967, 9.9321183],
          [-84.071038, 9.932063],
          [-84.0712178, 9.9320045],
          [-84.0715658, 9.9318228],
          [-84.0718639, 9.931663],
          [-84.0725767, 9.9312756],
          [-84.0727059, 9.9312068],
          [-84.0727575, 9.9311851],
          [-84.0728796, 9.9311337],
          [-84.0729907, 9.9309536],
          [-84.0730492, 9.9308689],
          [-84.0731224, 9.9307374],
          [-84.0731681, 9.9306293],
          [-84.0731828, 9.9301951],
          [-84.0732285, 9.9294115],
          [-84.0732596, 9.928865],
          [-84.0732729, 9.9283552],
          [-84.073298, 9.9278973],
          [-84.0733182, 9.9273891],
          [-84.073331, 9.9268467],
          [-84.0733682, 9.9261057],
          [-84.073426, 9.9259232],
          [-84.0734821, 9.9257754],
          [-84.0735136, 9.9257026],
          [-84.0735292, 9.9256595],
          [-84.0736507, 9.9254993],
          [-84.0738048, 9.9253187],
          [-84.073948, 9.9252034],
          [-84.0741406, 9.925085],
          [-84.0743336, 9.9250258],
          [-84.0746097, 9.9249434],
          [-84.0747599, 9.9249291],
          [-84.0748187, 9.9249314],
          [-84.0756998, 9.9250057],
          [-84.076611, 9.9250817],
          [-84.0771475, 9.9251296],
          [-84.0777445, 9.9251862],
          [-84.0791117, 9.9253116],
          [-84.0791463, 9.9253156],
          [-84.0797588, 9.9253651],
          [-84.0799658, 9.9253866],
          [-84.0802126, 9.92540567],
          [-84.0803734, 9.925431],
          [-84.0803725, 9.92541693],
          [-84.0803989, 9.9253576],
          [-84.0806108, 9.9253523],
          [-84.0808722, 9.92537369],
          [-84.0811014, 9.9253945],
          [-84.0836314, 9.9257294],
          [-84.0844052, 9.9258004],
          [-84.084703, 9.9258029],
          [-84.0850864, 9.9257564],
          [-84.0853768, 9.9256818],
          [-84.0856152, 9.9255773],
          [-84.0861128, 9.9253837],
          [-84.0864369, 9.9252137],
          [-84.0868748, 9.9250369],
          [-84.0870523, 9.9249764],
          [-84.0874217, 9.924989],
          [-84.0892389, 9.9252757],
          [-84.0898437, 9.9253976],
          [-84.0904344, 9.9255076],
          [-84.0906049, 9.9255816],
          [-84.0907566, 9.9256598],
          [-84.0909738, 9.9258116],
          [-84.0910545, 9.9259238],
          [-84.0910992, 9.9259689],
          [-84.09114, 9.9260257],
          [-84.091254, 9.9261842],
          [-84.0914501, 9.9264878],
          [-84.0917519, 9.9269607],
          [-84.0918611, 9.9271319],
          [-84.0919248, 9.9273064],
          [-84.09210541, 9.92750186],
          [-84.0925688, 9.9282132],
          [-84.0927599, 9.928478],
          [-84.0930263, 9.9289052],
          [-84.0937125, 9.9299259],
          [-84.0939136, 9.9302116],
          [-84.0940513, 9.9303611],
          [-84.0942428, 9.9305382],
          [-84.0944314, 9.9306868],
          [-84.0946484, 9.9308313],
          [-84.0947073, 9.9308862],
          [-84.0962424, 9.9316947],
          [-84.096875, 9.9320095],
          [-84.0972603, 9.9321681],
          [-84.097488, 9.9322482],
          [-84.0977075, 9.9323003],
          [-84.0982177, 9.9323561],
          [-84.0982979, 9.9323627],
          [-84.0984424, 9.9323793],
          [-84.0987077, 9.9324057],
          [-84.1014158, 9.9326467],
          [-84.1014151, 9.9326563],
          [-84.1099142, 9.9334995],
          [-84.1103089, 9.9335372],
          [-84.1114284, 9.9336421],
          [-84.1119459, 9.9338354],
          [-84.1123171, 9.9341474],
          [-84.1125672, 9.9344853],
          [-84.1126877, 9.9347997],
          [-84.1126823, 9.9354121],
          [-84.1126616, 9.935707],
          [-84.1126773, 9.9358435],
          [-84.1127081, 9.9359513],
          [-84.1127559, 9.9360803],
          [-84.1128082, 9.9361774],
          [-84.1129085, 9.9363284],
          [-84.1130095, 9.9364527],
          [-84.1131141, 9.9365531],
          [-84.1132214, 9.9366324],
          [-84.1133448, 9.9366958],
          [-84.1135567, 9.9367592],
          [-84.1138061, 9.936775],
          [-84.1144471, 9.9367909],
          [-84.1150989, 9.936775],
          [-84.1154394, 9.9367621],
          [-84.1156674, 9.9367783],
          [-84.1157881, 9.9367966],
          [-84.1163195, 9.9368955],
          [-84.1167884, 9.9369684],
          [-84.1171187, 9.9370198],
          [-84.1174587, 9.9371184],
          [-84.1193668, 9.9378877],
          [-84.1196425, 9.9379988],
          [-84.1202932, 9.9382944],
          [-84.1205828, 9.9384759],
          [-84.1207226, 9.9386357],
          [-84.1213764, 9.9393833],
          [-84.1220143, 9.9398456],
          [-84.1227607, 9.9401587],
          [-84.1235259, 9.9402396],
          [-84.1237152, 9.9402355],
          [-84.1237316, 9.9403739],
          [-84.1273819, 9.9401569],
          [-84.130606, 9.9400121],
          [-84.1315596, 9.9399871],
          [-84.1324677, 9.9399541],
          [-84.1333511, 9.93996],
          [-84.1335334, 9.9399761],
          [-84.1342488, 9.9400393],
          [-84.1346063, 9.9400741],
          [-84.1351172, 9.940129],
          [-84.1351584, 9.9401334],
          [-84.1352011, 9.9401443],
          [-84.13544, 9.9402052],
          [-84.1357196, 9.9403245],
          [-84.1359072, 9.9404913],
          [-84.1360783, 9.9407277],
          [-84.1361102, 9.9407782],
          [-84.1361264, 9.9408153],
          [-84.1361434, 9.940893],
          [-84.1361691, 9.9410177],
          [-84.1361764, 9.941222],
          [-84.1361333, 9.9417103],
          [-84.1360214, 9.9426069],
          [-84.1359248, 9.9434921],
          [-84.1358682, 9.9439874],
          [-84.1358491, 9.9441934],
          [-84.1358265, 9.9444947],
          [-84.1358105, 9.9448979],
          [-84.1358763, 9.9451345],
          [-84.1359982, 9.945368],
          [-84.1362038, 9.9456094],
          [-84.136453, 9.9457991],
          [-84.1374652, 9.9461457],
          [-84.1380366, 9.9463192],
          [-84.1400628, 9.9469399],
          [-84.1421, 9.947496],
          [-84.1424505, 9.9476398],
          [-84.1427591, 9.9478248],
          [-84.1430724, 9.9481148],
          [-84.1433056, 9.9484209],
          [-84.1437941, 9.9493497],
          [-84.1440878, 9.9498597],
          [-84.1440943, 9.9498709],
          [-84.1448767, 9.9512865],
          [-84.1460022, 9.9535703],
          [-84.1461154, 9.9537889],
          [-84.1462897, 9.9539983],
          [-84.1465164, 9.9541803],
          [-84.1468083, 9.9543582],
          [-84.1485207, 9.955132],
          [-84.1497053, 9.9556673],
          [-84.1498934, 9.955766],
          [-84.1500782, 9.9559195],
          [-84.1502948, 9.956142],
          [-84.150403, 9.9562952],
          [-84.1504816, 9.9564417],
          [-84.1506836, 9.9569459],
          [-84.1507712, 9.957101],
          [-84.1508221, 9.9572144],
          [-84.1509105, 9.9573359],
          [-84.151059, 9.9575594],
          [-84.1511888, 9.9576935],
          [-84.15138, 9.9578623],
          [-84.1530463, 9.9588981],
          [-84.1544204, 9.9597493],
          [-84.1574295, 9.9616592],
          [-84.1577814, 9.9618536],
          [-84.1580303, 9.9619297],
          [-84.1586569, 9.9619551],
          [-84.1592577, 9.962048],
          [-84.1596532, 9.9622124],
          [-84.1598843, 9.9623777],
          [-84.161048, 9.9632479],
          [-84.1615065, 9.9641615],
          [-84.1617811, 9.9644151],
          [-84.1621588, 9.9646264],
          [-84.1629656, 9.9649645],
          [-84.1633237, 9.9650848],
          [-84.1639956, 9.9653196],
          [-84.1642531, 9.965514],
          [-84.164605, 9.965793],
          [-84.165695, 9.9661227],
          [-84.1660298, 9.9661565],
          [-84.1665791, 9.9660804],
          [-84.1669825, 9.9661819],
          [-84.1672538, 9.9664186],
          [-84.1676427, 9.9668652],
          [-84.1690682, 9.9678895],
          [-84.16936, 9.9681769],
          [-84.1694887, 9.9685488],
          [-84.1703642, 9.9704931],
          [-84.1706904, 9.9717358],
          [-84.1709307, 9.972243],
          [-84.1713255, 9.972784],
          [-84.1717632, 9.9731306],
          [-84.1722439, 9.9734011],
          [-84.172716, 9.973604],
          [-84.1731795, 9.9737139],
          [-84.1738318, 9.9737562],
          [-84.1753681, 9.9737731],
          [-84.1766642, 9.9739252],
          [-84.1776169, 9.9741112],
          [-84.1781875, 9.974361],
          [-84.1783121, 9.9744155],
          [-84.1783816, 9.9744622],
          [-84.1788529, 9.974779],
          [-84.1792219, 9.9750918],
          [-84.179488, 9.975413],
          [-84.1798155, 9.9757417],
          [-84.1799429, 9.9758695],
          [-84.1804407, 9.9763851],
          [-84.1806896, 9.9767571],
          [-84.1808184, 9.9770529],
          [-84.1808634, 9.9775433],
          [-84.1808959, 9.9778276],
          [-84.1809304, 9.9781399],
          [-84.1810097, 9.9784983],
          [-84.1810788, 9.9786304],
          [-84.1811784, 9.9787445],
          [-84.1813492, 9.9788886],
          [-84.1815179, 9.9789867],
          [-84.1816825, 9.9790388],
          [-84.1819793, 9.9790888],
          [-84.1822009, 9.9790969],
          [-84.1823513, 9.9790989],
          [-84.1824753, 9.9790928],
          [-84.1827172, 9.9790408],
          [-84.1833087, 9.9788586],
          [-84.1847012, 9.9785043],
          [-84.1848199, 9.9784986],
          [-84.1849399, 9.9784607]
        ]
      },
      "properties": {
        "shape_id": "cfia_metropoli"
      }
    },
    {
      "type": "Feature",
      "geometry": {
        "type": "LineString",
        "coordinates": [
          [-84.1170613, 9.9947002],
          [-84.1170597, 9.9946758],
          [-84.1166939, 9.9946617],
          [-84.1166941, 9.9946381],
          [-84.1161345, 9.9945773],
          [-84.1159633, 9.9945473],
          [-84.1158752, 9.9945191],
          [-84.1158126, 9.9945003],
          [-84.115744, 9.9944768],
          [-84.1150124, 9.9941559],
          [-84.1147968, 9.99407],
          [-84.1145987, 9.9940138],
          [-84.114399, 9.9939789],
          [-84.1142225, 9.9939685],
          [-84.1140367, 9.993987],
          [-84.1137678, 9.9940545],
          [-84.1134865, 9.9941433],
          [-84.1132916, 9.9941796],
          [-84.112975, 9.9941595],
          [-84.1128775, 9.994133],
          [-84.1126614, 9.9940166],
          [-84.1125424, 9.9939337],
          [-84.1124476, 9.9938449],
          [-84.1123789, 9.9937622],
          [-84.1122267, 9.9934746],
          [-84.1116738, 9.9919342],
          [-84.1116007, 9.991744],
          [-84.1115498, 9.9916039],
          [-84.1113456, 9.9910999],
          [-84.1112698, 9.9908846],
          [-84.1111621, 9.9905784],
          [-84.1109143, 9.9900494],
          [-84.1106426, 9.98963],
          [-84.1090156, 9.9874515],
          [-84.108677, 9.9869738],
          [-84.1077508, 9.9857048],
          [-84.1067613, 9.9843436],
          [-84.1057018, 9.9828911],
          [-84.1055626, 9.9827004],
          [-84.1034064, 9.9798045],
          [-84.1021781, 9.9781417],
          [-84.1020166, 9.9779544],
          [-84.1013367, 9.9773002],
          [-84.1009346, 9.9768907],
          [-84.1006516, 9.9764662],
          [-84.1004506, 9.9759971],
          [-84.1002575, 9.9752706],
          [-84.100166, 9.974934],
          [-84.1000102, 9.9743317],
          [-84.0999219, 9.974061],
          [-84.099624, 9.9734728],
          [-84.0991475, 9.9729738],
          [-84.0986159, 9.9724809],
          [-84.0982397, 9.9721402],
          [-84.098023, 9.9719462],
          [-84.0973432, 9.971351],
          [-84.0968391, 9.9709037],
          [-84.095552, 9.9696621],
          [-84.0952306, 9.9693772],
          [-84.0947839, 9.9689718],
          [-84.0928496, 9.967195],
          [-84.092532, 9.9669361],
          [-84.0920585, 9.9667561],
          [-84.0915702, 9.9667371],
          [-84.0911277, 9.9668381],
          [-84.0907639, 9.9668201],
          [-84.0904702, 9.9666795],
          [-84.0902639, 9.9663838],
          [-84.0899586, 9.9655498],
          [-84.0898096, 9.9651328],
          [-84.0897352, 9.9646934],
          [-84.0897501, 9.964202],
          [-84.0899511, 9.9638669],
          [-84.0902862, 9.963636],
          [-84.0907677, 9.9634493],
          [-84.090977, 9.963219],
          [-84.0910748, 9.9628906],
          [-84.0910861, 9.9625563],
          [-84.0910739, 9.9624647],
          [-84.0909123, 9.9621067],
          [-84.0906076, 9.9616526],
          [-84.0895209, 9.9599741],
          [-84.0887993, 9.958879],
          [-84.0881389, 9.9578283],
          [-84.0866788, 9.9555752],
          [-84.0866106, 9.9554726],
          [-84.086401, 9.9551575],
          [-84.0862465, 9.9549392],
          [-84.0861835, 9.9548351],
          [-84.0861228, 9.9547059],
          [-84.0857663, 9.9541497],
          [-84.0834022, 9.9505538],
          [-84.0832502, 9.9503989],
          [-84.0830634, 9.9502724],
          [-84.0827365, 9.9501321],
          [-84.0823582, 9.9500654],
          [-84.0820547, 9.95007],
          [-84.0817511, 9.9501022],
          [-84.0809782, 9.9502149],
          [-84.080682, 9.9502494],
          [-84.0804832, 9.9502586],
          [-84.0803011, 9.9502425],
          [-84.0800979, 9.950185],
          [-84.0799088, 9.9500746],
          [-84.0797337, 9.9499343],
          [-84.0794932, 9.9497871],
          [-84.0792807, 9.9496468],
          [-84.0789725, 9.9494813],
          [-84.0787086, 9.9494077],
          [-84.0784004, 9.9493594],
          [-84.0776168, 9.9492732],
          [-84.0773625, 9.9491962],
          [-84.0772049, 9.9491087],
          [-84.0771185, 9.949042],
          [-84.0770344, 9.9489592],
          [-84.076948, 9.9488465],
          [-84.0768523, 9.9486625],
          [-84.0766702, 9.9482876],
          [-84.0765604, 9.9481266],
          [-84.0764298, 9.948016],
          [-84.0762948, 9.9479147],
          [-84.0759043, 9.9477517],
          [-84.075484, 9.9476091],
          [-84.0751151, 9.9475056],
          [-84.0746527, 9.9473125],
          [-84.0743562, 9.9471308],
          [-84.0740713, 9.9469376],
          [-84.0735536, 9.9465374],
          [-84.0728059, 9.9460112],
          [-84.0728221, 9.9459928],
          [-84.072759, 9.945944],
          [-84.0724065, 9.9456862],
          [-84.0721975, 9.9455116],
          [-84.0719915, 9.9453678],
          [-84.0717715, 9.9451772],
          [-84.0714596, 9.9449365],
          [-84.0711887, 9.9447226],
          [-84.0708875, 9.9444673],
          [-84.0706101, 9.9442499],
          [-84.070299, 9.9439989],
          [-84.0700177, 9.9437767],
          [-84.0699144, 9.9436517],
          [-84.0698001, 9.9434626],
          [-84.0697142, 9.9432935],
          [-84.0696688, 9.9431503],
          [-84.0696418, 9.9430029],
          [-84.0696171, 9.9428555],
          [-84.0695793, 9.9426301],
          [-84.0695582, 9.9425046],
          [-84.0695514, 9.9423986],
          [-84.069535, 9.942091],
          [-84.0695319, 9.9416846],
          [-84.0695257, 9.9413881],
          [-84.0695186, 9.9409149],
          [-84.0695178, 9.9406373],
          [-84.0695387, 9.9403506],
          [-84.069542, 9.9402789],
          [-84.0695643, 9.9401405],
          [-84.0695967, 9.9400022],
          [-84.0697851, 9.9395146],
          [-84.0701113, 9.939014],
          [-84.0704572, 9.9385042],
          [-84.0706703, 9.938185],
          [-84.0709258, 9.9377861],
          [-84.0710849, 9.9375341],
          [-84.0712002, 9.9373571],
          [-84.0712699, 9.9371853],
          [-84.0713109, 9.9370595],
          [-84.0713229, 9.9369634],
          [-84.0713287, 9.9368683],
          [-84.0713281, 9.9368268],
          [-84.0713274, 9.9367661],
          [-84.071319, 9.9366569],
          [-84.0713123, 9.9365909],
          [-84.0713003, 9.9365213],
          [-84.0712741, 9.9364146],
          [-84.0712396, 9.9363145],
          [-84.071214, 9.9362484],
          [-84.0711793, 9.9361588],
          [-84.0711552, 9.9360964],
          [-84.071121, 9.9360274],
          [-84.0710408, 9.9359023],
          [-84.0709578, 9.9357955],
          [-84.0708946, 9.9357232],
          [-84.0708206, 9.935657],
          [-84.0706706, 9.9355726],
          [-84.0706013, 9.9355382],
          [-84.0702807, 9.935412],
          [-84.0697586, 9.9352055],
          [-84.0694177, 9.9350811],
          [-84.0692158, 9.9350004],
          [-84.0692169, 9.934998],
          [-84.0689488, 9.9348794],
          [-84.0689425, 9.9348801],
          [-84.0689369, 9.9348741]
        ]
      },
      "properties": {
        "shape_id": "heredia_atlantico"
      }
    },
    {
      "type": "Feature",
      "geometry": {
        "type": "LineString",
        "coordinates": [
          [-84.1170613, 9.9947002],
          [-84.1170597, 9.9946758],
          [-84.1166939, 9.9946617],
          [-84.1166941, 9.9946381],
          [-84.1161345, 9.9945773],
          [-84.1159633, 9.9945473],
          [-84.1158752, 9.9945191],
          [-84.1158126, 9.9945003],
          [-84.115744, 9.9944768],
          [-84.1150124, 9.9941559],
          [-84.1147968, 9.99407],
          [-84.1145987, 9.9940138],
          [-84.114399, 9.9939789],
          [-84.1142225, 9.9939685],
          [-84.1140367, 9.993987],
          [-84.1137678, 9.9940545],
          [-84.1134865, 9.9941433],
          [-84.1132916, 9.9941796],
          [-84.112975, 9.9941595],
          [-84.1128775, 9.994133],
          [-84.1126614, 9.9940166],
          [-84.1125424, 9.9939337],
          [-84.1124476, 9.9938449],
          [-84.1123789, 9.9937622],
          [-84.1122267, 9.9934746],
          [-84.1116738, 9.9919342],
          [-84.1116007, 9.991744],
          [-84.1115498, 9.9916039],
          [-84.1113456, 9.9910999],
          [-84.1112698, 9.9908846],
          [-84.1111621, 9.9905784],
          [-84.1109143, 9.9900494],
          [-84.1106426, 9.98963],
          [-84.1090156, 9.9874515],
          [-84.108677, 9.9869738],
          [-84.1077508, 9.9857048],
          [-84.1067613, 9.9843436],
          [-84.1057018, 9.9828911],
          [-84.1055626, 9.9827004],
          [-84.1034064, 9.9798045],
          [-84.1021781, 9.9781417],
          [-84.1020166, 9.9779544],
          [-84.1013367, 9.9773002],
          [-84.1009346, 9.9768907],
          [-84.1006516, 9.9764662],
          [-84.1004506, 9.9759971],
          [-84.1002575, 9.9752706],
          [-84.100166, 9.974934],
          [-84.1000102, 9.9743317],
          [-84.0999219, 9.974061],
          [-84.099624, 9.9734728],
          [-84.0991475, 9.9729738],
          [-84.0986159, 9.9724809],
          [-84.0982397, 9.9721402],
          [-84.098023, 9.9719462],
          [-84.0973432, 9.971351],
          [-84.0968391, 9.9709037],
          [-84.095552, 9.9696621],
          [-84.0952306, 9.9693772],
          [-84.0947839, 9.9689718],
          [-84.0928496, 9.967195],
          [-84.092532, 9.9669361],
          [-84.0920585, 9.9667561],
          [-84.0915702, 9.9667371],
          [-84.0911277, 9.9668381],
          [-84.0907639, 9.9668201],
          [-84.0904702, 9.9666795],
          [-84.0902639, 9.9663838],
          [-84.0899586, 9.9655498],
          [-84.0898096, 9.9651328],
          [-84.0897352, 9.9646934],
          [-84.0897501, 9.964202],
          [-84.0899511, 9.9638669],
          [-84.0902862, 9.963636],
          [-84.0907677, 9.9634493],
          [-84.090977, 9.963219],
          [-84.0910748, 9.9628906],
          [-84.0910861, 9.9625563],
          [-84.0910739, 9.9624647],
          [-84.0909123, 9.9621067],
          [-84.0906076, 9.9616526],
          [-84.0895209, 9.9599741],
          [-84.0887993, 9.958879],
          [-84.0881389, 9.9578283],
          [-84.0866788, 9.9555752],
          [-84.0866106, 9.9554726],
          [-84.086401, 9.9551575],
          [-84.0862465, 9.9549392],
          [-84.0861835, 9.9548351],
          [-84.0861228, 9.9547059],
          [-84.0857663, 9.9541497],
          [-84.0834022, 9.9505538],
          [-84.0832502, 9.9503989],
          [-84.0830634, 9.9502724],
          [-84.0827365, 9.9501321],
          [-84.0823582, 9.9500654],
          [-84.0820547, 9.95007],
          [-84.0817511, 9.9501022],
          [-84.0809782, 9.9502149],
          [-84.080682, 9.9502494],
          [-84.0804832, 9.9502586],
          [-84.0803011, 9.9502425],
          [-84.0800979, 9.950185],
          [-84.0799088, 9.9500746],
          [-84.0797337, 9.9499343],
          [-84.0794932, 9.9497871],
          [-84.0792807, 9.9496468],
          [-84.0789725, 9.9494813],
          [-84.0787086, 9.9494077],
          [-84.0784004, 9.9493594],
          [-84.0776168, 9.9492732],
          [-84.0773625, 9.9491962],
          [-84.0772049, 9.9491087],
          [-84.0771185, 9.949042],
          [-84.0770344, 9.9489592],
          [-84.076948, 9.9488465],
          [-84.0768523, 9.9486625],
          [-84.0766702, 9.9482876],
          [-84.0765604, 9.9481266],
          [-84.0764298, 9.948016],
          [-84.0762948, 9.9479147],
          [-84.0759043, 9.9477517],
          [-84.075484, 9.9476091],
          [-84.0751151, 9.9475056],
          [-84.0746527, 9.9473125],
          [-84.0743562, 9.9471308],
          [-84.0740713, 9.9469376],
          [-84.0735536, 9.9465374],
          [-84.0728059, 9.9460112],
          [-84.0728221, 9.9459928],
          [-84.072759, 9.945944],
          [-84.0724065, 9.9456862],
          [-84.0721975, 9.9455116],
          [-84.0719915, 9.9453678],
          [-84.0717715, 9.9451772],
          [-84.0714596, 9.9449365],
          [-84.0711887, 9.9447226],
          [-84.0708875, 9.9444673],
          [-84.0706101, 9.9442499],
          [-84.070299, 9.9439989],
          [-84.0700177, 9.9437767],
          [-84.0699144, 9.9436517],
          [-84.0698001, 9.9434626],
          [-84.0697142, 9.9432935],
          [-84.0696688, 9.9431503],
          [-84.0696418, 9.9430029],
          [-84.0696171, 9.9428555],
          [-84.0695793, 9.9426301],
          [-84.0695582, 9.9425046],
          [-84.0695514, 9.9423986],
          [-84.069535, 9.942091],
          [-84.0695319, 9.9416846],
          [-84.0695257, 9.9413881],
          [-84.0695186, 9.9409149],
          [-84.0695178, 9.9406373],
          [-84.0695387, 9.9403506],
          [-84.069542, 9.9402789],
          [-84.0695643, 9.9401405],
          [-84.0695967, 9.9400022],
          [-84.0697851, 9.9395146],
          [-84.0701113, 9.939014],
          [-84.0704572, 9.9385042],
          [-84.0706703, 9.938185],
          [-84.0709258, 9.9377861],
          [-84.0710849, 9.9375341],
          [-84.0712002, 9.9373571],
          [-84.0712699, 9.9371853],
          [-84.0713109, 9.9370595],
          [-84.0713229, 9.9369634],
          [-84.0713287, 9.9368683],
          [-84.0713281, 9.9368268],
          [-84.0713274, 9.9367661],
          [-84.071319, 9.9366569],
          [-84.0713123, 9.9365909],
          [-84.0713003, 9.9365213],
          [-84.0712741, 9.9364146],
          [-84.0712396, 9.9363145],
          [-84.071214, 9.9362484],
          [-84.0711793, 9.9361588],
          [-84.0711552, 9.9360964],
          [-84.071121, 9.9360274],
          [-84.0710408, 9.9359023],
          [-84.0709578, 9.9357955],
          [-84.0708946, 9.9357232],
          [-84.0708206, 9.935657],
          [-84.0706706, 9.9355726],
          [-84.0706013, 9.9355382],
          [-84.0702807, 9.935412],
          [-84.0697586, 9.9352055],
          [-84.0694177, 9.9350811],
          [-84.0692158, 9.9350004],
          [-84.0692169, 9.934998],
          [-84.0689488, 9.9348794],
          [-84.0689425, 9.9348801],
          [-84.0689369, 9.9348741],
          [-84.0687269, 9.9347849],
          [-84.068614, 9.9347298],
          [-84.0686116, 9.9347342],
          [-84.067946, 9.9343972],
          [-84.0677596, 9.9343165],
          [-84.0674254, 9.9341662],
          [-84.0672424, 9.9340801],
          [-84.0670711, 9.9340078],
          [-84.0666193, 9.9337832],
          [-84.0662543, 9.9336536],
          [-84.066215, 9.9336442],
          [-84.0661287, 9.9336275],
          [-84.0656888, 9.9335718],
          [-84.0653349, 9.9335423],
          [-84.0650526, 9.9335552],
          [-84.0649459, 9.9335683],
          [-84.0648111, 9.9335883],
          [-84.0643327, 9.9336919],
          [-84.0637196, 9.93386],
          [-84.0635476, 9.9339051],
          [-84.0621665, 9.9343135],
          [-84.0613648, 9.9345539],
          [-84.0612067, 9.9346013],
          [-84.0607128, 9.9347494],
          [-84.0599349, 9.934974],
          [-84.0585294, 9.9353703],
          [-84.0582103, 9.935424],
          [-84.0578951, 9.9354493],
          [-84.0578346, 9.935449],
          [-84.0577088, 9.9354472],
          [-84.0576149, 9.9354447],
          [-84.0573417, 9.9354263],
          [-84.0570515, 9.9353809],
          [-84.0566251, 9.9352778],
          [-84.056271, 9.9351827],
          [-84.0559143, 9.935085],
          [-84.0555179, 9.9349716],
          [-84.0554471, 9.9349514],
          [-84.0553234, 9.9349123],
          [-84.0537972, 9.9344573],
          [-84.0536339, 9.9344104],
          [-84.0528887, 9.9341796],
          [-84.05241899, 9.9340346],
          [-84.0523175, 9.9340324],
          [-84.0521666, 9.9339859],
          [-84.051054, 9.9336837],
          [-84.0503073, 9.9334745],
          [-84.0495966, 9.9332674],
          [-84.0493276, 9.9332136],
          [-84.0481679, 9.9329369],
          [-84.0477108, 9.9328589],
          [-84.0469136, 9.9327561],
          [-84.0467622, 9.9327383],
          [-84.045777, 9.9326892],
          [-84.0450655, 9.9326469],
          [-84.0448899, 9.9326429],
          [-84.0448184, 9.932641],
          [-84.0444387, 9.9326307],
          [-84.0439976, 9.9326027],
          [-84.0438187, 9.9325526],
          [-84.0435545, 9.9324705]
        ]
      },
      "properties": {
        "shape_id": "heredia_ulatina"
      }
    },
    {
      "type": "Feature",
      "geometry": {
        "type": "LineString",
        "coordinates": [
          [-84.1499, 9.955766],
          [-84.1497, 9.955667],
          [-84.1485, 9.955132],
          [-84.1468, 9.954358],
          [-84.1465, 9.95418],
          [-84.1463, 9.953998],
          [-84.1461, 9.953789],
          [-84.146, 9.95357],
          [-84.1449, 9.951287],
          [-84.1441, 9.949871],
          [-84.1441, 9.94986],
          [-84.1438, 9.94935],
          [-84.1433, 9.948421],
          [-84.1431, 9.948115],
          [-84.1428, 9.947825],
          [-84.1425, 9.94764],
          [-84.1421, 9.947496],
          [-84.1401, 9.94694],
          [-84.138, 9.946319],
          [-84.1375, 9.946146],
          [-84.1365, 9.945799],
          [-84.1362, 9.945609],
          [-84.136, 9.945368],
          [-84.1359, 9.945135],
          [-84.1358, 9.944898],
          [-84.1358, 9.944495],
          [-84.1358, 9.944193],
          [-84.1359, 9.943987],
          [-84.1359, 9.943492],
          [-84.136, 9.942607],
          [-84.1361, 9.94171],
          [-84.1362, 9.941222],
          [-84.1362, 9.941018],
          [-84.1361, 9.940893],
          [-84.1361, 9.940815],
          [-84.1361, 9.940778],
          [-84.1361, 9.940728],
          [-84.1359, 9.940491],
          [-84.1357, 9.940325],
          [-84.1354, 9.940205],
          [-84.1352, 9.940144],
          [-84.1352, 9.940133],
          [-84.1351, 9.940129],
          [-84.1346, 9.940074],
          [-84.1342, 9.940039],
          [-84.1335, 9.939976],
          [-84.1334, 9.93996],
          [-84.1325, 9.939954],
          [-84.1316, 9.939987],
          [-84.1306, 9.940012],
          [-84.1274, 9.940157],
          [-84.1237, 9.940374],
          [-84.1237, 9.940236],
          [-84.1235, 9.94024],
          [-84.1228, 9.940159],
          [-84.122, 9.939846],
          [-84.1214, 9.939383],
          [-84.1207, 9.938636],
          [-84.1206, 9.938476],
          [-84.1203, 9.938294],
          [-84.1196, 9.937999],
          [-84.1194, 9.937888],
          [-84.1175, 9.937118],
          [-84.1171, 9.93702],
          [-84.1168, 9.936968],
          [-84.1163, 9.936896],
          [-84.1158, 9.936797],
          [-84.1157, 9.936778],
          [-84.1154, 9.936762],
          [-84.1151, 9.936775],
          [-84.1144, 9.936791],
          [-84.1138, 9.936775],
          [-84.1136, 9.936759],
          [-84.1133, 9.936696],
          [-84.1132, 9.936632],
          [-84.1131, 9.936553],
          [-84.113, 9.936453],
          [-84.1129, 9.936328],
          [-84.1128, 9.936177],
          [-84.1128, 9.93608],
          [-84.1127, 9.935951],
          [-84.1127, 9.935844],
          [-84.1127, 9.935707],
          [-84.1127, 9.935412],
          [-84.1127, 9.9348],
          [-84.1126, 9.934485],
          [-84.1123, 9.934147],
          [-84.1119, 9.933835],
          [-84.1114, 9.933642],
          [-84.1103, 9.933537],
          [-84.1099, 9.9335],
          [-84.1014, 9.932656],
          [-84.1014, 9.932647],
          [-84.0987, 9.932406],
          [-84.0984, 9.932379],
          [-84.0983, 9.932363],
          [-84.0982, 9.932356],
          [-84.0977, 9.9323],
          [-84.0975, 9.932248],
          [-84.0973, 9.932168],
          [-84.0969, 9.93201],
          [-84.0962, 9.931695],
          [-84.0947, 9.930886],
          [-84.0946, 9.930831],
          [-84.0944, 9.930687],
          [-84.0942, 9.930538],
          [-84.0941, 9.930361],
          [-84.0939, 9.930212],
          [-84.0937, 9.929926],
          [-84.093, 9.928905],
          [-84.0928, 9.928478],
          [-84.0926, 9.928213],
          [-84.0921, 9.927502],
          [-84.0919, 9.927306],
          [-84.0919, 9.927132],
          [-84.0918, 9.926961],
          [-84.0915, 9.926488],
          [-84.0913, 9.926184],
          [-84.0911, 9.926026],
          [-84.0911, 9.925969],
          [-84.0911, 9.925924],
          [-84.091, 9.925812],
          [-84.0908, 9.92566],
          [-84.0906, 9.925582],
          [-84.0904, 9.925508],
          [-84.0898, 9.925398],
          [-84.0892, 9.925276],
          [-84.0874, 9.924989],
          [-84.0871, 9.924976],
          [-84.0869, 9.925037],
          [-84.0864, 9.925214],
          [-84.0861, 9.925384],
          [-84.0856, 9.925577],
          [-84.0854, 9.925682],
          [-84.0851, 9.925756],
          [-84.0847, 9.925803],
          [-84.0844, 9.9258],
          [-84.0836, 9.925729],
          [-84.0811, 9.925395],
          [-84.07480289, 9.924944384],
          [-84.07466214, 9.924940991],
          [-84.07434785, 9.925006168],
          [-84.07410799, 9.925128376],
          [-84.07385159, 9.92531576],
          [-84.07363655, 9.925543881],
          [-84.07348767, 9.925772001],
          [-84.07337188, 9.926171212],
          [-84.07335533, 9.926708923],
          [-84.07319669, 9.93060551],
          [-84.07316352, 9.930726881],
          [-84.07309717, 9.930862256],
          [-84.07300239, 9.930997631],
          [-84.07284126, 9.931147011],
          [-84.0714053, 9.931926583],
          [-84.07116361, 9.932038617],
          [-84.07071865, 9.932139352],
          [-84.07042779, 9.932170688],
          [-84.07006648, 9.932166211],
          [-84.06984833, 9.932146063],
          [-84.06972108, 9.932132633],
          [-84.06957565, 9.932087867],
          [-84.06944385, 9.932034148],
          [-84.06916208, 9.931908802],
          [-84.06825767, 9.9314298],
          [-84.06817132, 9.931391749],
          [-84.06798044, 9.931326837],
          [-84.06777593, 9.931275356],
          [-84.06755096, 9.931235066],
          [-84.06725328, 9.931232828],
          [-84.06697606, 9.931268644],
          [-84.06659657, 9.931425326],
          [-84.06575579, 9.931937901],
          [-84.06556264, 9.932022956],
          [-84.06541494, 9.932061007],
          [-84.06523315, 9.932052054],
          [-84.06502636, 9.932007287],
          [-84.06451508, 9.931872987],
          [-84.06420149, 9.931808076],
          [-84.06390835, 9.931774501],
          [-84.0635675, 9.931752118],
          [-84.06329481, 9.931770024],
          [-84.06310848, 9.93185732],
          [-84.06291987, 9.931993857],
          [-84.06280171, 9.93209682],
          [-84.06264946, 9.932262455],
          [-84.06253584, 9.932445997],
          [-84.06244722, 9.932712356],
          [-84.06242223, 9.932893661],
          [-84.06241768, 9.933034674],
          [-84.06242677, 9.93313316],
          [-84.06244268, 9.933200309],
          [-84.06254266, 9.933446523],
          [-84.06257902, 9.93351591],
          [-84.06267219, 9.933630064],
          [-84.06284489, 9.933764362],
          [-84.06299259, 9.933824796],
          [-84.06318574, 9.933880754],
          [-84.06327437, 9.933894184],
          [-84.06343116, 9.933900899],
          [-84.06357659, 9.93388523],
          [-84.06370612, 9.933860609],
          [-84.06434011, 9.93368826],
          [-84.06481503, 9.933589774],
          [-84.06505363, 9.933556199],
          [-84.06533541, 9.933542769],
          [-84.06591032, 9.93359425],
          [-84.0661171, 9.933625586],
          [-84.06633298, 9.933670352],
          [-84.06648523, 9.933717357],
          [-84.06700333, 9.933947902],
          [-84.06713967, 9.934012812],
          [-84.06894393, 9.934861126]
        ]
      },
      "properties": {
        "shape_id": "metropoli_atlantico"
      }
    },
    {
      "type": "Feature",
      "geometry": {
        "type": "LineString",
        "coordinates": [
          [-84.1498934, 9.955766],
          [-84.1497053, 9.9556673],
          [-84.1485207, 9.955132],
          [-84.1468083, 9.9543582],
          [-84.1465164, 9.9541803],
          [-84.1462897, 9.9539983],
          [-84.1461154, 9.9537889],
          [-84.1460022, 9.9535703],
          [-84.1448767, 9.9512865],
          [-84.1440943, 9.9498709],
          [-84.1440878, 9.9498597],
          [-84.1437941, 9.9493497],
          [-84.1433056, 9.9484209],
          [-84.1430724, 9.9481148],
          [-84.1427591, 9.9478248],
          [-84.1424505, 9.9476398],
          [-84.1421, 9.947496],
          [-84.1400628, 9.9469399],
          [-84.1380366, 9.9463192],
          [-84.1374652, 9.9461457],
          [-84.136453, 9.9457991],
          [-84.1362038, 9.9456094],
          [-84.1359982, 9.945368],
          [-84.1358763, 9.9451345],
          [-84.1358105, 9.9448979],
          [-84.1358265, 9.9444947],
          [-84.1358491, 9.9441934],
          [-84.1358682, 9.9439874],
          [-84.1359248, 9.9434921],
          [-84.1360214, 9.9426069],
          [-84.1361333, 9.9417103],
          [-84.1361764, 9.941222],
          [-84.1361691, 9.9410177],
          [-84.1361434, 9.940893],
          [-84.1361264, 9.9408153],
          [-84.1361102, 9.9407782],
          [-84.1360783, 9.9407277],
          [-84.1359072, 9.9404913],
          [-84.1357196, 9.9403245],
          [-84.13544, 9.9402052],
          [-84.1352011, 9.9401443],
          [-84.1351584, 9.9401334],
          [-84.1351172, 9.940129],
          [-84.1346063, 9.9400741],
          [-84.1342488, 9.9400393],
          [-84.1335334, 9.9399761],
          [-84.1333511, 9.93996],
          [-84.1324677, 9.9399541],
          [-84.1315596, 9.9399871],
          [-84.130606, 9.9400121],
          [-84.1273819, 9.9401569],
          [-84.1237316, 9.9403739],
          [-84.1237152, 9.9402355],
          [-84.1235259, 9.9402396],
          [-84.1227607, 9.9401587],
          [-84.1220143, 9.9398456],
          [-84.1213764, 9.9393833],
          [-84.1207226, 9.9386357],
          [-84.1205828, 9.9384759],
          [-84.1202932, 9.9382944],
          [-84.1196425, 9.9379988],
          [-84.1193668, 9.9378877],
          [-84.1174587, 9.9371184],
          [-84.1171187, 9.9370198],
          [-84.1167884, 9.9369684],
          [-84.1163195, 9.9368955],
          [-84.1157881, 9.9367966],
          [-84.1156674, 9.9367783],
          [-84.1154394, 9.9367621],
          [-84.1150989, 9.936775],
          [-84.1144471, 9.9367909],
          [-84.1138061, 9.936775],
          [-84.1135567, 9.9367592],
          [-84.1133448, 9.9366958],
          [-84.1132214, 9.9366324],
          [-84.1131141, 9.9365531],
          [-84.1130095, 9.9364527],
          [-84.1129085, 9.9363284],
          [-84.1128082, 9.9361774],
          [-84.1127559, 9.9360803],
          [-84.1127081, 9.9359513],
          [-84.1126773, 9.9358435],
          [-84.1126616, 9.935707],
          [-84.1126823, 9.9354121],
          [-84.1126877, 9.9347997],
          [-84.1125672, 9.9344853],
          [-84.1123171, 9.9341474],
          [-84.1119459, 9.9338354],
          [-84.1114284, 9.9336421],
          [-84.1103089, 9.9335372],
          [-84.1099142, 9.9334995],
          [-84.1014151, 9.9326563],
          [-84.1014158, 9.9326467],
          [-84.0987077, 9.9324057],
          [-84.0984424, 9.9323793],
          [-84.0982979, 9.9323627],
          [-84.0982177, 9.9323561],
          [-84.0977075, 9.9323003],
          [-84.097488, 9.9322482],
          [-84.0972603, 9.9321681],
          [-84.096875, 9.9320095],
          [-84.0962424, 9.9316947],
          [-84.0947073, 9.9308862],
          [-84.0946484, 9.9308313],
          [-84.0944314, 9.9306868],
          [-84.0942428, 9.9305382],
          [-84.0940513, 9.9303611],
          [-84.0939136, 9.9302116],
          [-84.0937125, 9.9299259],
          [-84.0930263, 9.9289052],
          [-84.0927599, 9.928478],
          [-84.0925688, 9.9282132],
          [-84.09210541, 9.92750186],
          [-84.0919248, 9.9273064],
          [-84.0918611, 9.9271319],
          [-84.0917519, 9.9269607],
          [-84.0914501, 9.9264878],
          [-84.091254, 9.9261842],
          [-84.09114, 9.9260257],
          [-84.0910992, 9.9259689],
          [-84.0910545, 9.9259238],
          [-84.0909738, 9.9258116],
          [-84.0907566, 9.9256598],
          [-84.0906049, 9.9255816],
          [-84.0904344, 9.9255076],
          [-84.0898437, 9.9253976],
          [-84.0892389, 9.9252757],
          [-84.0874217, 9.924989],
          [-84.0870523, 9.9249764],
          [-84.0868748, 9.9250369],
          [-84.0864369, 9.9252137],
          [-84.0861128, 9.9253837],
          [-84.0856152, 9.9255773],
          [-84.0853768, 9.9256818],
          [-84.0850864, 9.9257564],
          [-84.084703, 9.9258029],
          [-84.0844052, 9.9258004],
          [-84.0836314, 9.9257294],
          [-84.0811014, 9.9253945],
          [-84.0808722, 9.92537369],
          [-84.0806108, 9.9253523],
          [-84.0803989, 9.9253576],
          [-84.0803725, 9.92541693],
          [-84.0803734, 9.925431],
          [-84.0802126, 9.92540567],
          [-84.0799658, 9.9253866],
          [-84.0797588, 9.9253651],
          [-84.0791463, 9.9253156],
          [-84.0791117, 9.9253116],
          [-84.0777445, 9.9251862],
          [-84.0771475, 9.9251296],
          [-84.076611, 9.9250817],
          [-84.0756998, 9.9250057],
          [-84.0748187, 9.9249314],
          [-84.0747599, 9.9249291],
          [-84.0746097, 9.9249434],
          [-84.0743336, 9.9250258],
          [-84.0741406, 9.925085],
          [-84.073948, 9.9252034],
          [-84.0738048, 9.9253187],
          [-84.0736507, 9.9254993],
          [-84.0735292, 9.9256595],
          [-84.0735136, 9.9257026],
          [-84.0734821, 9.9257754],
          [-84.073426, 9.9259232],
          [-84.0733682, 9.9261057],
          [-84.073331, 9.9268467],
          [-84.0733182, 9.9273891],
          [-84.073298, 9.9278973],
          [-84.0732729, 9.9283552],
          [-84.0732596, 9.928865],
          [-84.0732285, 9.9294115],
          [-84.0731828, 9.9301951],
          [-84.0731681, 9.9306293],
          [-84.0731224, 9.9307374],
          [-84.0730492, 9.9308689],
          [-84.0729907, 9.9309536],
          [-84.0728796, 9.9311337],
          [-84.0727575, 9.9311851],
          [-84.0727059, 9.9312068],
          [-84.0725767, 9.9312756],
          [-84.0718639, 9.931663],
          [-84.0715658, 9.9318228],
          [-84.0712178, 9.9320045],
          [-84.071038, 9.932063],
          [-84.0707967, 9.9321183],
          [-84.0705146, 9.9321482],
          [-84.0701113, 9.9321644],
          [-84.0700585, 9.932163],
          [-84.0695759, 9.9321114],
          [-84.0693697, 9.932044],
          [-84.0692549, 9.9319769],
          [-84.0681863, 9.9314307],
          [-84.0678878, 9.9313153],
          [-84.0675936, 9.9312532],
          [-84.0672643, 9.9312486],
          [-84.0669606, 9.9313013],
          [-84.0667109, 9.9313728],
          [-84.0665335, 9.9314579],
          [-84.0663747, 9.9315591],
          [-84.0658726, 9.9318825],
          [-84.0657133, 9.9319766],
          [-84.065646, 9.9320171],
          [-84.0656278, 9.932034],
          [-84.0654868, 9.9320708],
          [-84.0653951, 9.932069],
          [-84.0652956, 9.9320656],
          [-84.0650798, 9.9320424],
          [-84.0646937, 9.9319546],
          [-84.0643195, 9.9318601],
          [-84.0638305, 9.9317982],
          [-84.0632935, 9.9317909],
          [-84.0630999, 9.9318829],
          [-84.062939, 9.9319727],
          [-84.0626895, 9.9322025],
          [-84.0625098, 9.9324482],
          [-84.0624294, 9.9326226],
          [-84.0623865, 9.9328815],
          [-84.0624012, 9.9331517],
          [-84.0624991, 9.9333914],
          [-84.0625742, 9.933513],
          [-84.0626734, 9.9336266],
          [-84.0628666, 9.9337772],
          [-84.0630543, 9.9338538],
          [-84.0632555, 9.9338934],
          [-84.0635476, 9.9339051],
          [-84.0637196, 9.93386],
          [-84.0643327, 9.9336919],
          [-84.0648111, 9.9335883],
          [-84.0649459, 9.9335683],
          [-84.0650526, 9.9335552],
          [-84.0653349, 9.9335423],
          [-84.0656888, 9.9335718],
          [-84.0661287, 9.9336275],
          [-84.066215, 9.9336442],
          [-84.0662543, 9.9336536],
          [-84.0666193, 9.9337832],
          [-84.0670711, 9.9340078],
          [-84.0672424, 9.9340801],
          [-84.0674254, 9.9341662],
          [-84.0677596, 9.9343165],
          [-84.067946, 9.9343972],
          [-84.0686116, 9.9347342],
          [-84.0687269, 9.9347849],
          [-84.0689369, 9.9348741],
          [-84.0687269, 9.9347849],
          [-84.068614, 9.9347298],
          [-84.0686116, 9.9347342],
          [-84.067946, 9.9343972],
          [-84.0677596, 9.9343165],
          [-84.0674254, 9.9341662],
          [-84.0672424, 9.9340801],
          [-84.0670711, 9.9340078],
          [-84.0666193, 9.9337832],
          [-84.0662543, 9.9336536],
          [-84.066215, 9.9336442],
          [-84.0661287, 9.9336275],
          [-84.0656888, 9.9335718],
          [-84.0653349, 9.9335423],
          [-84.0650526, 9.9335552],
          [-84.0649459, 9.9335683],
          [-84.0648111, 9.9335883],
          [-84.0643327, 9.9336919],
          [-84.0637196, 9.93386],
          [-84.0635476, 9.9339051],
          [-84.0621665, 9.9343135],
          [-84.0613648, 9.9345539],
          [-84.0612067, 9.9346013],
          [-84.0607128, 9.9347494],
          [-84.0599349, 9.934974],
          [-84.0585294, 9.9353703],
          [-84.0582103, 9.935424],
          [-84.0578951, 9.9354493],
          [-84.0578346, 9.935449],
          [-84.0577088, 9.9354472],
          [-84.0576149, 9.9354447],
          [-84.0573417, 9.9354263],
          [-84.0570515, 9.9353809],
          [-84.0566251, 9.9352778],
          [-84.056271, 9.9351827],
          [-84.0559143, 9.935085],
          [-84.0555179, 9.9349716],
          [-84.0554471, 9.9349514],
          [-84.0553234, 9.9349123],
          [-84.0537972, 9.9344573],
          [-84.0536339, 9.9344104],
          [-84.0528887, 9.9341796],
          [-84.05241899, 9.9340346],
          [-84.0523175, 9.9340324],
          [-84.0521666, 9.9339859],
          [-84.051054, 9.9336837],
          [-84.0503073, 9.9334745],
          [-84.0495966, 9.9332674],
          [-84.0493276, 9.9332136],
          [-84.0481679, 9.9329369],
          [-84.0477108, 9.9328589],
          [-84.0469136, 9.9327561],
          [-84.0467622, 9.9327383],
          [-84.045777, 9.9326892],
          [-84.0450655, 9.9326469],
          [-84.0448899, 9.9326429],
          [-84.0448184, 9.932641],
          [-84.0444387, 9.9326307],
          [-84.0439976, 9.9326027],
          [-84.0438187, 9.9325526],
          [-84.0435545, 9.9324705],
          [-84.043285, 9.9323369],
          [-84.0429751, 9.9321414],
          [-84.0426701, 9.9319024],
          [-84.0424946, 9.93169],
          [-84.0421986, 9.9312972],
          [-84.0419831, 9.9309168],
          [-84.0418368, 9.9304082],
          [-84.0417014, 9.9300262],
          [-84.0394379, 9.9276345],
          [-84.0391439, 9.9273253],
          [-84.0371297, 9.9252818]
        ]
      },
      "properties": {
        "shape_id": "metropoli_cfia"
      }
    },
    {
      "type": "Feature",
      "geometry": {
        "type": "LineString",
        "coordinates": [
          [-84.1498934, 9.955766],
          [-84.1497053, 9.9556673],
          [-84.1485207, 9.955132],
          [-84.1468083, 9.9543582],
          [-84.1465164, 9.9541803],
          [-84.1462897, 9.9539983],
          [-84.1461154, 9.9537889],
          [-84.1460022, 9.9535703],
          [-84.1448767, 9.9512865],
          [-84.1440943, 9.9498709],
          [-84.1440878, 9.9498597],
          [-84.1437941, 9.9493497],
          [-84.1433056, 9.9484209],
          [-84.1430724, 9.9481148],
          [-84.1427591, 9.9478248],
          [-84.1424505, 9.9476398],
          [-84.1421, 9.947496],
          [-84.1400628, 9.9469399],
          [-84.1380366, 9.9463192],
          [-84.1374652, 9.9461457],
          [-84.136453, 9.9457991],
          [-84.1362038, 9.9456094],
          [-84.1359982, 9.945368],
          [-84.1358763, 9.9451345],
          [-84.1358105, 9.9448979],
          [-84.1358265, 9.9444947],
          [-84.1358491, 9.9441934],
          [-84.1358682, 9.9439874],
          [-84.1359248, 9.9434921],
          [-84.1360214, 9.9426069],
          [-84.1361333, 9.9417103],
          [-84.1361764, 9.941222],
          [-84.1361691, 9.9410177],
          [-84.1361434, 9.940893],
          [-84.1361264, 9.9408153],
          [-84.1361102, 9.9407782],
          [-84.1360783, 9.9407277],
          [-84.1359072, 9.9404913],
          [-84.1357196, 9.9403245],
          [-84.13544, 9.9402052],
          [-84.1352011, 9.9401443],
          [-84.1351584, 9.9401334],
          [-84.1351172, 9.940129],
          [-84.1346063, 9.9400741],
          [-84.1342488, 9.9400393],
          [-84.1335334, 9.9399761],
          [-84.1333511, 9.93996],
          [-84.1324677, 9.9399541],
          [-84.1315596, 9.9399871],
          [-84.130606, 9.9400121],
          [-84.1273819, 9.9401569],
          [-84.1237316, 9.9403739],
          [-84.1237152, 9.9402355],
          [-84.1235259, 9.9402396],
          [-84.1227607, 9.9401587],
          [-84.1220143, 9.9398456],
          [-84.1213764, 9.9393833],
          [-84.1207226, 9.9386357],
          [-84.1205828, 9.9384759],
          [-84.1202932, 9.9382944],
          [-84.1196425, 9.9379988],
          [-84.1193668, 9.9378877],
          [-84.1174587, 9.9371184],
          [-84.1171187, 9.9370198],
          [-84.1167884, 9.9369684],
          [-84.1163195, 9.9368955],
          [-84.1157881, 9.9367966],
          [-84.1156674, 9.9367783],
          [-84.1154394, 9.9367621],
          [-84.1150989, 9.936775],
          [-84.1144471, 9.9367909],
          [-84.1138061, 9.936775],
          [-84.1135567, 9.9367592],
          [-84.1133448, 9.9366958],
          [-84.1132214, 9.9366324],
          [-84.1131141, 9.9365531],
          [-84.1130095, 9.9364527],
          [-84.1129085, 9.9363284],
          [-84.1128082, 9.9361774],
          [-84.1127559, 9.9360803],
          [-84.1127081, 9.9359513],
          [-84.1126773, 9.9358435],
          [-84.1126616, 9.935707],
          [-84.1126823, 9.9354121],
          [-84.1126877, 9.9347997],
          [-84.1125672, 9.9344853],
          [-84.1123171, 9.9341474],
          [-84.1119459, 9.9338354],
          [-84.1114284, 9.9336421],
          [-84.1103089, 9.9335372],
          [-84.1099142, 9.9334995],
          [-84.1014151, 9.9326563],
          [-84.1014158, 9.9326467],
          [-84.0987077, 9.9324057],
          [-84.0984424, 9.9323793],
          [-84.0982979, 9.9323627],
          [-84.0982177, 9.9323561],
          [-84.0977075, 9.9323003],
          [-84.097488, 9.9322482],
          [-84.0972603, 9.9321681],
          [-84.096875, 9.9320095],
          [-84.0962424, 9.9316947],
          [-84.0947073, 9.9308862],
          [-84.0946484, 9.9308313],
          [-84.0944314, 9.9306868],
          [-84.0942428, 9.9305382],
          [-84.0940513, 9.9303611],
          [-84.0939136, 9.9302116],
          [-84.0937125, 9.9299259],
          [-84.0930263, 9.9289052],
          [-84.0927599, 9.928478],
          [-84.0925688, 9.9282132],
          [-84.09210541, 9.92750186],
          [-84.0919248, 9.9273064],
          [-84.0918611, 9.9271319],
          [-84.0917519, 9.9269607],
          [-84.0914501, 9.9264878],
          [-84.091254, 9.9261842],
          [-84.09114, 9.9260257],
          [-84.0910992, 9.9259689],
          [-84.0910545, 9.9259238],
          [-84.0909738, 9.9258116],
          [-84.0907566, 9.9256598],
          [-84.0906049, 9.9255816],
          [-84.0904344, 9.9255076],
          [-84.0898437, 9.9253976],
          [-84.0892389, 9.9252757],
          [-84.0874217, 9.924989],
          [-84.0870523, 9.9249764],
          [-84.0868748, 9.9250369],
          [-84.0864369, 9.9252137],
          [-84.0861128, 9.9253837],
          [-84.0856152, 9.9255773],
          [-84.0853768, 9.9256818],
          [-84.0850864, 9.9257564],
          [-84.084703, 9.9258029],
          [-84.0844052, 9.9258004],
          [-84.0836314, 9.9257294],
          [-84.0811014, 9.9253945]
        ]
      },
      "properties": {
        "shape_id": "metropoli_pacifico"
      }
    },
    {
      "type": "Feature",
      "geometry": {
        "type": "LineString",
        "coordinates": [
          [-83.9052364, 9.8612974],
          [-83.911, 9.864212],
          [-83.9115, 9.864335],
          [-83.9121, 9.864431],
          [-83.9124, 9.864472],
          [-83.9126, 9.864527],
          [-83.9127, 9.864575],
          [-83.9129, 9.864692],
          [-83.9132, 9.864991],
          [-83.9136, 9.865263],
          [-83.9138, 9.865439],
          [-83.914, 9.865535],
          [-83.9141, 9.865562],
          [-83.9144, 9.865598],
          [-83.9152, 9.865706],
          [-83.9163, 9.865871],
          [-83.9174036, 9.8659797],
          [-83.9182542, 9.8661078],
          [-83.9192025, 9.8662297],
          [-83.9196865, 9.8662858],
          [-83.9202869, 9.8663773],
          [-83.9203141, 9.8663846],
          [-83.9208962, 9.8664468],
          [-83.9213134, 9.8665066],
          [-83.9216934, 9.8665627],
          [-83.9218345, 9.8665822],
          [-83.9219, 9.866589],
          [-83.9220165, 9.8666005],
          [-83.9221428, 9.8666249],
          [-83.9222, 9.866634],
          [-83.9226, 9.866736],
          [-83.9229, 9.866793],
          [-83.9229689, 9.8668225],
          [-83.9229843, 9.866833],
          [-83.923, 9.866842],
          [-83.9230673, 9.8668939],
          [-83.9231, 9.866911],
          [-83.923134, 9.8669604],
          [-83.9234, 9.867232],
          [-83.9242, 9.86801],
          [-83.9246, 9.868515],
          [-83.9249, 9.868784],
          [-83.9249, 9.868861],
          [-83.925, 9.868962],
          [-83.9252, 9.869146],
          [-83.9254, 9.86941],
          [-83.9255, 9.869811],
          [-83.9256, 9.869922],
          [-83.9264, 9.871496],
          [-83.9267, 9.87191],
          [-83.9271, 9.872552],
          [-83.9274, 9.872909],
          [-83.928, 9.873833],
          [-83.9283, 9.874233],
          [-83.9283, 9.874322],
          [-83.9286, 9.874794],
          [-83.9289, 9.875285],
          [-83.9295, 9.876364],
          [-83.9297, 9.876674],
          [-83.9298, 9.877059],
          [-83.9299, 9.87721],
          [-83.93, 9.877466],
          [-83.93, 9.878005],
          [-83.93, 9.87847],
          [-83.93, 9.878673],
          [-83.93, 9.878957],
          [-83.9299, 9.880995],
          [-83.9298, 9.881964],
          [-83.9298, 9.882677],
          [-83.9297, 9.883486],
          [-83.9297, 9.883671],
          [-83.9297, 9.883792],
          [-83.9296, 9.885568],
          [-83.9295, 9.886582],
          [-83.9295, 9.886836],
          [-83.9296, 9.887064],
          [-83.9296, 9.887249],
          [-83.9296, 9.887391],
          [-83.9296, 9.887745],
          [-83.9296, 9.887944],
          [-83.9299, 9.888501],
          [-83.93, 9.888677],
          [-83.9302, 9.88886],
          [-83.9305, 9.889105],
          [-83.9309, 9.889299],
          [-83.9311, 9.889387],
          [-83.9314, 9.889463],
          [-83.9318, 9.889484],
          [-83.9322, 9.889447],
          [-83.9326, 9.889421],
          [-83.9327, 9.889399],
          [-83.9328, 9.889395],
          [-83.933, 9.889389],
          [-83.9333, 9.889521],
          [-83.934, 9.889801],
          [-83.9343, 9.889997],
          [-83.9345, 9.890265],
          [-83.9345, 9.890435],
          [-83.9345, 9.890546],
          [-83.9345, 9.890699],
          [-83.9346, 9.890842],
          [-83.9346, 9.891038],
          [-83.9346, 9.891164],
          [-83.9347, 9.891291],
          [-83.9347, 9.891413],
          [-83.9348, 9.891529],
          [-83.9349, 9.891661],
          [-83.935, 9.891719],
          [-83.9352, 9.891857],
          [-83.9353, 9.891915],
          [-83.9355, 9.891989],
          [-83.9356, 9.891994],
          [-83.9358, 9.891978],
          [-83.936, 9.891947],
          [-83.9361, 9.891931],
          [-83.9362, 9.891899],
          [-83.9364, 9.891862],
          [-83.9365, 9.891841],
          [-83.9368, 9.891783],
          [-83.9369, 9.891719],
          [-83.9371, 9.891682],
          [-83.9373, 9.891624],
          [-83.9374, 9.891577],
          [-83.9376, 9.891545],
          [-83.9377, 9.891519],
          [-83.9378, 9.891497],
          [-83.938, 9.891434],
          [-83.9381, 9.891418],
          [-83.9384, 9.891386],
          [-83.9387, 9.891392],
          [-83.9389, 9.891423],
          [-83.9392, 9.891508],
          [-83.9395, 9.891614],
          [-83.9398, 9.891756],
          [-83.9402, 9.891998],
          [-83.9406, 9.892306],
          [-83.941, 9.892702],
          [-83.9414, 9.893167],
          [-83.9416, 9.893458],
          [-83.9422, 9.894144],
          [-83.9424, 9.894467],
          [-83.9428, 9.895016],
          [-83.943, 9.895297],
          [-83.9431, 9.895677],
          [-83.9433, 9.8962],
          [-83.9435, 9.896698],
          [-83.9437, 9.897097],
          [-83.9438, 9.89731],
          [-83.9439, 9.897568],
          [-83.9442, 9.897955],
          [-83.9446, 9.898595],
          [-83.9451, 9.89943],
          [-83.9454, 9.900011],
          [-83.9456, 9.90028],
          [-83.9459, 9.900555],
          [-83.9462, 9.900872],
          [-83.9467, 9.901211],
          [-83.947, 9.901358],
          [-83.9475, 9.901503],
          [-83.9478, 9.901563],
          [-83.949, 9.901654],
          [-83.9491, 9.901658],
          [-83.9498, 9.901706],
          [-83.951, 9.90178],
          [-83.9518, 9.901811],
          [-83.9524, 9.90188],
          [-83.9528, 9.902032],
          [-83.9536, 9.902424],
          [-83.9543, 9.902947],
          [-83.9543, 9.902962],
          [-83.9547, 9.903179],
          [-83.9553, 9.903344],
          [-83.9559, 9.903601],
          [-83.9566, 9.90398],
          [-83.9571, 9.904466],
          [-83.9575, 9.905111],
          [-83.9576, 9.90561],
          [-83.9577, 9.906019],
          [-83.9578, 9.906404],
          [-83.9581, 9.906846],
          [-83.9585, 9.907268],
          [-83.9591, 9.907511],
          [-83.9603, 9.907974],
          [-83.9614, 9.908465],
          [-83.9622, 9.908904],
          [-83.9628, 9.909362],
          [-83.963, 9.909501],
          [-83.9637, 9.909936],
          [-83.9643, 9.910515],
          [-83.9648, 9.910985],
          [-83.9654, 9.911175],
          [-83.9665, 9.911441],
          [-83.9681, 9.911949],
          [-83.9691, 9.911892],
          [-83.9696, 9.911889],
          [-83.9699, 9.911917],
          [-83.97, 9.911931],
          [-83.9704, 9.91201],
          [-83.9715, 9.912635],
          [-83.9719, 9.912957],
          [-83.9723, 9.913295],
          [-83.9725, 9.913467],
          [-83.9733, 9.913988],
          [-83.9738, 9.914174],
          [-83.9744, 9.914331],
          [-83.9745, 9.914355],
          [-83.9753, 9.914513],
          [-83.9763, 9.914753],
          [-83.977, 9.914775],
          [-83.9771, 9.914775],
          [-83.9776, 9.914626],
          [-83.9777, 9.914612],
          [-83.9778, 9.914555],
          [-83.978, 9.914462],
          [-83.9785, 9.914272],
          [-83.9795, 9.913856],
          [-83.98, 9.913542],
          [-83.9805, 9.91314],
          [-83.9807, 9.912992],
          [-83.9811, 9.912836],
          [-83.9818, 9.912673],
          [-83.9819, 9.912661],
          [-83.9827, 9.912559],
          [-83.983, 9.912515],
          [-83.9835, 9.912382],
          [-83.984, 9.912158],
          [-83.984, 9.912111],
          [-83.9841, 9.912063],
          [-83.9846, 9.911749],
          [-83.9847, 9.911617],
          [-83.985, 9.911424],
          [-83.9853, 9.911213],
          [-83.9857, 9.911025],
          [-83.9863, 9.910736],
          [-83.9867, 9.910593],
          [-83.9869, 9.910574],
          [-83.987, 9.910508],
          [-83.9872, 9.910443],
          [-83.9875, 9.910356],
          [-83.9878, 9.910309],
          [-83.9881, 9.910283],
          [-83.9881, 9.910282],
          [-83.9887, 9.910238],
          [-83.9895, 9.910184],
          [-83.9901, 9.91031],
          [-83.9907, 9.910403],
          [-83.9914, 9.910691],
          [-83.9924, 9.911266],
          [-83.9927, 9.911452],
          [-83.9931, 9.911519],
          [-83.9949, 9.911435],
          [-83.996, 9.911442],
          [-83.9962, 9.911443],
          [-83.9977, 9.911875],
          [-83.9983, 9.912061],
          [-83.999, 9.912035],
          [-83.9995, 9.911891],
          [-84.0005, 9.911494],
          [-84.0017, 9.911367],
          [-84.0031, 9.911332],
          [-84.0039, 9.91126],
          [-84.0041, 9.911219],
          [-84.0044, 9.911135],
          [-84.0047, 9.911003],
          [-84.0056, 9.910571],
          [-84.006, 9.910417],
          [-84.0063, 9.910282],
          [-84.0066, 9.910223],
          [-84.0069, 9.910212],
          [-84.0072, 9.910219],
          [-84.0076, 9.91026],
          [-84.0079, 9.910331],
          [-84.0082, 9.910458],
          [-84.0085, 9.910663],
          [-84.0088, 9.910877],
          [-84.0099, 9.911612],
          [-84.011, 9.912449],
          [-84.0115, 9.912854],
          [-84.0119, 9.913241],
          [-84.0122, 9.913608],
          [-84.0127, 9.914274],
          [-84.0129, 9.914467],
          [-84.0132, 9.914611],
          [-84.0134, 9.91471],
          [-84.0136, 9.914788],
          [-84.0139, 9.91482],
          [-84.0141, 9.914834],
          [-84.0147, 9.914794],
          [-84.0152, 9.914846],
          [-84.0157, 9.915005],
          [-84.0158, 9.915109],
          [-84.0164, 9.915551],
          [-84.0165, 9.915666],
          [-84.0169, 9.916072],
          [-84.0172, 9.916409],
          [-84.0174, 9.916555],
          [-84.0176, 9.91668],
          [-84.0178, 9.916838],
          [-84.018, 9.916939],
          [-84.0181, 9.91698],
          [-84.0183, 9.917005],
          [-84.0184, 9.917013],
          [-84.0186, 9.916998],
          [-84.0191, 9.916854],
          [-84.0195, 9.916778],
          [-84.02, 9.916863],
          [-84.0204, 9.917074],
          [-84.0208, 9.917494],
          [-84.0211, 9.917734],
          [-84.0216, 9.918207],
          [-84.0221, 9.918427],
          [-84.0223, 9.918554],
          [-84.0228, 9.918683],
          [-84.0235, 9.919064],
          [-84.0238, 9.919277],
          [-84.0239, 9.919307],
          [-84.0245, 9.919635],
          [-84.0248, 9.919759],
          [-84.0251, 9.919819],
          [-84.0256, 9.919819],
          [-84.026, 9.919736],
          [-84.0268, 9.91958],
          [-84.0272, 9.919525],
          [-84.0276, 9.91952],
          [-84.0279, 9.919603],
          [-84.0283, 9.919758],
          [-84.0288, 9.920045],
          [-84.0302, 9.920887],
          [-84.0307, 9.921209],
          [-84.0312, 9.921389],
          [-84.0314, 9.921438],
          [-84.0317, 9.921457],
          [-84.0323, 9.921456],
          [-84.0328, 9.921466],
          [-84.0332, 9.921525],
          [-84.0336, 9.921769],
          [-84.034, 9.92212],
          [-84.0348, 9.922879],
          [-84.0349, 9.92294],
          [-84.035, 9.923143],
          [-84.0353, 9.92346],
          [-84.0371, 9.925282],
          [-84.0391, 9.927325],
          [-84.0394, 9.927635],
          [-84.0417, 9.930026],
          [-84.0418, 9.930408],
          [-84.042, 9.930917],
          [-84.0422, 9.931297],
          [-84.0425, 9.93169],
          [-84.0427, 9.931902],
          [-84.043, 9.932141],
          [-84.0433, 9.932337],
          [-84.0436, 9.932471],
          [-84.0438, 9.932553],
          [-84.044, 9.932603],
          [-84.0444, 9.932631],
          [-84.0448, 9.932641],
          [-84.0449, 9.932643],
          [-84.0451, 9.932647],
          [-84.0458, 9.932689],
          [-84.0468, 9.932738],
          [-84.0469, 9.932756],
          [-84.0477, 9.932859],
          [-84.0482, 9.932937],
          [-84.0493, 9.933214],
          [-84.0496, 9.933267],
          [-84.0503, 9.933475],
          [-84.0511, 9.933684],
          [-84.0522, 9.933986],
          [-84.0523, 9.934032],
          [-84.0524, 9.934035],
          [-84.0529, 9.93418],
          [-84.0536, 9.93441],
          [-84.0538, 9.934457],
          [-84.0553, 9.934912],
          [-84.0554, 9.934951],
          [-84.0555, 9.934972],
          [-84.0559, 9.935085],
          [-84.0563, 9.935183],
          [-84.0566, 9.935278],
          [-84.0571, 9.935381],
          [-84.0573, 9.935426],
          [-84.0576, 9.935445],
          [-84.0577, 9.935447],
          [-84.0578, 9.935449],
          [-84.0579, 9.935449],
          [-84.0582, 9.935424],
          [-84.0585, 9.93537],
          [-84.0599, 9.934974],
          [-84.0607, 9.934749],
          [-84.0612, 9.934601],
          [-84.0614, 9.934554],
          [-84.0622, 9.934314],
          [-84.0635, 9.933905],
          [-84.0637, 9.93386],
          [-84.0643, 9.933692],
          [-84.0648, 9.933588],
          [-84.0649, 9.933568],
          [-84.0651, 9.933555],
          [-84.0653, 9.933542],
          [-84.0657, 9.933572],
          [-84.0661, 9.933628],
          [-84.0662, 9.933644],
          [-84.0663, 9.933654],
          [-84.0666, 9.933783],
          [-84.0671, 9.934008],
          [-84.0672, 9.93408],
          [-84.0674, 9.934166],
          [-84.0678, 9.934317],
          [-84.0679, 9.934397],
          [-84.0686, 9.934734],
          [-84.0686, 9.93473],
          [-84.0687, 9.934785],
          [-84.0689, 9.934874]
        ]
      },
      "properties": {
        "shape_id": "oreamuno_atlantico"
      }
    },
    {
      "type": "Feature",
      "geometry": {
        "type": "LineString",
        "coordinates": [
          [-84.0811014, 9.9253945],
          [-84.0836314, 9.9257294],
          [-84.0844052, 9.9258004],
          [-84.084703, 9.9258029],
          [-84.0850864, 9.9257564],
          [-84.0853768, 9.9256818],
          [-84.0856152, 9.9255773],
          [-84.0861128, 9.9253837],
          [-84.0864369, 9.9252137],
          [-84.0868748, 9.9250369],
          [-84.0870523, 9.9249764],
          [-84.0874217, 9.924989],
          [-84.0892389, 9.9252757],
          [-84.0898437, 9.9253976],
          [-84.0904344, 9.9255076],
          [-84.0906049, 9.9255816],
          [-84.0907566, 9.9256598],
          [-84.0909738, 9.9258116],
          [-84.0910545, 9.9259238],
          [-84.0910992, 9.9259689],
          [-84.09114, 9.9260257],
          [-84.091254, 9.9261842],
          [-84.0914501, 9.9264878],
          [-84.0917519, 9.9269607],
          [-84.0918611, 9.9271319],
          [-84.0919248, 9.9273064],
          [-84.09210541, 9.92750186],
          [-84.0925688, 9.9282132],
          [-84.0927599, 9.928478],
          [-84.0930263, 9.9289052],
          [-84.0937125, 9.9299259],
          [-84.0939136, 9.9302116],
          [-84.0940513, 9.9303611],
          [-84.0942428, 9.9305382],
          [-84.0944314, 9.9306868],
          [-84.0946484, 9.9308313],
          [-84.0947073, 9.9308862],
          [-84.0962424, 9.9316947],
          [-84.096875, 9.9320095],
          [-84.0972603, 9.9321681],
          [-84.097488, 9.9322482],
          [-84.0977075, 9.9323003],
          [-84.0982177, 9.9323561],
          [-84.0982979, 9.9323627],
          [-84.0984424, 9.9323793],
          [-84.0987077, 9.9324057],
          [-84.1014158, 9.9326467],
          [-84.1014151, 9.9326563],
          [-84.1099142, 9.9334995],
          [-84.1103089, 9.9335372],
          [-84.1114284, 9.9336421],
          [-84.1119459, 9.9338354],
          [-84.1123171, 9.9341474],
          [-84.1125672, 9.9344853],
          [-84.1126877, 9.9347997],
          [-84.1126823, 9.9354121],
          [-84.1126616, 9.935707],
          [-84.1126773, 9.9358435],
          [-84.1127081, 9.9359513],
          [-84.1127559, 9.9360803],
          [-84.1128082, 9.9361774],
          [-84.1129085, 9.9363284],
          [-84.1130095, 9.9364527],
          [-84.1131141, 9.9365531],
          [-84.1132214, 9.9366324],
          [-84.1133448, 9.9366958],
          [-84.1135567, 9.9367592],
          [-84.1138061, 9.936775],
          [-84.1144471, 9.9367909],
          [-84.1150989, 9.936775],
          [-84.1154394, 9.9367621],
          [-84.1156674, 9.9367783],
          [-84.1157881, 9.9367966],
          [-84.1163195, 9.9368955],
          [-84.1167884, 9.9369684],
          [-84.1171187, 9.9370198],
          [-84.1174587, 9.9371184],
          [-84.1193668, 9.9378877],
          [-84.1196425, 9.9379988],
          [-84.1202932, 9.9382944],
          [-84.1205828, 9.9384759],
          [-84.1207226, 9.9386357],
          [-84.1213764, 9.9393833],
          [-84.1220143, 9.9398456],
          [-84.1227607, 9.9401587],
          [-84.1235259, 9.9402396],
          [-84.1237152, 9.9402355],
          [-84.1237316, 9.9403739],
          [-84.1273819, 9.9401569],
          [-84.130606, 9.9400121],
          [-84.1315596, 9.9399871],
          [-84.1324677, 9.9399541],
          [-84.1333511, 9.93996],
          [-84.1335334, 9.9399761],
          [-84.1342488, 9.9400393],
          [-84.1346063, 9.9400741],
          [-84.1351172, 9.940129],
          [-84.1351584, 9.9401334],
          [-84.1352011, 9.9401443],
          [-84.13544, 9.9402052],
          [-84.1357196, 9.9403245],
          [-84.1359072, 9.9404913],
          [-84.1360783, 9.9407277],
          [-84.1361102, 9.9407782],
          [-84.1361264, 9.9408153],
          [-84.1361434, 9.940893],
          [-84.1361691, 9.9410177],
          [-84.1361764, 9.941222],
          [-84.1361333, 9.9417103],
          [-84.1360214, 9.9426069],
          [-84.1359248, 9.9434921],
          [-84.1358682, 9.9439874],
          [-84.1358491, 9.9441934],
          [-84.1358265, 9.9444947],
          [-84.1358105, 9.9448979],
          [-84.1358763, 9.9451345],
          [-84.1359982, 9.945368],
          [-84.1362038, 9.9456094],
          [-84.136453, 9.9457991],
          [-84.1374652, 9.9461457],
          [-84.1380366, 9.9463192],
          [-84.1400628, 9.9469399],
          [-84.1421, 9.947496],
          [-84.1424505, 9.9476398],
          [-84.1427591, 9.9478248],
          [-84.1430724, 9.9481148],
          [-84.1433056, 9.9484209],
          [-84.1437941, 9.9493497],
          [-84.1440878, 9.9498597],
          [-84.1440943, 9.9498709],
          [-84.1448767, 9.9512865],
          [-84.1460022, 9.9535703],
          [-84.1461154, 9.9537889],
          [-84.1462897, 9.9539983],
          [-84.1465164, 9.9541803],
          [-84.1468083, 9.9543582],
          [-84.1485207, 9.955132],
          [-84.1497053, 9.9556673],
          [-84.1498934, 9.955766],
          [-84.1500782, 9.9559195],
          [-84.1502948, 9.956142],
          [-84.150403, 9.9562952],
          [-84.1504816, 9.9564417],
          [-84.1506836, 9.9569459],
          [-84.1507712, 9.957101],
          [-84.1508221, 9.9572144],
          [-84.1509105, 9.9573359],
          [-84.151059, 9.9575594],
          [-84.1511888, 9.9576935],
          [-84.15138, 9.9578623],
          [-84.1530463, 9.9588981],
          [-84.1544204, 9.9597493],
          [-84.1574295, 9.9616592],
          [-84.1577814, 9.9618536],
          [-84.1580303, 9.9619297],
          [-84.1586569, 9.9619551],
          [-84.1592577, 9.962048],
          [-84.1596532, 9.9622124],
          [-84.1598843, 9.9623777],
          [-84.161048, 9.9632479],
          [-84.1615065, 9.9641615],
          [-84.1617811, 9.9644151],
          [-84.1621588, 9.9646264],
          [-84.1629656, 9.9649645],
          [-84.1633237, 9.9650848],
          [-84.1639956, 9.9653196],
          [-84.1642531, 9.965514],
          [-84.164605, 9.965793],
          [-84.165695, 9.9661227],
          [-84.1660298, 9.9661565],
          [-84.1665791, 9.9660804],
          [-84.1669825, 9.9661819],
          [-84.1672538, 9.9664186],
          [-84.1676427, 9.9668652],
          [-84.1690682, 9.9678895],
          [-84.16936, 9.9681769],
          [-84.1694887, 9.9685488],
          [-84.1703642, 9.9704931],
          [-84.1706904, 9.9717358],
          [-84.1709307, 9.972243],
          [-84.1713255, 9.972784],
          [-84.1717632, 9.9731306],
          [-84.1722439, 9.9734011],
          [-84.172716, 9.973604],
          [-84.1731795, 9.9737139],
          [-84.1738318, 9.9737562],
          [-84.1753681, 9.9737731],
          [-84.1766642, 9.9739252],
          [-84.1776169, 9.9741112],
          [-84.1781875, 9.974361],
          [-84.1783121, 9.9744155],
          [-84.1783816, 9.9744622],
          [-84.1788529, 9.974779],
          [-84.1792219, 9.9750918],
          [-84.179488, 9.975413],
          [-84.1798155, 9.9757417],
          [-84.1799429, 9.9758695],
          [-84.1804407, 9.9763851],
          [-84.1806896, 9.9767571],
          [-84.1808184, 9.9770529],
          [-84.1808634, 9.9775433],
          [-84.1808959, 9.9778276],
          [-84.1809304, 9.9781399],
          [-84.1810097, 9.9784983],
          [-84.1810788, 9.9786304],
          [-84.1811784, 9.9787445],
          [-84.1813492, 9.9788886],
          [-84.1815179, 9.9789867],
          [-84.1816825, 9.9790388],
          [-84.1819793, 9.9790888],
          [-84.1822009, 9.9790969],
          [-84.1823513, 9.9790989],
          [-84.1824753, 9.9790928],
          [-84.1827172, 9.9790408],
          [-84.1833087, 9.9788586],
          [-84.1847012, 9.9785043],
          [-84.1848199, 9.9784986],
          [-84.1849399, 9.9784607]
        ]
      },
      "properties": {
        "shape_id": "pacifico_belen"
      }
    },
    {
      "type": "Feature",
      "geometry": {
        "type": "LineString",
        "coordinates": [
          [-84.0811014, 9.9253945],
          [-84.0836314, 9.9257294],
          [-84.0844052, 9.9258004],
          [-84.084703, 9.9258029],
          [-84.0850864, 9.9257564],
          [-84.0853768, 9.9256818],
          [-84.0856152, 9.9255773],
          [-84.0861128, 9.9253837],
          [-84.0864369, 9.9252137],
          [-84.0868748, 9.9250369],
          [-84.0870523, 9.9249764],
          [-84.0874217, 9.924989],
          [-84.0892389, 9.9252757],
          [-84.0898437, 9.9253976],
          [-84.0904344, 9.9255076],
          [-84.0906049, 9.9255816],
          [-84.0907566, 9.9256598],
          [-84.0909738, 9.9258116],
          [-84.0910545, 9.9259238],
          [-84.0910992, 9.9259689],
          [-84.09114, 9.9260257],
          [-84.091254, 9.9261842],
          [-84.0914501, 9.9264878],
          [-84.0917519, 9.9269607],
          [-84.0918611, 9.9271319],
          [-84.0919248, 9.9273064],
          [-84.09210541, 9.92750186],
          [-84.0925688, 9.9282132],
          [-84.0927599, 9.928478],
          [-84.0930263, 9.9289052],
          [-84.0937125, 9.9299259],
          [-84.0939136, 9.9302116],
          [-84.0940513, 9.9303611],
          [-84.0942428, 9.9305382],
          [-84.0944314, 9.9306868],
          [-84.0946484, 9.9308313],
          [-84.0947073, 9.9308862],
          [-84.0962424, 9.9316947],
          [-84.096875, 9.9320095],
          [-84.0972603, 9.9321681],
          [-84.097488, 9.9322482],
          [-84.0977075, 9.9323003],
          [-84.0982177, 9.9323561],
          [-84.0982979, 9.9323627],
          [-84.0984424, 9.9323793],
          [-84.0987077, 9.9324057],
          [-84.1014158, 9.9326467],
          [-84.1014151, 9.9326563],
          [-84.1099142, 9.9334995],
          [-84.1103089, 9.9335372],
          [-84.1114284, 9.9336421],
          [-84.1119459, 9.9338354],
          [-84.1123171, 9.9341474],
          [-84.1125672, 9.9344853],
          [-84.1126877, 9.9347997],
          [-84.1126823, 9.9354121],
          [-84.1126616, 9.935707],
          [-84.1126773, 9.9358435],
          [-84.1127081, 9.9359513],
          [-84.1127559, 9.9360803],
          [-84.1128082, 9.9361774],
          [-84.1129085, 9.9363284],
          [-84.1130095, 9.9364527],
          [-84.1131141, 9.9365531],
          [-84.1132214, 9.9366324],
          [-84.1133448, 9.9366958],
          [-84.1135567, 9.9367592],
          [-84.1138061, 9.936775],
          [-84.1144471, 9.9367909],
          [-84.1150989, 9.936775],
          [-84.1154394, 9.9367621],
          [-84.1156674, 9.9367783],
          [-84.1157881, 9.9367966],
          [-84.1163195, 9.9368955],
          [-84.1167884, 9.9369684],
          [-84.1171187, 9.9370198],
          [-84.1174587, 9.9371184],
          [-84.1193668, 9.9378877],
          [-84.1196425, 9.9379988],
          [-84.1202932, 9.9382944],
          [-84.1205828, 9.9384759],
          [-84.1207226, 9.9386357],
          [-84.1213764, 9.9393833],
          [-84.1220143, 9.9398456],
          [-84.1227607, 9.9401587],
          [-84.1235259, 9.9402396],
          [-84.1237152, 9.9402355],
          [-84.1237316, 9.9403739],
          [-84.1273819, 9.9401569],
          [-84.130606, 9.9400121],
          [-84.1315596, 9.9399871],
          [-84.1324677, 9.9399541],
          [-84.1333511, 9.93996],
          [-84.1335334, 9.9399761],
          [-84.1342488, 9.9400393],
          [-84.1346063, 9.9400741],
          [-84.1351172, 9.940129],
          [-84.1351584, 9.9401334],
          [-84.1352011, 9.9401443],
          [-84.13544, 9.9402052],
          [-84.1357196, 9.9403245],
          [-84.1359072, 9.9404913],
          [-84.1360783, 9.9407277],
          [-84.1361102, 9.9407782],
          [-84.1361264, 9.9408153],
          [-84.1361434, 9.940893],
          [-84.1361691, 9.9410177],
          [-84.1361764, 9.941222],
          [-84.1361333, 9.9417103],
          [-84.1360214, 9.9426069],
          [-84.1359248, 9.9434921],
          [-84.1358682, 9.9439874],
          [-84.1358491, 9.9441934],
          [-84.1358265, 9.9444947],
          [-84.1358105, 9.9448979],
          [-84.1358763, 9.9451345],
          [-84.1359982, 9.945368],
          [-84.1362038, 9.9456094],
          [-84.136453, 9.9457991],
          [-84.1374652, 9.9461457],
          [-84.1380366, 9.9463192],
          [-84.1400628, 9.9469399],
          [-84.1421, 9.947496],
          [-84.1424505, 9.9476398],
          [-84.1427591, 9.9478248],
          [-84.1430724, 9.9481148],
          [-84.1433056, 9.9484209],
          [-84.1437941, 9.9493497],
          [-84.1440878, 9.9498597],
          [-84.1440943, 9.9498709],
          [-84.1448767, 9.9512865],
          [-84.1460022, 9.9535703],
          [-84.1461154, 9.9537889],
          [-84.1462897, 9.9539983],
          [-84.1465164, 9.9541803],
          [-84.1468083, 9.9543582],
          [-84.1485207, 9.955132],
          [-84.1497053, 9.9556673],
          [-84.1498934, 9.955766]
        ]
      },
      "properties": {
        "shape_id": "pacifico_metropoli"
      }
    },
    {
      "type": "Feature",
      "geometry": {
        "type": "LineString",
        "coordinates": [
          [-83.8900487, 9.850602],
          [-83.8902571, 9.85071],
          [-83.8907285, 9.8509669],
          [-83.8915676, 9.8514268],
          [-83.8925966, 9.8519444],
          [-83.8930891, 9.8522128],
          [-83.8934378, 9.8524427],
          [-83.8937716, 9.8527338],
          [-83.8947777, 9.8538747],
          [-83.8956963, 9.8549535],
          [-83.8975798, 9.8571807],
          [-83.8981143, 9.8576812],
          [-83.8982719, 9.8577892],
          [-83.8987375, 9.8580442],
          [-83.9020123, 9.8596807],
          [-83.9051948, 9.8612774],
          [-83.911, 9.864212],
          [-83.9115, 9.864335],
          [-83.9121, 9.864431],
          [-83.9124, 9.864472],
          [-83.9126, 9.864527],
          [-83.9127, 9.864575],
          [-83.9129, 9.864692],
          [-83.9132, 9.864991],
          [-83.9136, 9.865263],
          [-83.9138, 9.865439],
          [-83.914, 9.865535],
          [-83.9141, 9.865562],
          [-83.9144, 9.865598],
          [-83.9151976, 9.8656715],
          [-83.9163057, 9.8658343],
          [-83.9173949, 9.8659718],
          [-83.9182991, 9.866113],
          [-83.919193, 9.866224],
          [-83.9196937, 9.8662899],
          [-83.9202478, 9.8663671],
          [-83.9202937, 9.8663765],
          [-83.9208937, 9.8664443],
          [-83.9213121, 9.8665045],
          [-83.9217115, 9.8665629],
          [-83.9218357, 9.8665798],
          [-83.9219, 9.866589],
          [-83.9220209, 9.8665997],
          [-83.9221357, 9.8666223],
          [-83.9222, 9.866634],
          [-83.9226, 9.866736],
          [-83.9229, 9.866793],
          [-83.9229602, 9.8668168],
          [-83.9229785, 9.8668301],
          [-83.923, 9.866842],
          [-83.9230606, 9.8668929],
          [-83.9230944, 9.8669224],
          [-83.9231484, 9.8669671],
          [-83.9234, 9.867232],
          [-83.9242, 9.86801],
          [-83.9246, 9.868515],
          [-83.9249, 9.868784],
          [-83.9249, 9.868861],
          [-83.925, 9.868962],
          [-83.9252, 9.869146],
          [-83.9254, 9.86941],
          [-83.9255, 9.869811],
          [-83.9256, 9.869922],
          [-83.9264, 9.871496],
          [-83.9267, 9.87191],
          [-83.9271, 9.872552],
          [-83.9274, 9.872909],
          [-83.928, 9.873833],
          [-83.9283, 9.874233],
          [-83.9283, 9.874322],
          [-83.9286, 9.874794],
          [-83.9289, 9.875285],
          [-83.9295, 9.876364],
          [-83.9297, 9.876674],
          [-83.9298, 9.877059],
          [-83.9299, 9.87721],
          [-83.93, 9.877466],
          [-83.93, 9.878005],
          [-83.93, 9.87847],
          [-83.93, 9.878673],
          [-83.93, 9.878957],
          [-83.9299, 9.880995],
          [-83.9298, 9.881964],
          [-83.9298, 9.882677],
          [-83.9297, 9.883486],
          [-83.9297, 9.883671],
          [-83.9297, 9.883792],
          [-83.9296, 9.885568],
          [-83.9295, 9.886582],
          [-83.9295, 9.886836],
          [-83.9296, 9.887064],
          [-83.9296, 9.887249],
          [-83.9296, 9.887391],
          [-83.9296, 9.887745],
          [-83.9296, 9.887944],
          [-83.9299, 9.888501],
          [-83.93, 9.888677],
          [-83.9302, 9.88886],
          [-83.9305, 9.889105],
          [-83.9309, 9.889299],
          [-83.9311, 9.889387],
          [-83.9314, 9.889463],
          [-83.9318, 9.889484],
          [-83.9322, 9.889447],
          [-83.9326, 9.889421],
          [-83.9327, 9.889399],
          [-83.9328, 9.889395],
          [-83.933, 9.889389],
          [-83.9333, 9.889521],
          [-83.934, 9.889801],
          [-83.9343, 9.889997],
          [-83.9345, 9.890265],
          [-83.9345, 9.890435],
          [-83.9345, 9.890546],
          [-83.9345, 9.890699],
          [-83.9346, 9.890842],
          [-83.9346, 9.891038],
          [-83.9346, 9.891164],
          [-83.9347, 9.891291],
          [-83.9347, 9.891413],
          [-83.9348, 9.891529],
          [-83.9349, 9.891661],
          [-83.935, 9.891719],
          [-83.9352, 9.891857],
          [-83.9353, 9.891915],
          [-83.9355, 9.891989],
          [-83.9356, 9.891994],
          [-83.9358, 9.891978],
          [-83.936, 9.891947],
          [-83.9361, 9.891931],
          [-83.9362, 9.891899],
          [-83.9364, 9.891862],
          [-83.9365, 9.891841],
          [-83.9368, 9.891783],
          [-83.9369, 9.891719],
          [-83.9371, 9.891682],
          [-83.9373, 9.891624],
          [-83.9374, 9.891577],
          [-83.9376, 9.891545],
          [-83.9377, 9.891519],
          [-83.9378, 9.891497],
          [-83.938, 9.891434],
          [-83.9381, 9.891418],
          [-83.9384, 9.891386],
          [-83.9387, 9.891392],
          [-83.9389, 9.891423],
          [-83.9392, 9.891508],
          [-83.9395, 9.891614],
          [-83.9398, 9.891756],
          [-83.9402, 9.891998],
          [-83.9406, 9.892306],
          [-83.941, 9.892702],
          [-83.9414, 9.893167],
          [-83.9416, 9.893458],
          [-83.9422, 9.894144],
          [-83.9424, 9.894467],
          [-83.9428, 9.895016],
          [-83.943, 9.895297],
          [-83.9431, 9.895677],
          [-83.9433, 9.8962],
          [-83.9435, 9.896698],
          [-83.9437, 9.897097],
          [-83.9438, 9.89731],
          [-83.9439, 9.897568],
          [-83.9442, 9.897955],
          [-83.9446, 9.898595],
          [-83.9451, 9.89943],
          [-83.9454, 9.900011],
          [-83.9456, 9.90028],
          [-83.9459, 9.900555],
          [-83.9462, 9.900872],
          [-83.9467, 9.901211],
          [-83.947, 9.901358],
          [-83.9475, 9.901503],
          [-83.9478, 9.901563],
          [-83.949, 9.901654],
          [-83.9491, 9.901658],
          [-83.9498, 9.901706],
          [-83.951, 9.90178],
          [-83.9518, 9.901811],
          [-83.9524, 9.90188],
          [-83.9528, 9.902032],
          [-83.9536, 9.902424],
          [-83.9543, 9.902947],
          [-83.9543, 9.902962],
          [-83.9547, 9.903179],
          [-83.9553, 9.903344],
          [-83.9559, 9.903601],
          [-83.9566, 9.90398],
          [-83.9571, 9.904466],
          [-83.9575, 9.905111],
          [-83.9576, 9.90561],
          [-83.9577, 9.906019],
          [-83.9578, 9.906404],
          [-83.9581, 9.906846],
          [-83.9585, 9.907268],
          [-83.9591, 9.907511],
          [-83.9603, 9.907974],
          [-83.9614, 9.908465],
          [-83.9622, 9.908904],
          [-83.9628, 9.909362],
          [-83.963, 9.909501],
          [-83.9637, 9.909936],
          [-83.9643, 9.910515],
          [-83.9648, 9.910985],
          [-83.9654, 9.911175],
          [-83.9665, 9.911441],
          [-83.9681, 9.911949],
          [-83.9691, 9.911892],
          [-83.9696, 9.911889],
          [-83.9699, 9.911917],
          [-83.97, 9.911931],
          [-83.9704, 9.91201],
          [-83.9715, 9.912635],
          [-83.9719, 9.912957],
          [-83.9723, 9.913295],
          [-83.9725, 9.913467],
          [-83.9733, 9.913988],
          [-83.9738, 9.914174],
          [-83.9744, 9.914331],
          [-83.9745, 9.914355],
          [-83.9753, 9.914513],
          [-83.9763, 9.914753],
          [-83.977, 9.914775],
          [-83.9771, 9.914775],
          [-83.9776, 9.914626],
          [-83.9777, 9.914612],
          [-83.9778, 9.914555],
          [-83.978, 9.914462],
          [-83.9785, 9.914272],
          [-83.9795, 9.913856],
          [-83.98, 9.913542],
          [-83.9805, 9.91314],
          [-83.9807, 9.912992],
          [-83.9811, 9.912836],
          [-83.9818, 9.912673],
          [-83.9819, 9.912661],
          [-83.9827, 9.912559],
          [-83.983, 9.912515],
          [-83.9835, 9.912382],
          [-83.984, 9.912158],
          [-83.984, 9.912111],
          [-83.9841, 9.912063],
          [-83.9846, 9.911749],
          [-83.9847, 9.911617],
          [-83.985, 9.911424],
          [-83.9853, 9.911213],
          [-83.9857, 9.911025],
          [-83.9863, 9.910736],
          [-83.9867, 9.910593],
          [-83.9869, 9.910574],
          [-83.987, 9.910508],
          [-83.9872, 9.910443],
          [-83.9875, 9.910356],
          [-83.9878, 9.910309],
          [-83.9881, 9.910283],
          [-83.9881, 9.910282],
          [-83.9887, 9.910238],
          [-83.9895, 9.910184],
          [-83.9901, 9.91031],
          [-83.9907, 9.910403],
          [-83.9914, 9.910691],
          [-83.9924, 9.911266],
          [-83.9927, 9.911452],
          [-83.9931, 9.911519],
          [-83.9949, 9.911435],
          [-83.996, 9.911442],
          [-83.9962, 9.911443],
          [-83.9977, 9.911875],
          [-83.9983, 9.912061],
          [-83.999, 9.912035],
          [-83.9995, 9.911891],
          [-84.0005, 9.911494],
          [-84.0017, 9.911367],
          [-84.0031, 9.911332],
          [-84.0039, 9.91126],
          [-84.0041, 9.911219],
          [-84.0044, 9.911135],
          [-84.0047, 9.911003],
          [-84.0056, 9.910571],
          [-84.006, 9.910417],
          [-84.0063, 9.910282],
          [-84.0066, 9.910223],
          [-84.0069, 9.910212],
          [-84.0072, 9.910219],
          [-84.0076, 9.91026],
          [-84.0079, 9.910331],
          [-84.0082, 9.910458],
          [-84.0085, 9.910663],
          [-84.0088, 9.910877],
          [-84.0099, 9.911612],
          [-84.011, 9.912449],
          [-84.0115, 9.912854],
          [-84.0119, 9.913241],
          [-84.0122, 9.913608],
          [-84.0127, 9.914274],
          [-84.0129, 9.914467],
          [-84.0132, 9.914611],
          [-84.0134, 9.91471],
          [-84.0136, 9.914788],
          [-84.0139, 9.91482],
          [-84.0141, 9.914834],
          [-84.0147, 9.914794],
          [-84.0152, 9.914846],
          [-84.0157, 9.915005],
          [-84.0158, 9.915109],
          [-84.0164, 9.915551],
          [-84.0165, 9.915666],
          [-84.0169, 9.916072],
          [-84.0172, 9.916409],
          [-84.0174, 9.916555],
          [-84.0176, 9.91668],
          [-84.0178, 9.916838],
          [-84.018, 9.916939],
          [-84.0181, 9.91698],
          [-84.0183, 9.917005],
          [-84.0184, 9.917013],
          [-84.0186, 9.916998],
          [-84.0191, 9.916854],
          [-84.0195, 9.916778],
          [-84.02, 9.916863],
          [-84.0204, 9.917074],
          [-84.0208, 9.917494],
          [-84.0211, 9.917734],
          [-84.0216, 9.918207],
          [-84.0221, 9.918427],
          [-84.0223, 9.918554],
          [-84.0228, 9.918683],
          [-84.0235, 9.919064],
          [-84.0238, 9.919277],
          [-84.0239, 9.919307],
          [-84.0245, 9.919635],
          [-84.0248, 9.919759],
          [-84.0251, 9.919819],
          [-84.0256, 9.919819],
          [-84.026, 9.919736],
          [-84.0268, 9.91958],
          [-84.0272, 9.919525],
          [-84.0276, 9.91952],
          [-84.0279, 9.919603],
          [-84.0283, 9.919758],
          [-84.0288, 9.920045],
          [-84.0302, 9.920887],
          [-84.0307, 9.921209],
          [-84.0312, 9.921389],
          [-84.0314, 9.921438],
          [-84.0317, 9.921457],
          [-84.0323, 9.921456],
          [-84.0328, 9.921466],
          [-84.0332, 9.921525],
          [-84.0336, 9.921769],
          [-84.034, 9.92212],
          [-84.0348, 9.922879],
          [-84.0349, 9.92294],
          [-84.035, 9.923143],
          [-84.0353, 9.92346],
          [-84.0371, 9.925282],
          [-84.0391, 9.927325],
          [-84.0394, 9.927635],
          [-84.0417, 9.930026],
          [-84.0418, 9.930408],
          [-84.042, 9.930917],
          [-84.0422, 9.931297],
          [-84.0425, 9.93169],
          [-84.0427, 9.931902],
          [-84.043, 9.932141],
          [-84.0433, 9.932337],
          [-84.0436, 9.932471],
          [-84.0438, 9.932553],
          [-84.044, 9.932603],
          [-84.0444, 9.932631],
          [-84.0448, 9.932641],
          [-84.0449, 9.932643],
          [-84.0451, 9.932647],
          [-84.0458, 9.932689],
          [-84.0468, 9.932738],
          [-84.0469, 9.932756],
          [-84.0477, 9.932859],
          [-84.0482, 9.932937],
          [-84.0493, 9.933214],
          [-84.0496, 9.933267],
          [-84.0503, 9.933475],
          [-84.0511, 9.933684],
          [-84.0522, 9.933986],
          [-84.0523, 9.934032],
          [-84.0524, 9.934035],
          [-84.0529, 9.93418],
          [-84.0536, 9.93441],
          [-84.0538, 9.934457],
          [-84.0553, 9.934912],
          [-84.0554, 9.934951],
          [-84.0555, 9.934972],
          [-84.0559, 9.935085],
          [-84.0563, 9.935183],
          [-84.0566, 9.935278],
          [-84.0571, 9.935381],
          [-84.0573, 9.935426],
          [-84.0576, 9.935445],
          [-84.0577, 9.935447],
          [-84.0578, 9.935449],
          [-84.0579, 9.935449],
          [-84.0582, 9.935424],
          [-84.0585, 9.93537],
          [-84.0599, 9.934974],
          [-84.0607, 9.934749],
          [-84.0612, 9.934601],
          [-84.0614, 9.934554],
          [-84.0622, 9.934314],
          [-84.0635, 9.933905],
          [-84.0637, 9.93386],
          [-84.0643, 9.933692],
          [-84.0648, 9.933588],
          [-84.0649, 9.933568],
          [-84.0651, 9.933555],
          [-84.0653, 9.933542],
          [-84.0657, 9.933572],
          [-84.0661, 9.933628],
          [-84.0662, 9.933644],
          [-84.0663, 9.933654],
          [-84.0666, 9.933783],
          [-84.0671, 9.934008],
          [-84.0672, 9.93408],
          [-84.0674, 9.934166],
          [-84.0678, 9.934317],
          [-84.0679, 9.934397],
          [-84.0686, 9.934734],
          [-84.0686, 9.93473],
          [-84.0687, 9.934785],
          [-84.0689, 9.934874]
        ]
      },
      "properties": {
        "shape_id": "paraiso_atlantico"
      }
    },
    {
      "type": "Feature",
      "geometry": {
        "type": "LineString",
        "coordinates": [
          [-84.0438187, 9.9325526],
          [-84.0439976, 9.9326027],
          [-84.0444387, 9.9326307],
          [-84.0448184, 9.932641],
          [-84.0448899, 9.9326429],
          [-84.0450655, 9.9326469],
          [-84.045777, 9.9326892],
          [-84.0467622, 9.9327383],
          [-84.0469136, 9.9327561],
          [-84.0477108, 9.9328589],
          [-84.0481679, 9.9329369],
          [-84.0493276, 9.9332136],
          [-84.0495966, 9.9332674],
          [-84.0503073, 9.9334745],
          [-84.051054, 9.9336837],
          [-84.0521666, 9.9339859],
          [-84.0523175, 9.9340324],
          [-84.05241899, 9.9340346],
          [-84.0528887, 9.9341796],
          [-84.0536339, 9.9344104],
          [-84.0537972, 9.9344573],
          [-84.0553234, 9.9349123],
          [-84.0554471, 9.9349514],
          [-84.0555179, 9.9349716],
          [-84.0559143, 9.935085],
          [-84.056271, 9.9351827],
          [-84.0566251, 9.9352778],
          [-84.0570515, 9.9353809],
          [-84.0573417, 9.9354263],
          [-84.0576149, 9.9354447],
          [-84.0577088, 9.9354472],
          [-84.0578346, 9.935449],
          [-84.0578951, 9.9354493],
          [-84.0582103, 9.935424],
          [-84.0585294, 9.9353703],
          [-84.0599349, 9.934974],
          [-84.0607128, 9.9347494],
          [-84.0612067, 9.9346013],
          [-84.0613648, 9.9345539],
          [-84.0621665, 9.9343135],
          [-84.0635476, 9.9339051],
          [-84.0637196, 9.93386],
          [-84.0643327, 9.9336919],
          [-84.0648111, 9.9335883],
          [-84.0649459, 9.9335683],
          [-84.0650526, 9.9335552],
          [-84.0653349, 9.9335423],
          [-84.0656888, 9.9335718],
          [-84.0661287, 9.9336275],
          [-84.066215, 9.9336442],
          [-84.0662543, 9.9336536],
          [-84.0666193, 9.9337832],
          [-84.0670711, 9.9340078],
          [-84.0672424, 9.9340801],
          [-84.0674254, 9.9341662],
          [-84.0677596, 9.9343165],
          [-84.067946, 9.9343972],
          [-84.0686116, 9.9347342],
          [-84.068614, 9.9347298],
          [-84.0687269, 9.9347849],
          [-84.0689369, 9.9348741],
          [-84.0689425, 9.9348801],
          [-84.0689488, 9.9348794],
          [-84.0692169, 9.934998],
          [-84.0692158, 9.9350004],
          [-84.0694177, 9.9350811],
          [-84.0697586, 9.9352055],
          [-84.0702807, 9.935412],
          [-84.0706013, 9.9355382],
          [-84.0706706, 9.9355726],
          [-84.0708206, 9.935657],
          [-84.0708946, 9.9357232],
          [-84.0709578, 9.9357955],
          [-84.0710408, 9.9359023],
          [-84.071121, 9.9360274],
          [-84.0711552, 9.9360964],
          [-84.0711793, 9.9361588],
          [-84.071214, 9.9362484],
          [-84.0712396, 9.9363145],
          [-84.0712741, 9.9364146],
          [-84.0713003, 9.9365213],
          [-84.0713123, 9.9365909],
          [-84.071319, 9.9366569],
          [-84.0713274, 9.9367661],
          [-84.0713281, 9.9368268],
          [-84.0713287, 9.9368683],
          [-84.0713229, 9.9369634],
          [-84.0713109, 9.9370595],
          [-84.0712699, 9.9371853],
          [-84.0712002, 9.9373571],
          [-84.0710849, 9.9375341],
          [-84.0709258, 9.9377861],
          [-84.0706703, 9.938185],
          [-84.0704572, 9.9385042],
          [-84.0701113, 9.939014],
          [-84.0697851, 9.9395146],
          [-84.0695967, 9.9400022],
          [-84.0695643, 9.9401405],
          [-84.069542, 9.9402789],
          [-84.0695387, 9.9403506],
          [-84.0695178, 9.9406373],
          [-84.0695186, 9.9409149],
          [-84.0695257, 9.9413881],
          [-84.0695319, 9.9416846],
          [-84.069535, 9.942091],
          [-84.0695514, 9.9423986],
          [-84.0695582, 9.9425046],
          [-84.0695793, 9.9426301],
          [-84.0696171, 9.9428555],
          [-84.0696418, 9.9430029],
          [-84.0696688, 9.9431503],
          [-84.0697142, 9.9432935],
          [-84.0698001, 9.9434626],
          [-84.0699144, 9.9436517],
          [-84.0700177, 9.9437767],
          [-84.070299, 9.9439989],
          [-84.0706101, 9.9442499],
          [-84.0708875, 9.9444673],
          [-84.0711887, 9.9447226],
          [-84.0714596, 9.9449365],
          [-84.0717715, 9.9451772],
          [-84.0719915, 9.9453678],
          [-84.0721975, 9.9455116],
          [-84.0724065, 9.9456862],
          [-84.072759, 9.945944],
          [-84.0728221, 9.9459928],
          [-84.0728059, 9.9460112],
          [-84.0735536, 9.9465374],
          [-84.0740713, 9.9469376],
          [-84.0743562, 9.9471308],
          [-84.0746527, 9.9473125],
          [-84.0751151, 9.9475056],
          [-84.075484, 9.9476091],
          [-84.0759043, 9.9477517],
          [-84.0762948, 9.9479147],
          [-84.0764298, 9.948016],
          [-84.0765604, 9.9481266],
          [-84.0766702, 9.9482876],
          [-84.0768523, 9.9486625],
          [-84.076948, 9.9488465],
          [-84.0770344, 9.9489592],
          [-84.0771185, 9.949042],
          [-84.0772049, 9.9491087],
          [-84.0773625, 9.9491962],
          [-84.0776168, 9.9492732],
          [-84.0784004, 9.9493594],
          [-84.0787086, 9.9494077],
          [-84.0789725, 9.9494813],
          [-84.0792807, 9.9496468],
          [-84.0794932, 9.9497871],
          [-84.0797337, 9.9499343],
          [-84.0799088, 9.9500746],
          [-84.0800979, 9.950185],
          [-84.0803011, 9.9502425],
          [-84.0804832, 9.9502586],
          [-84.080682, 9.9502494],
          [-84.0809782, 9.9502149],
          [-84.0817511, 9.9501022],
          [-84.0820547, 9.95007],
          [-84.0823582, 9.9500654],
          [-84.0827365, 9.9501321],
          [-84.0830634, 9.9502724],
          [-84.0832502, 9.9503989],
          [-84.0834022, 9.9505538],
          [-84.0857663, 9.9541497],
          [-84.0861228, 9.9547059],
          [-84.0861835, 9.9548351],
          [-84.0862465, 9.9549392],
          [-84.086401, 9.9551575],
          [-84.0866106, 9.9554726],
          [-84.0866788, 9.9555752],
          [-84.0881389, 9.9578283],
          [-84.0887993, 9.958879],
          [-84.0895209, 9.9599741],
          [-84.0906076, 9.9616526],
          [-84.0909123, 9.9621067],
          [-84.0910739, 9.9624647],
          [-84.0910861, 9.9625563],
          [-84.0910748, 9.9628906],
          [-84.090977, 9.963219],
          [-84.0907677, 9.9634493],
          [-84.0902862, 9.963636],
          [-84.0899511, 9.9638669],
          [-84.0897501, 9.964202],
          [-84.0897352, 9.9646934],
          [-84.0898096, 9.9651328],
          [-84.0899586, 9.9655498],
          [-84.0902639, 9.9663838],
          [-84.0904702, 9.9666795],
          [-84.0907639, 9.9668201],
          [-84.0911277, 9.9668381],
          [-84.0915702, 9.9667371],
          [-84.0920585, 9.9667561],
          [-84.092532, 9.9669361],
          [-84.0928496, 9.967195],
          [-84.0947839, 9.9689718],
          [-84.0952306, 9.9693772],
          [-84.095552, 9.9696621],
          [-84.0968391, 9.9709037],
          [-84.0973432, 9.971351],
          [-84.098023, 9.9719462],
          [-84.0982397, 9.9721402],
          [-84.0986159, 9.9724809],
          [-84.0991475, 9.9729738],
          [-84.099624, 9.9734728],
          [-84.0999219, 9.974061],
          [-84.1000102, 9.9743317],
          [-84.100166, 9.974934],
          [-84.1002575, 9.9752706],
          [-84.1004506, 9.9759971],
          [-84.1006516, 9.9764662],
          [-84.1009346, 9.9768907],
          [-84.1013367, 9.9773002],
          [-84.1020166, 9.9779544],
          [-84.1021781, 9.9781417],
          [-84.1034064, 9.9798045],
          [-84.1055626, 9.9827004],
          [-84.1057018, 9.9828911],
          [-84.1067613, 9.9843436],
          [-84.1077508, 9.9857048],
          [-84.108677, 9.9869738],
          [-84.1090156, 9.9874515],
          [-84.1106426, 9.98963],
          [-84.1109143, 9.9900494],
          [-84.1111621, 9.9905784],
          [-84.1112698, 9.9908846],
          [-84.1113456, 9.9910999],
          [-84.1115498, 9.9916039],
          [-84.1116007, 9.991744],
          [-84.1116738, 9.9919342],
          [-84.1122267, 9.9934746],
          [-84.1123789, 9.9937622],
          [-84.1124476, 9.9938449],
          [-84.1125424, 9.9939337],
          [-84.1126614, 9.9940166],
          [-84.1128775, 9.994133],
          [-84.112975, 9.9941595],
          [-84.1132916, 9.9941796],
          [-84.1134865, 9.9941433],
          [-84.1137678, 9.9940545],
          [-84.1140367, 9.993987],
          [-84.1142225, 9.9939685],
          [-84.114399, 9.9939789],
          [-84.1145987, 9.9940138],
          [-84.1147968, 9.99407],
          [-84.1150124, 9.9941559],
          [-84.115744, 9.9944768],
          [-84.1158126, 9.9945003],
          [-84.1158752, 9.9945191],
          [-84.1159633, 9.9945473],
          [-84.1161345, 9.9945773],
          [-84.1166941, 9.9946381],
          [-84.1166939, 9.9946617],
          [-84.1170597, 9.9946758],
          [-84.1170613, 9.9947002]
        ]
      },
      "properties": {
        "shape_id": "ulatina_heredia"
      }
    }
  ]
}
